"p_val","avg_log2FC","pct.1","pct.2","p_val_adj","cluster","gene"
7.41432872801191e-135,0.760945557863362,1,0.998,9.18338756251555e-131,"0","RPS27"
1.97252628158698e-130,0.655601397447824,1,0.999,2.44317105237364e-126,"0","RPL32"
1.75234622887001e-123,0.731983511754791,1,1,2.1704560390784e-119,"0","RPS12"
2.68903146620888e-122,2.81726169530535,0.531,0.097,3.33063437404632e-118,"0","CCR7"
3.98821023908814e-122,0.684042501491414,1,1,4.93979720213457e-118,"0","RPS6"
3.31033891184892e-108,0.623064566265532,1,1,4.10018577621607e-104,"0","RPS14"
8.32461343863989e-108,0.778404782126439,1,0.981,1.03108662050994e-103,"0","RPL31"
1.82684603711752e-106,0.827978401646698,1,0.981,2.26273150157375e-102,"0","RPS3A"
4.40776987310073e-104,0.757593522459242,1,0.987,5.45946376482256e-100,"0","RPS25"
1.5862029544701e-103,0.770482720318982,1,0.987,1.96467097940666e-99,"0","RPL9"
1.66221876638407e-101,1.15994611984063,0.943,0.566,2.05882416404331e-97,"0","LDHB"
1.55706575144786e-100,0.70321946704049,1,0.997,1.92858163974332e-96,"0","RPL21"
2.61166375233697e-100,0.575054031842848,1,1,3.23480672364457e-96,"0","RPL13"
3.75684452063302e-100,0.62406537900478,1,1,4.65322762325605e-96,"0","RPLP2"
1.1838627133611e-99,0.791140734317245,1,0.979,1.46633235676906e-95,"0","RPS13"
9.37030260647273e-96,0.648304761423191,1,0.997,1.16060568083771e-91,"0","RPS15A"
4.35061299140582e-93,0.628720500234388,1,1,5.38866925115524e-89,"0","RPL3"
1.10523908798003e-91,0.664128010288153,1,0.992,1.36894913437207e-87,"0","RPL30"
6.45868686701293e-90,0.679306057946147,1,1,7.99972955348221e-86,"0","MALAT1"
4.90038021607213e-88,0.627127600191428,1,0.991,6.06961093562694e-84,"0","RPS23"
7.48778006958631e-88,0.569049675595755,1,1,9.27436439418961e-84,"0","RPS3"
4.97414619192971e-87,0.749696178405681,1,0.973,6.16097747332414e-83,"0","RPS27A"
7.11863155961229e-82,0.531454979258698,1,0.999,8.81713704973578e-78,"0","EEF1A1"
5.4541117088063e-79,0.460476134086536,1,1,6.75546276252748e-75,"0","RPL11"
2.96365013790459e-78,0.567977580704507,1,0.995,3.67077706080862e-74,"0","RPS16"
1.48729556695777e-77,0.593781531063765,1,0.993,1.84216428923389e-73,"0","RPL35A"
4.19731828174259e-76,0.461116152311392,1,1,5.19879842376637e-72,"0","RPL13A"
2.3821675466897e-72,0.518628963989192,1,1,2.95055272332987e-68,"0","RPL27A"
1.51256939109398e-71,0.618258911196279,1,0.981,1.873468447809e-67,"0","RPS28"
2.71632946599861e-71,0.432427705949813,1,1,3.36444567658588e-67,"0","RPL19"
4.69596438212048e-71,0.479976338781041,1,1,5.81642148369443e-67,"0","RPS18"
7.34931976540373e-71,0.510174226895363,1,0.998,9.10286746142906e-67,"0","RPS4X"
4.8429751320203e-69,0.723019296363021,0.998,0.921,5.99850899852035e-65,"0","RPS29"
6.06108798294007e-68,0.615232355201697,1,0.989,7.50726357566957e-64,"0","RPL5"
6.64136518284236e-67,0.859195879552353,0.948,0.788,8.22599491546855e-63,"0","NPM1"
5.90138184338803e-65,0.672291585709496,0.996,0.964,7.30945155122041e-61,"0","RPS20"
3.20875362795507e-64,0.51872724710762,1,0.997,3.97436224358515e-60,"0","RPL23A"
2.05246972512245e-63,0.58493243175661,1,0.993,2.54218900153666e-59,"0","RPS5"
2.06331716570939e-62,0.533193243966819,1,0.998,2.55562464144765e-58,"0","TPT1"
1.03180938496217e-61,0.353280022512319,1,1,1.27799910421415e-57,"0","RPL10"
1.12177264746193e-61,0.564178304012965,1,0.995,1.38942760114634e-57,"0","RPL10A"
1.89161000764318e-61,1.0534655748337,0.848,0.414,2.34294815546684e-57,"0","CD3D"
1.23046985824214e-59,2.11614121959542,0.381,0.097,1.52405996641871e-55,"0","LEF1"
2.45945151511332e-58,0.596529388912144,1,0.972,3.04627664661935e-54,"0","RPSA"
2.23274446024422e-57,2.13067625224483,0.383,0.104,2.76547728845848e-53,"0","PRKCQ-AS1"
4.04893963837716e-57,1.31998984177862,0.68,0.335,5.01501663609396e-53,"0","NOSIP"
6.74093598012703e-56,0.506353507777157,1,0.995,8.34932330498534e-52,"0","RPL18"
7.34639722563721e-55,0.5326053155523,0.998,0.992,9.09924760367425e-51,"0","RPS10"
7.59684852626085e-54,1.07239834674598,0.756,0.384,9.40945658462669e-50,"0","CD3E"
1.53423459999391e-53,0.635472790364218,0.996,0.977,1.90030297555245e-49,"0","RPL7"
1.06703407813178e-51,0.393837445751636,1,0.996,1.32162840917402e-47,"0","RPL14"
6.10587021485027e-51,1.64084773217693,0.483,0.18,7.56273084811354e-47,"0","PIK3IP1"
7.63024609687419e-51,0.537980096374769,0.996,0.967,9.45082281558837e-47,"0","RPL36"
7.88051438012799e-49,0.885101336468323,0.891,0.665,9.76080511122653e-45,"0","TMEM66"
7.19131766296942e-48,1.1225841039142,0.631,0.284,8.90716605735392e-44,"0","CD7"
4.01647054262168e-46,0.740566537158931,0.97,0.851,4.97480041409121e-42,"0","BTG1"
4.81855975210868e-46,0.381690446378003,1,0.997,5.96826810896181e-42,"0","RPS15"
4.98382628076458e-46,0.431930733828018,1,0.997,6.17296723135501e-42,"0","RPS8"
5.50005292286758e-46,0.624322296228407,0.981,0.882,6.81236555026379e-42,"0","EEF1B2"
1.0106333997563e-44,0.342034951099712,1,0.999,1.25177052893815e-40,"0","RPL18A"
7.63772878294887e-43,1.08098520046554,0.731,0.453,9.46009087056047e-39,"0","C6orf48"
9.79090553091731e-43,0.343918913788234,1,1,1.21270155905942e-38,"0","RPS2"
1.40833789757117e-42,0.511761265047024,0.996,0.978,1.74436731993165e-38,"0","RPL4"
6.18750133906905e-42,1.25195875836298,0.45,0.171,7.66383915857093e-38,"0","CD27"
3.51752378109466e-41,0.563031048290016,0.98,0.907,4.35680495526385e-37,"0","RPL36A"
5.46210239008289e-41,0.473196012052846,0.998,0.979,6.76536002035667e-37,"0","RPL17"
6.3115814670895e-41,0.356904778374042,1,0.999,7.81752480513706e-37,"0","RPS19"
9.67068852385094e-41,0.708826655286342,0.926,0.773,1.19781148056418e-36,"0","RPL22"
3.2702172748231e-38,0.476857960884288,0.996,0.964,4.0504911165959e-34,"0","RPL24"
1.56898885987989e-37,0.448226204751751,0.994,0.963,1.94334960184724e-33,"0","RPLP0"
3.3673464780914e-37,0.694102369752182,0.948,0.923,4.17079534776401e-33,"0","JUNB"
1.06070545751633e-36,0.519341963003311,0.981,0.911,1.31378977967972e-32,"0","RPS26"
1.63997995928363e-36,0.658328522492199,0.931,0.791,2.0312791775687e-32,"0","GLTSCR2"
2.65645563125866e-34,0.691122560265788,0.95,0.907,3.29028594487697e-30,"0","RPL34"
4.28671498569568e-34,1.50695277357747,0.269,0.08,5.30952518128267e-30,"0","LDLRAP1"
1.22290271808903e-33,1.28687256987923,0.407,0.167,1.51468730662507e-29,"0","TCF7"
1.15535892924563e-32,0.520882655015572,0.97,0.885,1.43102756976364e-28,"0","RPL38"
1.12415457275949e-31,1.83599497010151,0.276,0.086,1.3923778538199e-27,"0","MAL"
1.39020341946059e-31,0.839679161412945,0.691,0.407,1.72190595534389e-27,"0","AES"
1.55481892572998e-31,0.440213468128474,0.996,0.964,1.92579872140916e-27,"0","RPL37"
7.6380004128389e-31,0.626405972025006,0.87,0.663,9.46042731134226e-27,"0","RPSAP58"
3.02254335233301e-28,1.14433485011712,0.456,0.228,3.74372219619967e-24,"0","GYPC"
3.32767128965761e-28,0.364788462274791,1,0.985,4.12165365936991e-24,"0","RPL35"
4.48054738166451e-28,0.296189417479298,1,0.999,5.54960598692967e-24,"0","RPL12"
8.34000360772076e-28,1.12957937132233,0.426,0.202,1.03299284685229e-23,"0","LEPROTL1"
3.68060515864783e-27,0.58854057573517,0.876,0.728,4.55879754950121e-23,"0","TOMM7"
4.94405696606395e-27,0.382628531027245,0.991,0.969,6.1237089581668e-23,"0","RPL27"
9.82411809542259e-27,0.678246677911312,0.639,0.4,1.21681526729904e-22,"0","SELL"
1.42514343202014e-26,0.515474751870821,0.959,0.863,1.76518265490014e-22,"0","RPS4Y1"
3.30572386078352e-26,0.270198851626706,1,0.999,4.09446957396646e-22,"0","RPLP1"
1.23290149156958e-25,0.366097075603167,0.996,0.968,1.52707178745809e-21,"0","RPL37A"
6.77857871320299e-25,1.18219359305235,0.461,0.246,8.39594759417322e-21,"0","C12orf57"
1.55714583776214e-24,0.458587157039985,0.943,0.848,1.92868083465219e-20,"0","RPS21"
5.36212322568793e-24,1.22361868153853,0.402,0.199,6.64152582733707e-20,"0","RHOH"
6.42597750491084e-24,0.827754973870186,0.58,0.359,7.95921573758257e-20,"0","TMEM123"
6.78423642452316e-24,0.29341735405771,1,1,8.40295523541438e-20,"0","RPL15"
1.06443980748031e-22,0.859247277988971,0.572,0.346,1.31841514554511e-18,"0","RGS10"
1.80735222850108e-22,0.411973095294596,0.939,0.84,2.23858647022144e-18,"0","RPL23"
1.08540542533934e-21,1.4261336694867,0.265,0.106,1.34438315982531e-17,"0","AAK1"
1.71542085545526e-21,0.319118787483859,0.996,0.991,2.12472027156689e-17,"0","RPL7A"
6.32498055908276e-21,0.873401245890413,0.515,0.302,7.83412092047991e-17,"0","LCK"
3.84711893473848e-20,0.560576839811879,0.772,0.565,4.76504151256708e-16,"0","EIF4A2"
5.25089191473698e-20,1.09891519802056,0.465,0.271,6.50375472559323e-16,"0","NDFIP1"
2.61021125159026e-19,0.259575819323947,1,0.998,3.23300765621969e-15,"0","RPL26"
4.10437250234748e-19,0.950616073338932,0.422,0.232,5.08367578140759e-15,"0","GIMAP5"
6.36786577614709e-19,0.789191026366498,0.533,0.336,7.88723855033578e-15,"0","ST13"
1.37875112657908e-18,1.03118102147312,0.359,0.184,1.70772114538085e-14,"0","RGCC"
2.17409939897161e-18,0.844456548849701,0.356,0.176,2.69283951556624e-14,"0","CD3G"
2.78941222602828e-18,0.686698973008766,0.657,0.461,3.45496598315862e-14,"0","EVL"
4.41364782866298e-18,0.262620443655561,1,0.995,5.46674420058197e-14,"0","RPS9"
4.45578800241463e-18,1.1708730950578,0.254,0.11,5.51893901979076e-14,"0","MYC"
1.16196916651999e-17,0.471861609723588,0.826,0.678,1.43921500965166e-13,"0","SRSF5"
1.38732829006374e-17,1.15128089354571,0.281,0.131,1.71834482007295e-13,"0","FLT3LG"
2.18241554294666e-17,0.947872347740801,0.348,0.18,2.70313989149374e-13,"0","OCIAD2"
5.28399580609424e-17,0.589270753862743,0.561,0.339,6.54475720542832e-13,"0","IL7R"
6.61492175258012e-16,0.31145770877544,0.981,0.943,8.19324208274573e-12,"0","HNRNPA1"
2.13533732785341e-15,0.544149838006283,0.654,0.47,2.64482881427924e-11,"0","GIMAP7"
2.87608152181581e-15,0.757694251224103,0.491,0.321,3.56231457292107e-11,"0","EIF3E"
2.96611925623736e-14,0.304350718001025,0.991,0.977,3.6738353107756e-10,"0","EEF1D"
3.07328228343688e-14,0.831008117431747,0.33,0.177,3.80656743626492e-10,"0","LAT"
6.52324206353343e-14,0.829176049036883,0.58,0.42,8.07968761989251e-10,"0","TRAF3IP3"
7.07213996442641e-14,0.415753964744944,0.93,0.864,8.75955255993856e-10,"0","PABPC1"
9.82494011614064e-14,0.49279174479302,0.691,0.535,1.21691708278518e-09,"0","COMMD6"
1.33642071235004e-13,0.486554600345345,0.733,0.575,1.65529069431676e-09,"0","HINT1"
1.40373943906171e-13,0.778310382943929,0.396,0.244,1.73867166922183e-09,"0","PRDX2"
2.15094598850236e-13,0.389943817557535,0.9,0.774,2.66416170135902e-09,"0","DDX5"
3.69116613610653e-13,0.595016671265753,0.617,0.452,4.57187837618155e-09,"0","SOD1"
1.42072689060785e-12,0.728130936791445,0.354,0.21,1.75971232670688e-08,"0","SLC2A3"
1.69815660394341e-12,0.719579688343375,0.411,0.261,2.10333676964431e-08,"0","PPA1"
2.41308639639251e-12,0.975398026766922,0.259,0.135,2.98884881057177e-08,"0","TRAT1"
4.68936474178499e-12,0.594625092119173,0.444,0.293,5.80824716917489e-08,"0","CYTIP"
6.21164822012163e-12,0.452025775222433,0.761,0.644,7.69374748544265e-08,"0","COX7C"
6.78816388132248e-12,1.24142855266753,0.25,0.133,8.40781978340603e-08,"0","FOXP1"
7.27892877796826e-12,0.987998063546555,0.27,0.148,9.01568118439148e-08,"0","PSIP1"
8.00510307756873e-12,0.309253898783008,1,0.988,9.91512067187663e-08,"0","NACA"
1.05184251559242e-11,0.378764838706927,0.956,0.902,1.30281213981277e-07,"0","BTF3"
1.05301862540067e-11,0.80086911164574,0.43,0.277,1.30426886942126e-07,"0","RSL1D1"
1.35315019016516e-11,0.784326869657996,0.387,0.248,1.67601182553857e-07,"0","DNAJB1"
5.0384409139489e-11,0.821665601330704,0.261,0.143,6.2406129160171e-07,"0","ANXA2R"
6.88402503262593e-11,0.33047984383678,0.431,0.27,8.52655340541048e-07,"0","CD2"
8.03871789409667e-11,0.511196655342832,0.543,0.397,9.95675598362814e-07,"0","VAMP2"
8.50056382456293e-11,0.362587541092649,0.713,0.537,1.05287983531037e-06,"0","CXCR4"
1.13858766013954e-10,0.673564505206117,0.454,0.314,1.41025467584883e-06,"0","BTG2"
2.53775448534902e-10,0.581525892973947,0.459,0.318,3.14326270555329e-06,"0","FYB"
3.52747952588169e-10,0.968037321815668,0.254,0.143,4.36913614075707e-06,"0","SOCS3"
3.61527791253859e-10,0.870456055409518,0.4,0.264,4.4778832224703e-06,"0","ACAP1"
7.01720052824671e-10,0.353529543302371,0.743,0.588,8.69150457428638e-06,"0","ZFP36L2"
1.88742118784526e-09,0.558103467573892,0.407,0.275,2.33775988326513e-05,"0","STK17A"
1.90035281800133e-09,0.458241521608879,0.496,0.359,2.35377700037645e-05,"0","UXT"
3.80012759702787e-09,0.715727854966504,0.324,0.207,4.70683804167871e-05,"0","EEF1G"
4.57946637732125e-09,0.437032233680733,0.47,0.33,5.67212705495011e-05,"0","PEBP1"
1.07147478990718e-08,0.373583330945039,0.752,0.615,0.000132712867477903,"0","HSPA8"
2.23553090611624e-08,0.829773574175833,0.404,0.283,0.000276892858031558,"0","CCDC109B"
2.85572154025365e-08,0.494751242482854,0.631,0.516,0.000353709669975817,"0","SNRPD2"
1.09225443139405e-07,0.316983380952377,0.743,0.634,0.00135286633872467,"0","NBEAL1"
3.28865439729647e-07,0.488603190026759,0.443,0.329,0.00407332733649141,"0","CMPK1"
3.92676190415283e-07,0.286129784005739,0.565,0.426,0.0048636872944837,"0","IFITM1"
5.93171327304096e-07,0.404254226877214,0.704,0.575,0.00734702005998853,"0","CCNI"
6.27694675876524e-07,0.632483655661324,0.267,0.174,0.00777462625540662,"0","SEPT6"
7.82532121667563e-07,0.374657598507419,0.598,0.493,0.00969244285897444,"0","RPL41"
7.87509769316647e-07,0.524585790499429,0.441,0.338,0.00975409600275599,"0","MZT2B"
9.60651621094965e-07,0.341313311160059,0.52,0.411,0.0118986309788822,"0","GIMAP4"
1.12227762797073e-06,0.813393541164373,0.32,0.221,0.0139005307000455,"0","SNHG8"
1.55302819867131e-06,0.396768226827383,0.437,0.321,0.0192358072687428,"0","CD69"
3.21889976820567e-06,0.39143151851949,0.428,0.328,0.0398692925289954,"0","C1QBP"
4.38842782763733e-06,0.445848646364372,0.337,0.246,0.054355067073116,"0","PPP1R2"
9.77680640025208e-06,0.492533713664502,0.319,0.227,0.121095524073522,"0","MZT2A"
1.23749430747103e-05,0.451976210928665,0.361,0.268,0.153276044923362,"0","TBC1D10C"
1.43244638057265e-05,0.324233995117801,0.483,0.369,0.177422808697728,"0","CCND3"
1.49930408725609e-05,0.624825480481807,0.27,0.186,0.185703804247539,"0","SPOCK2"
1.82516037750873e-05,0.418672193866299,0.265,0.181,0.226064364358231,"0","SBDS"
2.17194889014095e-05,0.627443717317302,0.324,0.245,0.269017589532858,"0","RPL39"
2.80966015588442e-05,0.299651174600528,0.43,0.335,0.348004506907844,"0","PNISR"
3.06526952022579e-05,0.48773272740068,0.267,0.188,0.379664282775166,"0","EIF2S3"
3.70233221031923e-05,0.395179524920948,0.576,0.48,0.45857086757014,"0","HMGN1"
4.88269156948364e-05,0.525654849489355,0.28,0.2,0.604770177796244,"0","CITED2"
5.27800742468492e-05,0.454565863465481,0.48,0.392,0.653733999621474,"0","CUTA"
5.65895453454118e-05,0.485903829998488,0.302,0.218,0.700918108648271,"0","BIN1"
7.58086657880195e-05,0.254861425290928,0.517,0.434,0.938966134450409,"0","HSP90AB1"
8.46772767112859e-05,0.435752379711907,0.287,0.208,1,"0","CDC42SE2"
9.05551900644148e-05,0.566875305056166,0.259,0.183,1,"0","FAIM3"
0.000158969722583123,0.464313840017043,0.317,0.24,1,"0","TOMM20"
0.000182953186605537,0.372624249929305,0.37,0.296,1,"0","GIMAP1"
0.000198973898139712,0.370212388056533,0.524,0.454,1,"0","ZFAS1"
0.000262395242756656,0.256577464448776,0.681,0.613,1,"0","EIF3F"
0.000296310016742786,0.495799641930607,0.25,0.184,1,"0","CCT4"
0.000340049308193776,0.429751095506417,0.354,0.28,1,"0","SON"
0.000341772685682201,0.483757576180265,0.317,0.246,1,"0","FBL"
0.00045988049942772,0.359556926158518,0.326,0.251,1,"0","C19orf60"
0.000521088028992089,0.35275105035543,0.281,0.211,1,"0","ARHGEF1"
0.000563941260607252,0.457768295503825,0.254,0.187,1,"0","TECR"
0.000838892325886964,0.345933505954991,0.337,0.261,1,"0","ANKRD12"
0.00112707529420741,0.525464617577175,0.385,0.314,1,"0","EIF3M"
0.0013465797117684,0.255629039655361,0.472,0.4,1,"0","ANP32B"
0.00152100272054292,0.304106585085768,0.25,0.188,1,"0","HAX1"
0.00159278796902998,0.494458590588994,0.269,0.206,1,"0","MRPS21"
0.00164918098273402,0.355814312497223,0.374,0.304,1,"0","YPEL5"
0.00170647439616597,0.279341733384999,0.702,0.616,1,"0","LIMD2"
0.00186263989881603,0.371204435625562,0.344,0.278,1,"0","SF1"
0.00265773579056576,0.261192335600571,0.283,0.22,1,"0","KRT10"
0.00273135190544394,0.439135822895875,0.265,0.211,1,"0","EIF4B"
0.00283882046921926,0.653997136358618,0.289,0.229,1,"0","PCNP"
0.00346244461733489,0.480240785477345,0.274,0.214,1,"0","TMEM14B"
0.00368050587194528,0.281805436453123,0.587,0.517,1,"0","PNRC1"
0.00381424103300284,0.326289604642805,0.276,0.217,1,"0","KMT2E"
0.00385448654975328,0.35457007348876,0.32,0.263,1,"0","C9orf78"
0.00421760514583975,0.261648141651748,0.563,0.505,1,"0","EIF3L"
0.00423835349840367,0.601794617473439,0.413,0.35,1,"0","SMDT1"
0.00487278336673858,0.475590828880493,0.454,0.388,1,"0","UBE2D2"
0.00619208868620739,0.350935895938835,0.261,0.205,1,"0","TSTD1"
0.00677346084970436,0.329034981381622,0.27,0.216,1,"0","NHP2"
0.0075569979012092,0.368835989439597,0.465,0.417,1,"0","COX6C"
0.00781241321133631,0.386509822831966,0.43,0.366,1,"0","EIF3D"
4.64770272785804e-120,1.65670383531875,0.983,0.618,5.75664459872497e-116,"1","LTB"
4.09987202861018e-107,1.45662697376357,0.929,0.433,5.07810149463657e-103,"1","IL32"
2.07803368823533e-98,1.75028147090619,0.758,0.288,2.57385252624828e-94,"1","IL7R"
2.7300677046903e-76,1.07209262054639,0.888,0.405,3.3814618590294e-72,"1","CD3D"
8.36106685730025e-74,1.12612098065036,0.919,0.573,1.03560174094521e-69,"1","LDHB"
3.20231586113088e-73,2.56029881712263,0.406,0.092,3.9663884255967e-69,"1","AQP3"
2.17615221641299e-61,0.555987721355522,0.998,0.999,2.69538213524913e-57,"1","TPT1"
2.77633219257416e-58,1.68880792636433,0.588,0.229,3.43876505372236e-54,"1","CD2"
6.60959437947892e-54,2.47837036184346,0.279,0.053,8.18664359842259e-50,"1","CD40LG"
2.26013562502182e-52,1.04529804121607,0.76,0.384,2.79940398515203e-48,"1","CD3E"
3.88267236257294e-50,1.82989526878914,0.373,0.106,4.80907798828284e-46,"1","TRAT1"
5.90236995501445e-49,0.474266311075972,1,0.987,7.3106754262809e-45,"1","RPS25"
2.22903553991994e-43,0.396633641528155,1,1,2.76088341974484e-39,"1","RPS12"
2.82901882740846e-42,0.298941923837483,1,1,3.50402271962811e-38,"1","B2M"
3.99996100257068e-41,1.43793870922567,0.412,0.149,4.95435169778405e-37,"1","SPOCK2"
3.01046054390504e-40,0.36647253272259,1,1,3.72875642968079e-36,"1","RPS3"
2.54013770257939e-39,0.543211378068669,0.991,0.964,3.14621455841484e-35,"1","RPLP0"
3.26365326576059e-38,0.354878972115501,1,1,4.04236093497107e-34,"1","RPS18"
6.97437262781056e-37,0.809830009893101,0.871,0.696,8.63845793680616e-33,"1","JUN"
1.66316073032056e-36,0.711317978862218,0.816,0.554,2.05999088057504e-32,"1","HINT1"
3.44150282167328e-36,1.63869912527141,0.345,0.121,4.26264539492453e-32,"1","TRADD"
5.84520963668409e-36,0.624716330101326,0.963,0.919,7.23987665599692e-32,"1","JUNB"
6.50491817415474e-36,0.77875920521992,0.783,0.511,8.05699165050805e-32,"1","ANXA1"
9.35550918138129e-36,0.449048637784827,1,0.972,1.15877336720589e-31,"1","RPSA"
6.56998917439791e-35,0.490020190069975,0.991,0.924,8.13758859140925e-31,"1","RPS29"
7.3988523860516e-34,0.381612074212335,1,0.997,9.16421856536351e-30,"1","RPL23A"
9.52902124749302e-33,1.65152164843119,0.277,0.087,1.18026457171449e-28,"1","MAL"
9.98836591389169e-33,1.74072346492905,0.279,0.087,1.23715900209462e-28,"1","TTC39C"
1.28959145394127e-32,0.740338505345044,0.871,0.675,1.59728797485165e-28,"1","FXYD5"
1.50404642178253e-32,0.384451877971326,0.998,0.992,1.86291189801984e-28,"1","RPL30"
2.22095948576659e-31,0.412435489287247,0.996,0.967,2.7508804190705e-27,"1","RPL36"
3.19912184065186e-31,1.23672526138503,0.524,0.274,3.9624323118314e-27,"1","PLP2"
5.87834636404872e-31,0.406933701818283,0.998,0.974,7.28091980651074e-27,"1","RPS27A"
1.31074677218606e-30,0.332746657527371,1,1,1.62349095202965e-26,"1","RPL27A"
1.77060881005236e-30,0.356829644698429,0.996,0.998,2.19307607213085e-26,"1","RPS15A"
5.00220855300398e-30,0.363004299996044,0.998,0.996,6.19573551375073e-26,"1","RPL14"
1.17326344172619e-29,0.693974630693022,0.717,0.454,1.45320409892206e-25,"1","GIMAP7"
1.32684926185435e-29,0.327264148841138,1,0.999,1.6434354957328e-25,"1","EEF1A1"
1.39741538708359e-29,0.307678974736332,1,1,1.73083869844174e-25,"1","RPS14"
2.90719106598732e-29,0.40930672446726,0.998,0.963,3.6008468543319e-25,"1","RPS20"
3.6505603123197e-29,0.6483134767864,0.83,0.612,4.52158400283918e-25,"1","CALM1"
3.86199968989496e-29,0.923036529543652,0.558,0.291,4.78347281590389e-25,"1","LCK"
1.88349483499834e-28,0.372598014721928,0.998,0.982,2.33289670262894e-24,"1","RPL31"
2.00416057865605e-28,0.294834736129976,1,1,2.48235329272338e-24,"1","RPS6"
2.17246975907401e-28,0.650382306899886,0.869,0.671,2.69082104358907e-24,"1","TMEM66"
5.52552965261416e-28,0.835359605860161,0.7,0.485,6.8439210277279e-24,"1","GSTK1"
5.64924713231588e-28,0.47704985771997,0.961,0.855,6.99715749808644e-24,"1","MYL12A"
6.80453194738676e-28,0.304835942700847,1,1,8.42809327003324e-24,"1","RPL3"
9.42970207854856e-28,0.347710913763521,1,0.991,1.16796289944902e-23,"1","RPS10"
9.64649479192618e-28,1.43793870922567,0.253,0.083,1.19481484492798e-23,"1","ITM2A"
1.02630294842814e-27,0.771986342956201,0.609,0.354,1.27117883192309e-23,"1","NOSIP"
3.85522842208715e-27,1.12983565736632,0.395,0.175,4.77508592359714e-23,"1","RGCC"
4.04714497147623e-27,0.850661652024173,0.667,0.415,5.01279376167046e-23,"1","AES"
5.91963991814945e-27,0.76295878344864,0.79,0.576,7.33206600261991e-23,"1","ZFP36L2"
1.01857705963928e-26,0.302261250555356,1,1,1.26160954606921e-22,"1","RPL13A"
6.44577468471339e-26,0.342558453264941,0.998,0.977,7.983736524486e-22,"1","HLA-A"
1.41144820762735e-25,0.601222963764602,0.816,0.598,1.74821974996724e-21,"1","HSPA8"
2.0755520299353e-25,0.313715178710294,1,0.998,2.57077874427787e-21,"1","RPS27"
2.09127732326106e-25,0.983274135826112,0.459,0.228,2.59025609259114e-21,"1","PRDX2"
4.00539724477994e-25,1.32138765845441,0.298,0.117,4.96108502738444e-21,"1","PBXIP1"
6.42384942122898e-25,0.44008470162095,0.923,0.795,7.95657989313422e-21,"1","VIM"
6.69193200418278e-25,1.5057440637934,0.277,0.105,8.28862698038079e-21,"1","SIT1"
1.97347387686835e-24,0.338315234149208,1,0.999,2.44434474388914e-20,"1","RPS7"
2.40444543205863e-24,0.42851099275735,0.964,0.911,2.97814611214782e-20,"1","RPL36A"
2.48211368863932e-24,1.02471103744142,0.434,0.222,3.07434601474867e-20,"1","ARHGAP15"
3.59644759938094e-24,0.445664671862564,0.97,0.895,4.45455999659323e-20,"1","CD52"
4.62890988477641e-24,0.676249344494486,0.693,0.452,5.73336778328407e-20,"1","EVL"
5.98327911924457e-24,0.284481093400004,1,0.999,7.41088951709633e-20,"1","RPLP1"
6.17354947669224e-24,0.445792735766323,0.964,0.842,7.64655838183101e-20,"1","RPS21"
9.90030719637518e-24,0.991806427586855,0.524,0.299,1.22625204934303e-19,"1","CD69"
1.6677340695704e-23,0.30992200528371,0.998,0.987,2.0656554185699e-19,"1","RPL9"
4.39080227495358e-23,1.06186900876401,0.373,0.172,5.4384476977575e-19,"1","CD3G"
6.29657832330483e-23,0.316272325301694,0.993,0.983,7.79894191124537e-19,"1","RPS28"
9.84470555513666e-23,0.267115652079636,1,0.998,1.21936523005923e-18,"1","RPS4X"
1.10245370602833e-22,1.11703932453263,0.303,0.126,1.36549916028668e-18,"1","FLT3LG"
1.28836298547271e-22,1.65425661615243,0.266,0.104,1.59576639380649e-18,"1","OPTN"
2.20918325304794e-22,1.28676131534478,0.386,0.19,2.73629437722518e-18,"1","PPP2R5C"
5.97549290475594e-22,0.902054768910801,0.388,0.188,7.40124551183071e-18,"1","ALOX5AP"
8.48983503219129e-22,0.269919228990501,1,1,1.05155096708721e-17,"1","RPLP2"
1.14731114502147e-20,0.486401949006685,0.97,0.925,1.4210595842236e-16,"1","FOS"
2.24872591569073e-20,0.820678373451217,0.427,0.231,2.78527191917454e-16,"1","GIMAP5"
2.37325247136964e-20,0.253677022662724,1,1,2.93951051103843e-16,"1","RPL6"
3.00476642040318e-20,0.838752623750514,0.384,0.19,3.72170368831137e-16,"1","CD27"
7.79694675190861e-20,0.673255006435864,0.627,0.41,9.657298246914e-16,"1","IFITM1"
1.09629377827895e-19,0.531344762656881,0.828,0.675,1.35786947377631e-15,"1","RPSAP58"
1.83229000265459e-19,1.19606988070644,0.277,0.122,2.26947439728798e-15,"1","CORO1B"
2.01344787750612e-19,0.63167876817722,0.453,0.251,2.49385654107907e-15,"1","ACAP1"
2.81940357501333e-19,1.10464180025911,0.348,0.173,3.49211326801151e-15,"1","LAT"
3.59301780527158e-19,0.255931359369967,0.998,0.993,4.45031185360938e-15,"1","RPL35A"
1.15765732464092e-18,0.882987175979571,0.427,0.238,1.43387436230024e-14,"1","DNAJB1"
2.21474950500629e-18,0.800956255742574,0.502,0.305,2.7431887369008e-14,"1","CRIP1"
2.57936842236888e-18,0.861835076345096,0.511,0.319,3.19480572794609e-14,"1","PEBP1"
6.68457570055462e-18,0.588692980533825,0.588,0.371,8.27951546270696e-14,"1","IL2RG"
1.32394018997056e-17,0.306653446370526,0.993,0.98,1.63983231929754e-13,"1","RPL17"
2.06635416121834e-17,1.17621631618347,0.38,0.205,2.55938626408504e-13,"1","TNFAIP8"
3.52113153996694e-17,0.635943193342433,0.639,0.447,4.36127352540306e-13,"1","SOD1"
9.20973111369215e-17,0.278944705599436,1,0.995,1.14071729574191e-12,"1","RPL10A"
1.35158232319753e-16,0.256496338378803,0.989,0.982,1.67406986551246e-12,"1","RPS13"
2.14113256277732e-16,0.623704963491892,0.56,0.365,2.65200679225599e-12,"1","TMEM123"
2.24650481813278e-16,0.999017493687419,0.354,0.19,2.78252086773926e-12,"1","SEPT1"
2.54252234361723e-16,0.267317316782909,0.996,0.986,3.1491681748043e-12,"1","RPL35"
3.18554964141401e-16,0.31142498646745,0.987,0.909,3.94562178585539e-12,"1","RPS26"
6.75145871346334e-16,0.543845208339317,0.581,0.395,8.36235676249569e-12,"1","ARL6IP5"
9.00282446591196e-16,0.37949556813274,0.927,0.794,1.11508983834785e-11,"1","NPM1"
4.09911055496066e-15,0.33005834764024,0.957,0.889,5.07715833337428e-11,"1","RPL38"
7.11750280734532e-15,0.449553674187649,0.603,0.414,8.81573897717791e-11,"1","TRAF3IP3"
1.0660158937281e-14,1.35442010939063,0.257,0.124,1.32036728597163e-10,"1","TNFAIP3"
1.10214853541569e-14,0.277289056538467,0.991,0.969,1.36512117596587e-10,"1","RPL37A"
1.35126013412135e-14,0.577160965710272,0.485,0.312,1.6736708021227e-10,"1","FYB"
2.48646776897678e-14,0.274513661479026,0.991,0.98,3.07973897865464e-10,"1","RPL4"
2.52444892278186e-14,1.01433284004858,0.29,0.149,3.12678243575761e-10,"1","PIM1"
4.45991651841417e-14,0.840618038851969,0.397,0.238,5.52405259970779e-10,"1","YWHAQ"
1.29511363645155e-13,0.726948321581508,0.367,0.215,1.60412775010889e-09,"1","MZT2A"
1.31207199025508e-13,0.545114284809953,0.747,0.584,1.62513236712994e-09,"1","KLF6"
4.44408576704708e-13,0.724057588166285,0.403,0.244,5.50444463106452e-09,"1","ANKRD12"
4.76975538351559e-13,0.541993899168361,0.82,0.716,5.90781901802242e-09,"1","TSC22D3"
9.15599023016015e-13,1.04181082523892,0.268,0.14,1.13406094990764e-08,"1","SOCS3"
1.21001559273943e-12,0.966969200777093,0.257,0.131,1.49872531316706e-08,"1","LEF1"
3.69059752958173e-12,0.74727898274467,0.316,0.178,4.57117410013994e-08,"1","CAPN2"
4.61107644842312e-12,0.951882296603195,0.363,0.22,5.71127928901688e-08,"1","LEPROTL1"
4.8964410577116e-12,0.30909217087822,0.901,0.78,6.06473189408159e-08,"1","RPL22"
1.05577724763956e-11,0.808833653261306,0.322,0.188,1.30768569892636e-07,"1","OCIAD2"
2.20257233759299e-11,0.84930418431013,0.554,0.402,2.72810609734267e-07,"1","GIMAP4"
2.47622306922109e-11,0.250412939992642,0.908,0.798,3.06704989353724e-07,"1","GLTSCR2"
2.48717692971668e-11,0.55103589579366,0.498,0.347,3.08061734514708e-07,"1","NDUFS5"
3.18799296172692e-11,0.894836171158528,0.32,0.191,3.94864808239496e-07,"1","TCF7"
4.05324246374212e-11,0.368195150778578,0.828,0.713,5.02034611559098e-07,"1","RPL36AL"
6.26031572645946e-11,0.770388800234039,0.32,0.19,7.75402705879268e-07,"1","TSTD1"
6.54048322692767e-11,0.449064310346115,0.721,0.579,8.10104252487261e-07,"1","EIF4A2"
9.57386630740579e-11,0.338086721396175,0.584,0.415,1.18581908083528e-06,"1","RARRES3"
1.24360957602843e-10,0.467238524917867,0.552,0.394,1.54033482086882e-06,"1","COX6C"
1.42377266967645e-10,0.727533551159458,0.348,0.216,1.76348482866125e-06,"1","PIK3IP1"
1.45961078006119e-10,0.397077281269805,0.663,0.509,1.80787391218379e-06,"1","SNRPD2"
1.61503549386423e-10,0.760627919952834,0.257,0.138,2.00038296270023e-06,"1","PRKCQ-AS1"
1.68446719856383e-10,0.513109661864437,0.725,0.58,2.08638107214115e-06,"1","IER2"
1.89470245833843e-10,0.720912158361932,0.301,0.174,2.34677846489798e-06,"1","TECR"
2.14851375791785e-10,0.486905558373944,0.609,0.463,2.66114914055705e-06,"1","GTF3A"
3.66166429079903e-10,0.270624921239892,0.871,0.761,4.53533739058368e-06,"1","ITM2B"
4.70092639995069e-10,0.438330344420495,0.569,0.408,5.82256743897893e-06,"1","ISG20"
5.18104735532426e-10,0.599598135128564,0.47,0.329,6.41724525430462e-06,"1","HNRNPF"
5.58869000591386e-10,1.10347005648093,0.335,0.216,6.92215144132491e-06,"1","SLC2A3"
8.89502050161052e-10,0.656177904278824,0.343,0.214,1.10173723932948e-05,"1","RWDD1"
1.63453513781011e-09,0.655689638411687,0.331,0.21,2.0245352216916e-05,"1","BIN1"
2.63268968300776e-09,0.597961117941923,0.341,0.216,3.26084944137342e-05,"1","RHOH"
2.75671688443276e-09,0.624024414733015,0.285,0.168,3.41446953305841e-05,"1","TXN"
4.02375204313847e-09,0.406645986458485,0.556,0.416,4.98381928063131e-05,"1","CD44"
5.09369917607392e-09,0.409702544891823,0.556,0.427,6.30905579948516e-05,"1","RAN"
6.56937510871413e-09,0.308917369252373,0.766,0.593,8.13682800965332e-05,"1","S100A10"
7.15681712951093e-09,0.346050825124371,0.775,0.648,8.86443369661224e-05,"1","MYL12B"
1.02607635827526e-08,0.796861011595231,0.266,0.16,0.000127089817735974,"1","ADD3"
1.40417356552137e-08,0.502163244240413,0.391,0.265,0.000173920937825476,"1","C12orf57"
1.62818160695471e-08,0.528062883130703,0.461,0.333,0.000201666573837411,"1","MZT2B"
2.00793699973242e-08,0.515360316380398,0.545,0.415,0.000248703076786857,"1","SKP1"
2.35028045602148e-08,0.37549126349267,0.567,0.435,0.000291105737282821,"1","LDHA"
2.6316388496838e-08,0.301357801764059,0.693,0.543,0.000325954787921835,"1","CXCR4"
2.76865441525708e-08,0.585929486708418,0.414,0.291,0.000342925535873743,"1","SEPT9"
2.89282884424764e-08,0.470031739809548,0.47,0.343,0.000358305780648513,"1","PPP1R15A"
3.21924015878963e-08,0.513752165598396,0.315,0.205,0.000398735086067683,"1","ICAM2"
3.56804618519667e-08,0.416427128482031,0.365,0.244,0.000441938200498459,"1","XBP1"
3.69897225683077e-08,0.569367718565917,0.438,0.319,0.000458154703731059,"1","BTG2"
4.03734516964585e-08,0.344078430646463,0.612,0.448,0.000500065572712335,"1","CD99"
8.51225414373352e-08,0.28862541732118,0.871,0.782,0.00105432779824283,"1","DDX5"
8.51269166167978e-08,0.372302436734088,0.624,0.487,0.00105438198921566,"1","RPL41"
1.61779086584425e-07,0.51090778308835,0.406,0.287,0.00200379576643468,"1","NDFIP1"
1.79772532291039e-07,0.644145300185141,0.277,0.178,0.00222666258495681,"1","SBDS"
2.12210723133529e-07,0.398861877042931,0.655,0.545,0.00262844201673189,"1","COMMD6"
2.64944342064255e-07,0.767159035256445,0.292,0.191,0.00328160062080787,"1","DDIT4"
3.56508949543672e-07,0.496959223037867,0.328,0.221,0.00441571984904793,"1","DUSP2"
4.41580586918407e-07,0.46567415664796,0.481,0.369,0.00546941714957139,"1","MIF"
5.02909057760693e-07,0.363814692361455,0.579,0.453,0.00622903158942395,"1","RNASET2"
5.51277567721677e-07,0.725101385952352,0.3,0.2,0.00682812395380069,"1","TAP1"
6.26865146475796e-07,0.347374353277026,0.35,0.241,0.00776435170424921,"1","ABRACL"
6.62659743293407e-07,0.282660483747755,0.639,0.516,0.00820770358043214,"1","OST4"
6.62791255460462e-07,0.288290520320622,0.845,0.737,0.00820933249013328,"1","TOMM7"
7.36173093223989e-07,0.582520862553515,0.298,0.202,0.00911823993267233,"1","DDX24"
7.85794751447654e-07,0.576876162661854,0.554,0.437,0.00973285379143064,"1","SRSF7"
1.77018158686033e-06,0.438990828836706,0.493,0.377,0.0219254691348521,"1","EID1"
1.77059399035183e-06,0.479751005481487,0.509,0.384,0.0219305771644978,"1","CUTA"
1.86152668836116e-06,0.694537520672696,0.272,0.178,0.0230568695620413,"1","HSPE1"
1.95003812581585e-06,0.509257177448735,0.316,0.219,0.0241531722263551,"1","TUBA4A"
2.01753012710292e-06,0.54750980383703,0.369,0.27,0.0249891281542968,"1","KRTCAP2"
2.44970115237701e-06,0.295950847190295,0.725,0.618,0.0303419984733416,"1","GPSM3"
2.69054739451077e-06,0.688924189526109,0.352,0.252,0.0333251200284104,"1","PSMC5"
2.92783989313559e-06,0.477016231208357,0.3,0.205,0.0362642249163774,"1","CDC42SE2"
3.42673729346064e-06,0.396630312133305,0.32,0.221,0.0424435681168035,"1","PCNP"
5.16109187846123e-06,0.784389123247098,0.255,0.17,0.0639252840066208,"1","TRAM1"
5.37259303618425e-06,0.535130714290354,0.303,0.214,0.0665449373461781,"1","IDS"
5.56031606343471e-06,0.657446175375369,0.371,0.272,0.0688700747617024,"1","PPA1"
5.80790891127857e-06,0.41263783591637,0.47,0.366,0.0719367597750964,"1","CIB1"
5.89579625796731e-06,0.458555710736521,0.32,0.228,0.073025332451183,"1","CCNL1"
7.0196599052222e-06,0.58584223044609,0.279,0.19,0.0869455075860822,"1","MGST3"
7.15789625634893e-06,0.3892780541228,0.753,0.636,0.0886577030311379,"1","CNBP"
7.29039420948833e-06,0.252259350473154,0.925,0.914,0.0902988226787224,"1","RPL34"
7.4067674894572e-06,0.346814240134853,0.592,0.488,0.0917402221244169,"1","HSP90AA1"
7.85223427438385e-06,0.449547598287954,0.26,0.172,0.0972577737225183,"1","ARL4C"
8.17797587966015e-06,0.34087796231747,0.341,0.245,0.101292409245471,"1","PPP1R2"
1.16871016709995e-05,0.402513371083571,0.451,0.357,0.144756441296999,"1","SPCS1"
1.4771474048135e-05,0.373649580870686,0.39,0.292,0.1829594775602,"1","SRP9"
1.56849312146566e-05,0.339520523110045,0.315,0.222,0.194273558024736,"1","TMED9"
1.85612585442609e-05,0.508221789611036,0.361,0.268,0.229899748329215,"1","SUB1"
2.02096916369509e-05,0.490956178838028,0.333,0.243,0.250317240615274,"1","TMED2"
2.16161250426826e-05,0.395784285481869,0.419,0.324,0.267737324778667,"1","YWHAZ"
2.17596490009462e-05,0.431864194815982,0.316,0.226,0.26951501252572,"1","DUT"
2.36621439177039e-05,0.418349388341501,0.369,0.282,0.293079314564681,"1","XRCC6"
2.64541944709356e-05,0.363829105259289,0.38,0.289,0.327661652717008,"1","CCDC109B"
2.84081310694e-05,0.338243011822235,0.627,0.529,0.351863111425588,"1","APRT"
2.91957301449505e-05,0.542755531456597,0.288,0.205,0.361618313575357,"1","EIF4B"
3.49526698136114e-05,0.277823590620874,0.431,0.332,0.432923768311391,"1","CMPK1"
3.60729968369082e-05,0.391837300944406,0.35,0.255,0.446800138821945,"1","C9orf78"
4.02475784257458e-05,0.536952706748156,0.266,0.185,0.498506506381288,"1","IL10RA"
4.30207323691056e-05,0.289078282634028,0.365,0.274,0.532854791123742,"1","RBMX"
4.6153982525911e-05,0.399775557139128,0.311,0.226,0.571663227565934,"1","SEPW1"
5.00101695745357e-05,0.403478707379802,0.423,0.331,0.619425960350199,"1","DAD1"
5.38150945598636e-05,0.256063794473322,0.502,0.415,0.66655376121847,"1","HNRNPA0"
6.34528709744553e-05,0.44098558478453,0.258,0.182,0.785927259889603,"1","BUB3"
7.44210984433412e-05,0.430133306736866,0.358,0.268,0.921779725319224,"1","SPCS2"
8.50271991122282e-05,0.55026401781551,0.298,0.218,1,"1","CD47"
0.000110389664407352,0.545429751961057,0.341,0.255,1,"1","DYNLRB1"
0.000116090962026757,0.406953057186167,0.287,0.206,1,"1","MED10"
0.000126308312678013,0.526706566431919,0.434,0.339,1,"1","TRMT112"
0.000140825340790528,0.461730734726885,0.272,0.195,1,"1","SIGIRR"
0.000198998777042896,0.456886461290414,0.333,0.256,1,"1","ARHGDIA"
0.000257253078890674,0.361474866924584,0.36,0.273,1,"1","ATPIF1"
0.000258664905552794,0.392551270791156,0.279,0.205,1,"1","SSB"
0.000269993766871865,0.382335923986092,0.288,0.21,1,"1","XRCC5"
0.00029280863358557,0.382623454139426,0.318,0.24,1,"1","TOMM20"
0.000315437834438292,0.373649580870686,0.397,0.317,1,"1","ATP5H"
0.00031618533053736,0.383785028649673,0.457,0.369,1,"1","PTGES3"
0.000316576070389,0.379923979400905,0.315,0.24,1,"1","ANXA11"
0.000340355815608857,0.313073261548978,0.292,0.218,1,"1","KRT10"
0.000372680320431414,0.356413931979382,0.391,0.309,1,"1","CD164"
0.000496034860496029,0.410205313686209,0.27,0.202,1,"1","CITED2"
0.000521196590135729,0.66962178704901,0.273,0.202,1,"1","TERF2IP"
0.000594896309034816,0.294584774060855,0.36,0.281,1,"1","EIF3I"
0.00062068897624299,0.447201960974302,0.281,0.212,1,"1","UBE2L3"
0.000627226181050484,0.481693801441314,0.273,0.205,1,"1","IK"
0.000718101039021043,0.280893256693719,0.451,0.376,1,"1","MORF4L1"
0.000782998764793867,0.534647835350077,0.301,0.232,1,"1","NDUFB4"
0.000878029522502998,0.276523154706913,0.305,0.233,1,"1","MINOS1"
0.00099647344419477,0.31882425691532,0.635,0.531,1,"1","NAP1L1"
0.00102625076760142,0.321789803416149,0.324,0.253,1,"1","PYURF"
0.00106064643499873,0.442511439015491,0.348,0.279,1,"1","PRDX1"
0.00114381437522175,0.329735001167932,0.272,0.206,1,"1","PPP1CC"
0.00138553118202772,0.273570621664363,0.337,0.264,1,"1","SEP15"
0.00139404342463213,0.302670984279018,0.258,0.196,1,"1","TCEA1"
0.00144844301181917,0.260067673923909,0.425,0.339,1,"1","UFC1"
0.0016148587313896,0.416757302425774,0.257,0.193,1,"1","NDUFA12"
0.00171971002322264,0.32641039199778,0.258,0.198,1,"1","M6PR"
0.00180083139341339,0.63691253245401,0.281,0.219,1,"1","KHDRBS1"
0.00200478955261537,0.335208153041255,0.345,0.278,1,"1","SF1"
0.00213565092859837,0.329020534625988,0.272,0.208,1,"1","MDH1"
0.00236588031752465,0.301025497532007,0.455,0.377,1,"1","CCND3"
0.00247876162071596,0.405725641353625,0.601,0.518,1,"1","CAPZB"
0.0024852706992317,0.542047112566405,0.376,0.305,1,"1","ERH"
0.0028988967884123,0.62815689857957,0.26,0.202,1,"1","RPS27L"
0.00362054145984161,0.969553963807465,0.26,0.203,1,"1","NSA2"
0.00364414093792696,0.262722081511508,0.354,0.286,1,"1","DHRS7"
0.00376350855853264,0.395720460361569,0.29,0.237,1,"1","S1PR4"
0.00454190921444176,0.470964014504923,0.258,0.202,1,"1","RPN2"
0.00476841001570446,0.252260876213477,0.313,0.255,1,"1","SUMO1"
0.00523269985722,0.320018227842915,0.328,0.266,1,"1","ANXA6"
0.00611635586676501,0.364855687030522,0.32,0.265,1,"1","SELK"
0.0065994898000079,0.439599843595587,0.307,0.249,1,"1","NCOR1"
0.00687363978577784,0.377671281395962,0.5,0.436,1,"1","PPIB"
0.00701813660484373,0.433131384217512,0.264,0.21,1,"1","STUB1"
0.00705523707543149,0.275278780246109,0.313,0.254,1,"1","C19orf60"
0.00774267084187173,0.285498982756696,0.3,0.241,1,"1","ECH1"
0.00796813030545161,0.289592639388705,0.292,0.236,1,"1","GADD45GIP1"
0.00802913653331527,0.270761585384445,0.44,0.375,1,"1","MCL1"
0.00836160273540574,0.403849818646385,0.262,0.208,1,"1","MRPS21"
0.00857754752311598,0.305641649095596,0.285,0.227,1,"1","H2AFV"
0.00931426670267715,0.298648734159374,0.485,0.415,1,"1","ARF1"
0.00934335781826199,0.354437624521307,0.367,0.305,1,"1","PDIA3"
0.00935081056971333,0.377531407807806,0.41,0.349,1,"1","NHP2L1"
0.00983652210462768,0.270484977399787,0.257,0.205,1,"1","DEK"
0,6.66062528782058,0.965,0.106,0,"2","S100A8"
0,5.57159069621033,0.9,0.052,0,"2","LGALS2"
0,4.10083764895657,0.954,0.137,0,"2","FCN1"
0,6.10658443613804,0.99,0.204,0,"2","S100A9"
2.0869891665628e-284,5.80801554244557,0.653,0.025,2.58494478170469e-280,"2","CD14"
1.41615728602531e-281,3.24501837322121,0.996,0.26,1.75405241447096e-277,"2","TYROBP"
6.87079230766556e-273,5.14433815772935,0.676,0.036,8.51016335227456e-269,"2","MS4A6A"
4.50601460778921e-270,3.13903340541268,0.996,0.259,5.58114969320771e-266,"2","CST3"
7.37669037646652e-266,4.60285178808123,1,0.535,9.13676870029143e-262,"2","LYZ"
1.75462170466693e-236,3.11781867077673,0.91,0.21,2.17327444340046e-232,"2","TYMP"
2.92373668367345e-233,2.51078360523642,0.96,0.23,3.62134025639794e-229,"2","AIF1"
1.86892657525812e-232,3.09610692806974,0.779,0.096,2.31485245611471e-228,"2","CFD"
1.23571459133178e-231,2.15731720370931,0.96,0.209,1.53055609282354e-227,"2","LST1"
9.07600115097042e-225,2.71357318564794,0.981,0.354,1.1241535025592e-220,"2","LGALS1"
2.75214591272772e-218,2.95451902487894,0.937,0.332,3.40880792750456e-214,"2","GSTP1"
1.81609687886883e-214,2.62929685494822,1,0.991,2.24941759416693e-210,"2","FTL"
1.44897410842426e-213,2.69462603370848,0.914,0.289,1.79469933069429e-209,"2","GPX1"
3.60356904192515e-212,3.54753197246946,0.745,0.114,4.46338061532849e-208,"2","GRN"
2.83304891500879e-204,2.07516217146611,0.998,0.752,3.50901438612989e-200,"2","S100A6"
1.47197012416973e-201,2.22714182410657,1,0.993,1.82318219579663e-197,"2","FTH1"
1.06302595962602e-197,1.98827261298202,0.939,0.22,1.31666395359279e-193,"2","FCER1G"
1.89472525750899e-187,2.34846040181513,0.946,0.411,2.34680670395064e-183,"2","CTSS"
1.27419097183999e-183,2.95172454658587,0.697,0.101,1.57821293772101e-179,"2","CD68"
1.56870680709705e-179,3.13623580837528,0.716,0.129,1.9430002512704e-175,"2","LGALS3"
3.14922432117338e-177,1.65993907494808,1,0.804,3.90062924420535e-173,"2","S100A4"
2.05724208402422e-173,2.90975994792136,0.762,0.176,2.5481000452724e-169,"2","AP1S2"
7.95530933593734e-173,3.20185536061716,0.67,0.111,9.85344614349199e-169,"2","CEBPD"
1.0215962460621e-170,1.45339211980187,1,0.907,1.26534911037252e-166,"2","OAZ1"
1.19422905958386e-170,2.58808718092751,0.875,0.3,1.47917211320057e-166,"2","NPC2"
6.21760563208642e-169,3.76458052899157,0.545,0.053,7.70112633590223e-165,"2","CDA"
1.9341558421032e-167,2.05045620335291,0.971,0.493,2.39564542602902e-163,"2","SAT1"
3.38370841974032e-167,2.09846970986826,0.948,0.416,4.19106124869036e-163,"2","S100A11"
1.56134743166417e-165,4.39006870602449,0.468,0.032,1.93388492885924e-161,"2","CSF3R"
4.52095283709546e-164,2.16995542424718,0.914,0.401,5.59965218402644e-160,"2","PSAP"
1.66907770938906e-162,2.89602379644335,0.649,0.104,2.06731965084929e-158,"2","CFP"
6.14216744281436e-160,2.41350788814244,0.71,0.128,7.60768859466987e-156,"2","SERPINA1"
8.95889768407715e-159,3.68082053026614,0.522,0.054,1.1096490671498e-154,"2","NUP214"
1.3056311090813e-156,3.44287322700025,0.572,0.074,1.61715469170809e-152,"2","NCF2"
5.96036438260384e-155,1.79389749673642,0.973,0.541,7.38250732429311e-151,"2","COTL1"
1.54608826140736e-151,3.54341472194648,0.539,0.069,1.91498492057916e-147,"2","BLVRB"
1.21073289264508e-149,5.45146925068863,0.365,0.012,1.4996137608302e-145,"2","ASGR1"
9.46798962727776e-148,1.36952497763273,1,0.826,1.17270519523462e-143,"2","CYBA"
8.56747807393225e-145,2.77029143470817,0.547,0.069,1.06116783423725e-140,"2","IFI30"
9.3422270123342e-145,3.72291589633863,0.434,0.034,1.15712823774771e-140,"2","ALDH2"
5.95188103860601e-142,2.98812140121405,0.641,0.13,7.3719998544174e-138,"2","FCGRT"
8.41829556732182e-142,2.10680223150623,0.862,0.389,1.04269008896848e-137,"2","GABARAP"
2.18400784536926e-139,2.53956058031349,0.626,0.109,2.70511211727436e-135,"2","SPI1"
2.84618621697622e-134,2.03261341206339,0.793,0.254,3.52528624834675e-130,"2","PYCARD"
3.35524895390512e-133,3.69411186769125,0.409,0.033,4.15581135430688e-129,"2","FPR1"
4.47503992518105e-131,2.05831765902807,0.843,0.327,5.54278445132924e-127,"2","RAC1"
2.65832498909083e-130,6.77979511677415,0.288,0.004,3.29260133148791e-126,"2","FOLR3"
3.40625072448299e-130,4.70847986889466,0.322,0.011,4.21898214734463e-126,"2","RBP7"
5.42782069351599e-129,3.71945287249416,0.407,0.034,6.72289871098891e-125,"2","IGSF6"
5.86375859853841e-129,2.73197183409964,0.585,0.107,7.26285140014968e-125,"2","BRI3"
3.32494755322633e-128,2.18962420604412,0.76,0.238,4.11828003942613e-124,"2","TKT"
1.69574065218045e-122,3.31198419709001,0.505,0.079,2.1003443717907e-118,"2","TNFSF13B"
5.55871716757018e-122,2.08146852594812,0.837,0.371,6.88502708375242e-118,"2","TSPO"
1.63695099994886e-121,2.15519734540635,0.624,0.13,2.02752750853665e-117,"2","IFITM3"
2.31124538185797e-121,3.16473058426357,0.459,0.058,2.86270852996928e-117,"2","SLC7A7"
2.75431517600289e-117,3.58674810932405,0.43,0.052,3.41149477699718e-113,"2","APOBEC3A"
1.73715926067247e-116,3.19196365633508,0.434,0.054,2.15164546026892e-112,"2","MNDA"
2.73571224664426e-116,4.50366546181406,0.317,0.017,3.38845318869358e-112,"2","BST1"
5.17193717850295e-115,2.87153794962928,0.52,0.094,6.40596138929375e-111,"2","RNF130"
2.14581293847345e-114,3.89035349192184,0.37,0.033,2.65780390559322e-110,"2","VCAN"
2.09687053716205e-112,1.33476776378573,0.981,0.837,2.59718384732892e-108,"2","GAPDH"
1.95160559457794e-111,1.94312803157039,0.729,0.259,2.41725868944423e-107,"2","TALDO1"
7.43705831529257e-110,6.07550131608838,0.265,0.008,9.21154042932138e-106,"2","S100A12"
4.35574993667458e-105,4.17197642212167,0.336,0.029,5.39503187156514e-101,"2","PLBD1"
3.92261955167443e-103,2.81296629540811,0.524,0.113,4.85855657670395e-99,"2","CTSB"
1.95983135093263e-102,1.85981554736852,0.768,0.3,2.42744711126516e-98,"2","IFI6"
8.1516835863407e-102,2.64767214804422,0.497,0.096,1.00966752900416e-97,"2","CTSH"
1.56041195219136e-99,3.15744715237115,0.395,0.053,1.93272624398422e-95,"2","ODF3B"
1.16236755876569e-98,1.47972751073015,0.91,0.552,1.43970845828718e-94,"2","NEAT1"
1.33675789904293e-98,3.23533581982387,0.386,0.052,1.65570833375457e-94,"2","CPVL"
1.47642490425213e-95,3.38655177400729,0.357,0.042,1.82869988640669e-91,"2","SMCO4"
4.14920372284935e-93,3.26836886049859,0.355,0.044,5.13920373112121e-89,"2","TGFBI"
1.34728092355725e-91,1.97709761202739,0.685,0.256,1.66874215191801e-87,"2","AP2S1"
3.74161320627114e-91,0.957268693357706,1,0.841,4.63436211728743e-87,"2","SH3BGRL3"
2.20365618870701e-90,0.931701295924897,0.956,0.477,2.7294485553325e-86,"2","HLA-DRA"
2.05526067560699e-89,2.70003317371409,0.38,0.055,2.54564587280682e-85,"2","LILRA5"
4.04118028290258e-86,4.18709217836343,0.261,0.019,5.00540589840314e-82,"2","TMEM176B"
4.58693591796858e-86,3.4800384028854,0.311,0.034,5.68137882799588e-82,"2","RAB32"
7.175918840132e-84,1.26252331244533,0.944,0.703,8.8880930753875e-80,"2","ARPC1B"
3.91589419439157e-82,2.88778340959789,0.392,0.067,4.8502265491734e-78,"2","STX11"
2.63787000081468e-81,3.66559405604148,0.273,0.025,3.26726578300906e-77,"2","CD33"
1.02211305078943e-80,1.61396227011037,0.722,0.292,1.26598922470778e-76,"2","C1orf162"
1.08198759685889e-79,1.65378327548452,0.668,0.237,1.34014983746942e-75,"2","CEBPB"
9.44636962594052e-79,1.61397678056846,0.754,0.349,1.17002734186899e-74,"2","ANXA2"
1.890030829844e-77,2.06829396697473,0.53,0.152,2.34099218584478e-73,"2","CAPG"
1.92401854904986e-77,0.573403237811617,1,0.998,2.38308937485316e-73,"2","TMSB10"
2.24520776613597e-77,1.27063675139002,0.873,0.52,2.78091433913602e-73,"2","SRGN"
9.21834383931082e-77,2.08452361761818,0.643,0.248,1.14178406793704e-72,"2","ATP6V0B"
7.5181366762942e-76,4.2367743791263,0.269,0.029,9.311964087258e-72,"2","IL8"
7.5843502345531e-76,2.80070469157173,0.359,0.062,9.39397620051747e-72,"2","KLF4"
1.90958815896373e-75,0.968486885778695,0.965,0.787,2.36521589369247e-71,"2","ARPC3"
9.62227982705022e-75,2.56088046740921,0.407,0.087,1.19181557937844e-70,"2","AGTRAP"
2.02315045980144e-74,1.92847250327387,0.58,0.194,2.50587415951007e-70,"2","RGS2"
5.21161856651127e-74,2.54908004731505,0.342,0.056,6.45511075648085e-70,"2","CTSZ"
2.33443082556266e-73,2.82085563769476,0.33,0.052,2.89142602054191e-69,"2","MSRB1"
1.67780624604502e-72,1.15093873208312,0.833,0.365,2.07813081635136e-68,"2","HLA-DRB1"
2.25063195873952e-72,2.21291124241773,0.468,0.121,2.78763274409478e-68,"2","LY86"
1.35447658398088e-70,2.71127253525941,0.344,0.062,1.67765469691872e-66,"2","PLAUR"
1.7731124410528e-70,1.12846732244995,0.958,0.791,2.196177069488e-66,"2","VIM"
2.98352155555712e-70,3.71989691529264,0.267,0.032,3.69538979871305e-66,"2","IL1B"
2.95240775386481e-69,2.901371013323,0.382,0.083,3.65685224393696e-65,"2","CCL3"
3.49496885639569e-69,2.12954115580127,0.399,0.084,4.3288684255317e-65,"2","HCK"
4.10678432101843e-67,1.95434121231828,0.491,0.141,5.08666306001343e-63,"2","FGR"
1.72335023627413e-66,2.56171456739414,0.43,0.112,2.13454160264914e-62,"2","BLVRA"
3.16802734161366e-66,2.73331350629718,0.311,0.052,3.92391866532267e-62,"2","C19orf38"
1.6354071422681e-65,2.27217883102264,0.547,0.196,2.02561528641327e-61,"2","LINC00936"
5.28748985181888e-65,2.88318549111411,0.351,0.071,6.54908493046286e-61,"2","FGL2"
5.8208968706778e-65,2.64820128615427,0.332,0.062,7.20976286402152e-61,"2","PGD"
9.19794780981526e-65,0.938099554624509,0.942,0.796,1.13925781572372e-60,"2","ATP5G2"
2.21353986645374e-64,3.13574630532798,0.299,0.049,2.7416904785896e-60,"2","MAFB"
2.63215390967376e-64,2.20910841311959,0.334,0.062,3.26018583252192e-60,"2","PILRA"
2.17274773945588e-63,2.69280858542311,0.315,0.057,2.69116535009005e-59,"2","MPEG1"
3.12530506309611e-63,2.27583059805193,0.409,0.105,3.87100285115085e-59,"2","APLP2"
4.2060787016236e-63,1.27733766657969,0.839,0.581,5.20964907983099e-59,"2","S100A10"
3.15234610140464e-62,3.23006803175523,0.271,0.04,3.90449588119979e-58,"2","FCGR2A"
3.86150952135254e-62,2.40707513133018,0.336,0.067,4.78286569314726e-58,"2","EIF4EBP1"
5.03457271881795e-62,2.77553308991999,0.284,0.045,6.23582176952792e-58,"2","SLC11A1"
1.60441660725373e-61,1.34348101210689,0.633,0.247,1.98723040974447e-57,"2","TIMP1"
2.39396020378782e-61,0.849479209396356,0.965,0.839,2.96515910841159e-57,"2","SERF2"
4.25481304175516e-60,1.23485469977988,0.672,0.266,5.27001143351794e-56,"2","HLA-DRB5"
2.79642497905471e-59,1.4756554369897,0.722,0.388,3.46365197905716e-55,"2","PRELID1"
1.17814743634729e-58,0.562225606195179,1,0.998,1.45925341465975e-54,"2","ACTB"
1.84444113053598e-58,1.51995954573917,0.704,0.373,2.28452478428187e-54,"2","NFKBIA"
4.38899967093307e-58,0.424657741338839,1,1,5.43621499241771e-54,"2","TMSB4X"
2.66130357798725e-57,1.92358232985324,0.495,0.173,3.29629061169501e-53,"2","CTSD"
9.49279796522151e-57,0.712316620895802,0.996,0.952,1.17577795597234e-52,"2","MT-ND1"
1.56944051275254e-56,2.76621869306658,0.288,0.052,1.94390901909529e-52,"2","C5AR1"
4.37416894205514e-56,1.32712250014645,0.716,0.389,5.4178456516295e-52,"2","FKBP1A"
6.17496138847808e-56,1.48514168037114,0.543,0.191,7.64830717576895e-52,"2","HLA-DMA"
2.82904917594794e-55,2.38329774804705,0.38,0.1,3.50406030932912e-51,"2","IFNGR2"
9.56599185262133e-55,2.32657800286082,0.313,0.066,1.18484375086568e-50,"2","TBXAS1"
1.2889375780852e-54,2.27179373875903,0.342,0.081,1.59647808421633e-50,"2","SCO2"
3.64439463453803e-54,1.85530440273806,0.539,0.209,4.5139471943388e-50,"2","CNPY3"
4.85008575428818e-54,2.42353237418551,0.29,0.056,6.00731621526134e-50,"2","RNASE6"
3.17599774627502e-53,1.06492756641403,0.831,0.63,3.93379080853624e-49,"2","EIF4A1"
5.60126540149403e-53,2.09332096788852,0.378,0.103,6.93772732629051e-49,"2","C4orf48"
5.53867890779686e-52,1.60274952514521,0.553,0.229,6.86020769519719e-48,"2","C20orf24"
7.37848039940801e-52,0.686508026512055,0.985,0.931,9.13898582270676e-48,"2","PFDN5"
8.3977396820064e-52,1.67676156253087,0.489,0.176,1.04014403701331e-47,"2","STXBP2"
8.53858540084226e-52,1.97291297697242,0.328,0.079,1.05758918774832e-47,"2","GCA"
5.88109603757777e-50,1.63979326200608,0.493,0.178,7.28432555214382e-46,"2","ASAH1"
1.40383502915629e-49,2.50428594913208,0.263,0.05,1.73879006711299e-45,"2","DUSP6"
2.26386476089434e-49,1.41487422874384,0.685,0.368,2.80402289284373e-45,"2","ISG15"
5.85591053572905e-48,1.08364030519266,0.758,0.445,7.25313078955401e-44,"2","LAMTOR4"
1.79443491110122e-47,2.42353237418551,0.284,0.063,2.22258708088997e-43,"2","CYBB"
8.40722492956638e-47,2.23163934342001,0.278,0.06,1.04131887977609e-42,"2","CPPED1"
8.87123962594683e-47,1.5365413360147,0.499,0.196,1.09879174006977e-42,"2","AMICA1"
1.15142207593078e-46,1.27293667448877,0.704,0.411,1.42615138324787e-42,"2","FOSB"
1.16960001233779e-46,2.02967726133189,0.378,0.114,1.44866657528159e-42,"2","NCF1"
3.02114036530878e-46,1.92236594291464,0.522,0.225,3.74198445647146e-42,"2","H2AFY"
4.0441699718354e-46,1.55281480517988,0.608,0.293,5.00910892711532e-42,"2","ATP6V1F"
8.24353751612439e-46,1.52086258610631,0.608,0.291,1.02104455674717e-41,"2","SERPINB1"
9.76114925290282e-46,1.40449257345951,0.537,0.227,1.20901594646454e-41,"2","PGLS"
1.35367550449594e-45,1.47943065378947,0.61,0.296,1.67666247986867e-41,"2","GLRX"
5.0293692726996e-45,1.62092954121023,0.428,0.143,6.22937678116573e-41,"2","BID"
1.71314047480471e-44,1.76212167675517,0.376,0.116,2.12189579209312e-40,"2","LGALS9"
1.43215596446113e-43,0.938881784452657,0.839,0.66,1.77386837758155e-39,"2","ALDOA"
2.08864519676139e-43,1.60663962321237,0.296,0.07,2.58699594070866e-39,"2","RP11-290F20.3"
8.69827618149866e-43,0.9465239414339,0.762,0.425,1.07736848784042e-38,"2","HLA-DPA1"
3.28126337843758e-42,1.87276574043916,0.269,0.061,4.06417282053278e-38,"2","LRRC25"
7.01591530437907e-42,0.456555933520954,1,0.999,8.68991269600392e-38,"2","MT-CO1"
1.98289339755858e-41,2.24764575519103,0.305,0.084,2.45601176221606e-37,"2","RHOB"
2.19185667998168e-40,2.28334649188031,0.271,0.067,2.71483368382531e-36,"2","MIR24-2"
4.49271709718632e-40,2.30193019719506,0.336,0.105,5.56467939657498e-36,"2","JUND"
1.3762133551573e-39,1.2208814673397,0.587,0.305,1.70457786169783e-35,"2","C10orf54"
2.89271973434378e-39,0.692464352686101,0.973,0.842,3.58292266295821e-35,"2","MYL6"
3.0585121543066e-39,0.879642747186561,0.695,0.435,3.78827315432415e-35,"2","VAMP8"
3.6794026826989e-39,1.3767794727282,0.449,0.17,4.55730816279086e-35,"2","FAM26F"
1.71125682677912e-38,1.54806764115999,0.426,0.162,2.11956270564862e-34,"2","GLIPR2"
1.91505490028761e-38,1.37054925530507,0.61,0.317,2.37198699949623e-34,"2","RHOG"
3.19102261390087e-38,1.13188891065769,0.691,0.416,3.95240060957761e-34,"2","TCEB2"
8.79456676899707e-38,1.34063598580333,0.505,0.225,1.08929504000798e-33,"2","CARD16"
9.64849489031694e-38,1.40687909966456,0.524,0.243,1.19506257711466e-33,"2","ANXA5"
8.50619880590323e-37,2.13699696072032,0.269,0.072,1.05357778409917e-32,"2","TMEM205"
2.83352208161411e-36,1.8168653741521,0.342,0.115,3.50960045028724e-32,"2","BNIP3L"
3.78703929715153e-36,1.96479639346464,0.347,0.118,4.69062687345188e-32,"2","SAT2"
4.36323566704046e-36,1.61280825945308,0.384,0.14,5.40430369719631e-32,"2","EFHD2"
4.52320787112805e-36,1.41533546463492,0.486,0.224,5.60244526917921e-32,"2","CLTA"
2.1704328553705e-35,1.43510017828162,0.382,0.142,2.6882981346619e-31,"2","DYNLT1"
2.33234721298247e-35,1.16243303735864,0.559,0.279,2.88884525800009e-31,"2","CD63"
2.90423251714816e-35,2.03459275174601,0.259,0.069,3.59718239573971e-31,"2","CECR1"
5.64025594224312e-35,1.02198801464647,0.701,0.438,6.98602101006233e-31,"2","TPI1"
8.03478644046385e-35,0.693220542267311,0.749,0.453,9.95188648515852e-31,"2","HLA-DPB1"
9.22698050315138e-35,1.04792739024762,0.555,0.281,1.14285380512033e-30,"2","LAMTOR1"
3.99806576172802e-34,1.39863095369761,0.495,0.234,4.95200425247632e-30,"2","NOP10"
4.33582524979573e-34,2.21824538107275,0.29,0.088,5.37035315439699e-30,"2","C20orf27"
1.42797669413826e-33,1.3408500780087,0.482,0.229,1.76869193335964e-29,"2","GSTO1"
1.7854443481293e-33,0.824891052345743,0.818,0.612,2.21145136959295e-29,"2","LY6E"
5.01199896129069e-33,1.47057807363634,0.409,0.172,6.20786191345465e-29,"2","GNAI2"
1.17179624329382e-31,1.99047711806372,0.265,0.08,1.45138682694372e-27,"2","THEMIS2"
2.05108671835824e-31,0.777789901256402,0.843,0.665,2.54047600935851e-27,"2","ZFP36"
5.26368324913333e-30,1.61834270975217,0.336,0.128,6.51959807237654e-26,"2","ATP6V0D1"
1.99458911336113e-29,2.01258500945542,0.284,0.094,2.4704980758091e-25,"2","SCPEP1"
3.57304516651365e-29,1.7006978569974,0.263,0.083,4.4255737432438e-25,"2","ATOX1"
4.58012868180218e-29,1.31960153008267,0.376,0.156,5.67294738528018e-25,"2","TIMM13"
5.82214154201236e-29,0.988102751261672,0.701,0.482,7.21130451393651e-25,"2","GPX4"
7.51903461808283e-29,1.08039350647218,0.676,0.446,9.3130762779574e-25,"2","SLC25A5"
1.1366366837516e-28,0.746651092036966,0.724,0.488,1.40783819649474e-24,"2","SERP1"
1.14509503182149e-28,1.61576970293707,0.305,0.109,1.4183147064141e-24,"2","COMT"
1.21306546730726e-28,1.68638005560804,0.426,0.196,1.50250288780678e-24,"2","ARRB2"
1.35948994333505e-28,1.74957642343605,0.315,0.115,1.68386424381479e-24,"2","OAZ2"
1.98357103285417e-28,1.58580131780663,0.365,0.151,2.45685108129317e-24,"2","SOD2"
3.32615061918352e-28,1.04819520072563,0.568,0.324,4.11977015692071e-24,"2","H3F3A"
3.70296699265408e-28,1.16037855972386,0.466,0.229,4.58649491710134e-24,"2","SUPT4H1"
1.36172003454773e-27,1.40162070123807,0.317,0.118,1.68662643479081e-23,"2","HSBP1"
1.62163892173583e-27,1.03133454272288,0.52,0.281,2.00856196846199e-23,"2","WDR83OS"
1.81418334879193e-27,1.00755063142266,0.263,0.081,2.24704749581369e-23,"2","MS4A7"
3.94440314591104e-27,1.78946571420365,0.253,0.082,4.88553773652542e-23,"2","GLUL"
1.07789720990123e-26,0.617993336519538,0.795,0.585,1.33508348418367e-22,"2","CLIC1"
1.24765807464569e-26,1.28397507550108,0.468,0.238,1.54534929125615e-22,"2","NDUFS7"
1.92177270176592e-26,1.51162823327883,0.403,0.191,2.38030766840727e-22,"2","SAMHD1"
2.50134438358324e-26,1.47865186261444,0.344,0.144,3.0981651535062e-22,"2","POLE4"
3.25134670898734e-26,1.85503396552353,0.259,0.089,4.02711803375172e-22,"2","NAGK"
3.36002085863967e-26,1.24431134304734,0.386,0.172,4.1617218355111e-22,"2","LAMTOR2"
7.26700505165144e-26,1.14030185063905,0.491,0.258,9.00091245697547e-22,"2","MT2A"
1.31143364106505e-25,1.62793440157559,0.269,0.094,1.62434170782316e-21,"2","WARS"
1.5428918824687e-25,1.50463990970997,0.303,0.115,1.91102588562573e-21,"2","NINJ1"
5.89169153102011e-25,1.0283373854715,0.57,0.343,7.29744913032151e-21,"2","NDUFA11"
9.86423411303428e-25,0.549533942231554,0.902,0.78,1.22178403724043e-20,"2","ARPC2"
1.30013446727441e-24,1.30221781751107,0.286,0.107,1.61034655116608e-20,"2","ZYX"
2.13204289337505e-24,0.76988165026815,0.716,0.511,2.64074832773434e-20,"2","COX6B1"
9.22400224686594e-24,1.24270011321616,0.374,0.17,1.14248491829681e-19,"2","TNFSF10"
3.98945836120281e-23,0.957788801307951,0.608,0.382,4.9413431261858e-19,"2","BST2"
2.36054008001147e-22,1.17845075628222,0.397,0.196,2.92376494310221e-18,"2","SDCBP"
5.90531730610044e-22,0.704004737866609,0.693,0.488,7.31432601533601e-18,"2","BRK1"
6.3670037063458e-22,1.52216118897252,0.255,0.095,7.88617079067991e-18,"2","CAPNS1"
7.57537155474051e-22,0.985530853109751,0.509,0.298,9.38285520770159e-18,"2","POLR2L"
8.35471196980856e-22,1.39995509200066,0.288,0.118,1.03481462458049e-17,"2","POU2F2"
1.77343070493072e-21,0.999880024572685,0.326,0.14,2.19657127112719e-17,"2","HLA-DMB"
3.27793350877037e-21,0.67803209985728,0.668,0.483,4.06004844396299e-17,"2","ATP5D"
3.43622610483896e-21,0.911478987963555,0.528,0.312,4.25610965345354e-17,"2","CSTB"
9.24560688175898e-21,0.90017010298508,0.537,0.331,1.14516086837467e-16,"2","COX8A"
1.05174717943975e-20,1.67643561568891,0.263,0.104,1.30269405645407e-16,"2","TNFRSF1B"
1.08937517770456e-20,0.832895714951034,0.578,0.368,1.34930009510486e-16,"2","PKM"
1.42429530824585e-20,1.51454548800194,0.422,0.225,1.76413216879331e-16,"2","TMEM219"
3.36862042717994e-20,1.13744635388662,0.48,0.277,4.17237326110507e-16,"2","SEC11A"
3.47371792877751e-20,1.00679809108903,0.434,0.233,4.30254702658382e-16,"2","UQCRFS1"
5.32787921264647e-20,1.02015769629401,0.426,0.227,6.59911119278392e-16,"2","CASP1"
6.02255066394772e-20,1.41601211687173,0.311,0.14,7.45953125236564e-16,"2","UQCRC1"
9.77695021177489e-20,0.683104176068175,0.685,0.51,1.21097305323044e-15,"2","RHOA"
1.14995119974745e-19,1.19443068654529,0.342,0.162,1.42432955600719e-15,"2","GLIPR1"
1.75326330975418e-19,0.832713330141248,0.624,0.43,2.17159193546152e-15,"2","HIGD2A"
3.45875454800215e-19,0.664795737267505,0.63,0.412,4.28401338315546e-15,"2","ITGB2"
6.09698013963604e-19,1.56165216843906,0.255,0.105,7.5517196009532e-15,"2","PLSCR1"
1.10941011080688e-18,0.930761291686772,0.447,0.257,1.3741153632454e-14,"2","RNH1"
1.52520545250574e-18,1.47746445922158,0.315,0.15,1.88911947347361e-14,"2","RILPL2"
1.60690428562443e-18,1.37856870364118,0.269,0.116,1.99031164817442e-14,"2","LAP3"
2.0126342086096e-18,1.02566001197439,0.365,0.188,2.49284873078385e-14,"2","NDUFS6"
2.0585209280834e-18,0.317333209033641,0.992,0.95,2.5496840215241e-14,"2","PFN1"
3.23500072236896e-18,1.22103951028677,0.305,0.142,4.00687189472619e-14,"2","NDUFB1"
3.97091307448994e-18,0.50018453572166,0.898,0.828,4.91837293406324e-14,"2","SLC25A6"
4.29031412832803e-18,1.25070684532373,0.299,0.136,5.3139830793471e-14,"2","SPG21"
8.11335347193052e-18,1.05915182790987,0.307,0.145,1.00491996103331e-13,"2","GRB2"
9.61865804171333e-18,1.06115418082102,0.336,0.168,1.19136698504661e-13,"2","ATG3"
2.38564307843061e-17,1.15724808497111,0.313,0.151,2.95485751694415e-13,"2","SERPINB6"
2.51214344189602e-17,0.552043227447616,0.889,0.812,3.11154086713241e-13,"2","YBX1"
4.0643710668791e-17,0.621947890261397,0.812,0.705,5.03413000343646e-13,"2","EMP3"
5.35317467485517e-17,0.897887164607251,0.392,0.214,6.63044215227562e-13,"2","REEP5"
7.07203683904071e-17,1.03296789610622,0.401,0.228,8.75942482883582e-13,"2","ZNHIT1"
1.14248523489224e-16,0.430738749721371,0.996,0.972,1.41508221193752e-12,"2","H3F3B"
1.53944333994678e-16,0.814261436923273,0.507,0.327,1.90675452085808e-12,"2","PSMB3"
1.65062444323355e-16,1.25677634409738,0.263,0.119,2.04446343538908e-12,"2","PARVG"
3.57383277453077e-16,0.827614261075444,0.614,0.452,4.42654927453381e-12,"2","COX5B"
4.1939179361752e-16,1.19792813078152,0.263,0.122,5.1945867557466e-12,"2","EIF4E2"
6.70614647272241e-16,0.946814872135868,0.468,0.292,8.30623302111398e-12,"2","UBE2L6"
8.40728260082575e-16,0.721353083350383,0.674,0.511,1.04132602293828e-11,"2","UQCR11.1"
1.18384385434088e-15,0.442848768116288,0.96,0.91,1.46630899798662e-11,"2","COX4I1"
1.36130063724031e-15,0.625309927192971,0.445,0.262,1.68610696928584e-11,"2","BLOC1S1"
1.62452021297275e-15,1.38329774804705,0.251,0.113,2.01213073578805e-11,"2","STX10"
1.77077267902498e-15,1.14738915713419,0.443,0.267,2.19327904024034e-11,"2","CASP4"
3.45939332818191e-15,1.15553636433421,0.276,0.132,4.28480457628611e-11,"2","IFI27L2"
4.84131392994812e-15,0.917294859881652,0.411,0.247,5.99645143363375e-11,"2","PPP4C"
7.7682092018441e-15,0.741642404289515,0.585,0.411,9.6217039174041e-11,"2","NDUFA13"
1.08629254724314e-14,1.17064635913094,0.334,0.182,1.34548194901535e-10,"2","VAMP5"
1.10658167386955e-14,0.986176980630092,0.361,0.202,1.37061206125483e-10,"2","DOK2"
1.15546294312163e-14,0.761889286459507,0.666,0.511,1.43115640135045e-10,"2","PSMA7"
1.38826966430843e-14,0.436282846873956,0.831,0.717,1.71951080621242e-10,"2","ATP5E"
1.52809060627014e-14,0.952002970249082,0.34,0.184,1.89269302492619e-10,"2","CD97"
1.77606591499863e-14,0.803111668678967,0.401,0.23,2.1998352423173e-10,"2","VASP"
1.80510184040857e-14,1.35095647243332,0.301,0.156,2.23579913953005e-10,"2","MYADM"
2.65010044611549e-14,0.936896077858874,0.386,0.23,3.28241441255865e-10,"2","HSD17B11"
3.36675656213194e-14,0.843666773609365,0.382,0.223,4.17006467785662e-10,"2","GNB2"
3.70301135391797e-14,0.788260106475496,0.434,0.27,4.5865498629628e-10,"2","HMGB2"
3.91870789612368e-14,1.04442454216332,0.286,0.146,4.85371160013879e-10,"2","EPSTI1"
4.10275862196859e-14,1.35140637265866,0.303,0.157,5.0816768291703e-10,"2","PPT1"
4.51089209052014e-14,0.752035713019028,0.476,0.307,5.58719094331825e-10,"2","PRDX5"
4.53411277046795e-14,0.817674516159877,0.418,0.252,5.61595207750161e-10,"2","ARF5"
6.48246292462776e-14,0.816950925493244,0.363,0.208,8.02917857844394e-10,"2","RNF7"
6.61183481301718e-14,1.00363225850736,0.261,0.126,8.18941859940308e-10,"2","PHPT1"
1.4722500431616e-13,1.26519625515884,0.282,0.145,1.82352890345996e-09,"2","NAAA"
1.57799964308775e-13,1.23076320598007,0.28,0.146,1.95451035792848e-09,"2","IFI35"
2.31251603798662e-13,0.727353488998449,0.557,0.391,2.86428236465023e-09,"2","C11orf31"
2.99717919567988e-13,1.05468716111706,0.271,0.139,3.7123061517691e-09,"2","C14orf2"
3.71389396435028e-13,0.773505206593643,0.518,0.359,4.60002906424426e-09,"2","MCL1"
5.73458596958097e-13,0.431474682217215,0.797,0.707,7.10285818192299e-09,"2","EIF3K"
5.89780016530397e-13,0.783027422635634,0.411,0.253,7.30501528474549e-09,"2","GNAS"
8.79199515563177e-13,1.00600212139111,0.271,0.139,1.08897651997655e-08,"2","CHMP4B"
1.16637446066732e-12,0.681543457748028,0.514,0.35,1.44467140698254e-08,"2","NDUFB11"
1.4912052083181e-12,0.914224251544943,0.263,0.135,1.8470067710228e-08,"2","SMS"
1.86397983087431e-12,0.742960102571654,0.317,0.178,2.30872541852092e-08,"2","RNF181"
3.11934571909616e-12,1.26093904491713,0.296,0.163,3.86362160767251e-08,"2","TGFB1"
3.36527935843224e-12,0.444851448972336,0.952,0.9,4.16823501335418e-08,"2","DUSP1"
3.46055516013322e-12,0.60417670692035,0.451,0.294,4.286243621341e-08,"2","DYNLL1"
4.14366804920287e-12,1.14313022054923,0.261,0.136,5.13234724574268e-08,"2","FIBP"
6.71018182202058e-12,0.882714516154626,0.392,0.248,8.31123120475469e-08,"2","MRPL23"
8.41169793012074e-12,0.797919664710064,0.397,0.252,1.04187290562476e-07,"2","GNG5"
8.51774454534343e-12,0.82013498116858,0.43,0.285,1.05500783938624e-07,"2","NDUFB10"
9.84046095075131e-12,0.858128332168155,0.313,0.175,1.21883949336006e-07,"2","MT-ND3"
2.19831120779027e-11,0.92790729463162,0.288,0.159,2.72282826196903e-07,"2","CYC1"
2.43288156116629e-11,0.609104685053294,0.372,0.225,3.01336710166057e-07,"2","RGS19"
2.61191529539026e-11,0.927522524649104,0.282,0.155,3.23511828487038e-07,"2","CLTB"
2.63826670566591e-11,0.728757640202668,0.294,0.163,3.2677571416378e-07,"2","OAS1"
2.69624391597644e-11,1.01546938909247,0.263,0.142,3.33956771432842e-07,"2","LSMD1"
2.9843400189245e-11,1.16412138751141,0.28,0.156,3.69640354743988e-07,"2","SNF8"
4.05948766316183e-11,0.828004849745085,0.449,0.302,5.02808141959224e-07,"2","COX5A"
5.49066007866945e-11,1.02628719400425,0.253,0.135,6.80073157343999e-07,"2","LTA4H"
5.67604889895689e-11,0.519257909020303,0.557,0.418,7.030354166248e-07,"2","SNX3"
6.1690065062821e-11,0.468549734413829,0.499,0.34,7.64093145868101e-07,"2","ID2"
7.00478282696209e-11,0.880475934273464,0.486,0.344,8.67612400947524e-07,"2","SF3B5"
7.16618534448701e-11,0.837186176297255,0.338,0.203,8.87603716768161e-07,"2","ANAPC11"
1.09368966255193e-10,0.33993178393362,0.77,0.666,1.35464401603682e-06,"2","GMFG"
2.16076256696397e-10,0.707809003948418,0.543,0.4,2.67632051544158e-06,"2","UBL5"
2.63849120552016e-10,0.884428657964738,0.307,0.18,3.26803520715727e-06,"2","FLNA"
4.70307394082662e-10,0.91452826483042,0.251,0.136,5.82522738310785e-06,"2","CAST"
5.25253943399532e-10,1.36075742752472,0.303,0.181,6.50579534294661e-06,"2","SDHB"
6.68861793032984e-10,0.64780881218877,0.537,0.384,8.28452216850654e-06,"2","COPE"
8.72199376710869e-10,0.969076483608024,0.259,0.147,1.08030614799408e-05,"2","BAG1"
1.32067438499224e-09,0.430650779181078,0.735,0.591,1.63578729325138e-05,"2","KLF6"
1.37564151866596e-09,1.21354014174804,0.282,0.167,1.70386958501966e-05,"2","IDH3G"
2.17712987082052e-09,0.737495299148656,0.363,0.236,2.6965930579983e-05,"2","AHNAK"
3.08880981145836e-09,0.572543663616093,0.33,0.204,3.82579983247232e-05,"2","HN1"
3.8684386809033e-09,0.877019068280434,0.37,0.253,4.79144815016683e-05,"2","ATP5I"
4.42295796635292e-09,0.755923583902407,0.284,0.167,5.47827573712472e-05,"2","OXA1L"
4.43748551040315e-09,0.904421521855169,0.255,0.146,5.49626955318534e-05,"2","ZFAND5"
5.02857481823091e-09,0.691647042865583,0.365,0.24,6.22839276986081e-05,"2","ATP5EP2"
6.37874073147916e-09,1.01145508587858,0.261,0.15,7.90070827001009e-05,"2","SSR3"
8.19599195086334e-09,0.681235775144352,0.424,0.303,0.000101515556303393,"2","UQCR10"
1.47370796378681e-08,0.705859562113175,0.324,0.205,0.000182533468394634,"2","MYO1F"
1.95572994679773e-08,0.813818210440616,0.336,0.225,0.000242236711210367,"2","CHMP1B"
2.59502196865255e-08,0.430792426376009,0.524,0.403,0.000321419421037304,"2","SH3BGRL"
3.23331083047047e-08,0.724786629784287,0.288,0.176,0.000400477879462072,"2","SQSTM1"
3.62341770753808e-08,0.693844185956334,0.269,0.163,0.000448796517255667,"2","ENY2"
4.92674952672944e-08,0.747293591640096,0.299,0.191,0.000610227196380709,"2","MRPL54"
5.04935333168322e-08,0.686807582839909,0.426,0.313,0.000625412903662284,"2","LRRFIP1"
5.44299236599266e-08,0.802312277090599,0.267,0.163,0.000674169034451851,"2","COX17"
6.1062943700218e-08,0.357888510352426,0.424,0.301,0.000756325620670901,"2","CSNK2B"
9.56754796153486e-08,0.666662235545504,0.271,0.167,0.00118503649051571,"2","WASF2"
1.30881885666589e-07,0.811365195775015,0.328,0.223,0.00162110303586637,"2","METTL9"
2.25961115944082e-07,0.583224582979597,0.332,0.228,0.00279875438208339,"2","NDUFA2"
2.59135802854701e-07,0.57263494021109,0.361,0.25,0.00320965605415833,"2","PRDX6"
3.70488095005173e-07,0.602406106922481,0.399,0.288,0.00458886554473407,"2","ATP5J2"
4.63370556867638e-07,0.756731891911724,0.378,0.268,0.00573930771736257,"2","SRSF9"
5.00757928385052e-07,0.674487977674547,0.365,0.253,0.00620238770097725,"2","RBX1"
5.33202008042884e-07,0.382945382895154,0.572,0.453,0.00660424007161916,"2","ARL6IP4"
5.46618170849418e-07,0.657278787829476,0.299,0.197,0.00677041266414089,"2","C1orf43"
7.12390891144719e-07,0.544578655080114,0.526,0.412,0.00882367357771849,"2","PCBP1"
7.41598496839143e-07,0.487801463374857,0.313,0.211,0.00918543898184963,"2","RTN4"
9.20798217460376e-07,0.699040539134622,0.28,0.181,0.0114050067214642,"2","CKLF"
1.59246001029544e-06,0.451107173878879,0.403,0.293,0.0197242096875194,"2","FIS1"
2.11279686148609e-06,0.528014810205665,0.559,0.455,0.0261691019263667,"2","NEDD8"
2.42971486261174e-06,0.5400489965996,0.357,0.252,0.030094448288309,"2","NDUFB7"
2.64746895204156e-06,0.584215627317459,0.378,0.28,0.0327915504399868,"2","ZNF706"
3.54724889379036e-06,0.893473797567745,0.299,0.204,0.0439362247984873,"2","ALKBH7"
4.64778054907446e-06,0.699266217278172,0.382,0.282,0.0575674098808362,"2","PSMB7"
5.20694798185958e-06,0.500486070896943,0.595,0.518,0.0644932577033128,"2","PSME2"
6.00812541903837e-06,0.438172428075175,0.593,0.504,0.0744166414402093,"2","CALM2"
6.19545336829095e-06,0.525126292413941,0.355,0.257,0.0767368854196517,"2","UQCRQ"
6.27985366234625e-06,0.612378640294574,0.284,0.194,0.0777822674618206,"2","EIF6"
7.65814264325361e-06,0.420131284155625,0.411,0.315,0.0948537547793392,"2","ATP5H"
8.74178376574587e-06,0.266295032851621,0.578,0.487,0.108275733722528,"2","ARPC5"
1.28367000965712e-05,0.387819793124953,0.367,0.267,0.158995367396131,"2","BAX"
1.29804227767182e-05,0.576148734080984,0.267,0.181,0.160775516512431,"2","HADHA"
1.54096326162054e-05,0.30681100785675,0.29,0.198,0.19086370958432,"2","RER1"
1.54862726444045e-05,0.606354852666804,0.269,0.185,0.191812972973595,"2","XAF1"
1.60029106078134e-05,0.71352389754359,0.288,0.206,0.198212050788376,"2","PGAM1"
1.61548400500198e-05,0.438710019973291,0.34,0.248,0.200093848859545,"2","RAB5C"
1.73160114196182e-05,0.390703147302293,0.376,0.278,0.214476117443391,"2","OSTF1"
1.9459704450852e-05,0.387956245958258,0.48,0.395,0.241027899328253,"2","ATP5G3"
2.0809726481844e-05,0.32977716348555,0.372,0.275,0.257749272204119,"2","PRDX1"
2.41282103977631e-05,0.319320900049277,0.605,0.511,0.298852013986694,"2","LSP1"
2.43957787907988e-05,0.481499972456733,0.296,0.209,0.302166116102835,"2","ATF4"
2.67904372614899e-05,0.566717632349363,0.317,0.231,0.331826355920814,"2","CHMP2A"
3.80185104640379e-05,0.322820524824839,0.474,0.374,0.470897270607573,"2","C19orf53"
4.12272504156252e-05,0.434285813519901,0.309,0.224,0.510640723647933,"2","MRPL20"
5.75544474194119e-05,0.437758870657726,0.47,0.385,0.712869385736835,"2","JTB"
5.82268876772451e-05,0.497012971828058,0.311,0.227,0.721198230770357,"2","POLR2J"
6.06344089083999e-05,0.40984475214794,0.539,0.449,0.751017788739441,"2","PARK7"
6.77042060132993e-05,0.584288364882085,0.336,0.254,0.838584295680726,"2","AURKAIP1"
6.92303990089418e-05,0.671690572983453,0.349,0.266,0.857487722124753,"2","SCAND1"
7.80051067017715e-05,0.531811359006236,0.263,0.185,0.966171251608142,"2","PSMB2"
7.90876214349485e-05,0.38289764773271,0.355,0.264,0.979579279093272,"2","POLR1D"
0.000102189440647015,0.467079087145601,0.267,0.187,1,"2","LSM10"
0.000102283039990205,0.484872408955846,0.257,0.179,1,"2","COX14"
0.000146895095158225,0.527505141721172,0.284,0.208,1,"2","NDUFA3"
0.000153925780941842,0.303570555576319,0.532,0.438,1,"2","GUK1"
0.000154098683148086,0.396511976194234,0.503,0.408,1,"2","TRAPPC1"
0.000215155025205876,0.293365957707164,0.303,0.222,1,"2","ERGIC3"
0.000242847838529578,0.518106443718923,0.286,0.212,1,"2","NDUFS8"
0.000281730712154125,0.514146758866153,0.282,0.208,1,"2","P4HB"
0.000321197925052705,0.448363339820811,0.589,0.536,1,"2","SSR4"
0.000399970080749295,0.358750683986798,0.616,0.534,1,"2","APRT"
0.000402744729871856,0.797303961574939,0.328,0.254,1,"2","LAMTOR5"
0.000420192864911088,0.495228738697416,0.299,0.226,1,"2","BUD31"
0.000584925563625158,0.471745775068672,0.33,0.254,1,"2","MSN"
0.000659428981460637,0.36566056024923,0.447,0.37,1,"2","ATP5B"
0.000746372561251286,0.509602516837139,0.253,0.185,1,"2","CAPZA2"
0.000818373091665848,0.255072037885129,0.48,0.405,1,"2","COX7A2L"
0.000865559929832915,0.27911751185178,0.303,0.229,1,"2","NDUFC2"
0.000986072782675732,0.34056476305852,0.376,0.305,1,"2","SSU72"
0.000990007361964371,0.353300412901624,0.66,0.604,1,"2","EDF1"
0.000997005345383393,0.33140967511711,0.603,0.529,1,"2","ENO1"
0.00124908031614582,0.426522893558402,0.338,0.271,1,"2","MDH2"
0.00195878031942173,0.476706542187655,0.397,0.334,1,"2","CRIP1"
0.00219851186030664,0.290261466347429,0.386,0.318,1,"2","NDUFB2"
0.00237370069175022,0.358854943791063,0.259,0.197,1,"2","C19orf10"
0.00264305219022304,0.430622465783028,0.257,0.196,1,"2","WAS"
0.00282164651515774,0.417343466784006,0.253,0.193,1,"2","VDAC1"
0.00306958785399512,0.258992407256472,0.38,0.313,1,"2","PLP2"
0.00393060330559054,0.516564278910517,0.253,0.198,1,"2","DPP7"
0.00440774862923899,0.387432258359104,0.37,0.299,1,"2","GIMAP1"
0.00460126074464384,0.345269846856707,0.282,0.225,1,"2","TOMM22"
0.00477975078853847,0.555549772901117,0.359,0.297,1,"2","EVI2B"
0.00516260275630356,0.335199561377917,0.309,0.247,1,"2","MTDH"
0.00644167743815786,0.273931065136445,0.263,0.208,1,"2","DCTN3"
0.0072000830088448,0.264470735887378,0.409,0.353,1,"2","HCLS1"
0.00844089160791887,0.296912097600139,0.319,0.264,1,"2","PDCD6"
0.00881403627014554,0.288238901820328,0.363,0.302,1,"2","NDUFA1"
0,6.81242436915963,0.932,0.036,0,"3","CD79A"
0,5.43299427829201,0.851,0.049,0,"3","MS4A1"
3.43809401731606e-269,6.71536177143819,0.622,0.02,4.25842324984767e-265,"3","TCL1A"
6.93701734763831e-268,4.42321998695343,0.914,0.134,8.59218968678482e-264,"3","CD79B"
3.30619249030306e-262,7.04738849232943,0.551,0.008,4.09505001848937e-258,"3","LINC00926"
1.38200235675737e-257,3.6565941976031,0.884,0.109,1.71174811907968e-253,"3","HLA-DQA1"
6.94400781861147e-235,7.0678355337904,0.488,0.005,8.60084808413217e-231,"3","VPREB3"
2.84107846153028e-227,3.72799011548188,0.869,0.135,3.51895978245141e-223,"3","HLA-DQB1"
8.74039329610364e-183,2.90659137706046,1,0.837,1.0825851136554e-178,"3","CD74"
2.62778416225792e-177,2.73739251273117,1,0.501,3.25477346337267e-173,"3","HLA-DRA"
7.70969925218867e-174,6.55735124902852,0.381,0.006,9.54923349376089e-170,"3","FCER2"
2.7701114354193e-161,2.36635927587029,0.988,0.436,3.43106002391035e-157,"3","HLA-DPB1"
6.61741810765521e-153,4.34962851648895,0.473,0.034,8.19633406814174e-149,"3","BANK1"
1.68474765830702e-146,2.07585048644822,0.979,0.373,2.08672844957907e-142,"3","HLA-DRB1"
5.76025232289827e-142,6.23882173060302,0.312,0.005,7.1346485271418e-138,"3","TSPAN13"
1.57486900234958e-138,2.00955748882476,0.985,0.413,1.95063274631019e-134,"3","HLA-DPA1"
1.92549058836504e-133,2.01635629530472,0.979,0.731,2.38491264274894e-129,"3","CD37"
5.60232281269173e-131,6.37052740981484,0.292,0.005,6.93903703579998e-127,"3","FCRLA"
1.16079976003594e-127,3.34444161178225,0.515,0.062,1.43776658278052e-123,"3","HLA-DQA2"
4.48028423991579e-119,3.03203048905321,0.5,0.064,5.54928005955969e-115,"3","HVCN1"
3.79929545077592e-115,5.43090838196949,0.28,0.008,4.70580734533106e-111,"3","PKIG"
6.26249715302869e-115,2.03808819039635,0.854,0.264,7.75672897374133e-111,"3","HLA-DRB5"
5.55404264287113e-113,5.13162267129142,0.286,0.01,6.87923721746018e-109,"3","HLA-DOB"
1.87142417075999e-102,5.21940427677578,0.262,0.009,2.31794597790333e-98,"3","CD72"
5.21745450125076e-101,4.51555271121705,0.283,0.014,6.46233914524919e-97,"3","BLK"
9.92490925489769e-98,5.20198496242265,0.25,0.009,1.22929926031163e-93,"3","SPIB"
1.10106390469221e-97,4.48106433483176,0.286,0.016,1.36377775235177e-93,"3","GNG7"
1.69638117351744e-94,2.34598817663622,0.69,0.191,2.1011377215187e-90,"3","HLA-DMA"
3.37928183915039e-93,3.56385419406907,0.312,0.024,4.18557848597167e-89,"3","PDLIM1"
2.11949676163545e-84,2.61585387006189,0.542,0.12,2.62520868896167e-80,"3","HLA-DMB"
2.86549841569435e-81,4.42316350481421,0.259,0.018,3.54920633767902e-77,"3","P2RX5"
1.46298552392968e-77,3.6480942070621,0.28,0.025,1.8120538699393e-73,"3","CD40"
1.82593354029494e-70,3.19269968473358,0.387,0.068,2.26160128300932e-66,"3","IRF8"
1.25890082224603e-64,3.30488945254433,0.327,0.051,1.55927455843393e-60,"3","EAF2"
1.06445343124546e-63,3.2523365370775,0.301,0.042,1.31843201994063e-59,"3","PPAPDC1B"
3.66451761576924e-63,0.592641810442298,1,0.999,4.53887151889178e-59,"3","RPL18A"
3.3817423882409e-56,3.25609972203486,0.262,0.035,4.18862612207518e-52,"3","QRSL1"
8.06026855107279e-56,3.03850554966278,0.283,0.043,9.98344862735875e-52,"3","MARCH1"
1.79646684541688e-54,2.84091029135104,0.31,0.055,2.22510383473335e-50,"3","CYB561A3"
4.32066755176187e-53,3.04910883110473,0.265,0.039,5.35157882961225e-49,"3","MEF2C"
9.31005046257907e-52,2.91465863133235,0.318,0.062,1.15314285029504e-47,"3","SMIM14"
1.34800962088343e-51,0.692024295796688,1,0.969,1.66964471642621e-47,"3","RPS11"
1.72221248236249e-49,0.612880492226777,1,0.992,2.13313238065419e-45,"3","RPS23"
7.98578567787165e-48,0.556136232161491,1,0.993,9.89119414061183e-44,"3","RPS5"
2.19067324836165e-47,2.74772615334609,0.286,0.054,2.71336788542073e-43,"3","PLEKHF2"
4.52871521744323e-46,1.71543402360001,0.467,0.143,5.60926666832519e-42,"3","LY86"
2.59696055906933e-42,0.720227413953536,0.949,0.655,3.21659534846328e-38,"3","LTB"
2.72403172033653e-39,1.84034445461707,0.458,0.166,3.37398568880883e-35,"3","SNX2"
2.14605903454283e-36,1.15730815568387,0.81,0.539,2.65810872018475e-32,"3","CXCR4"
1.36088229224179e-34,1.67889311002477,0.39,0.129,1.68558880717068e-30,"3","NCF1"
1.93191553107681e-33,0.435035754756417,1,0.997,2.39287057679174e-29,"3","RPS8"
3.46402956639588e-32,1.04892185316875,0.872,0.774,4.29054702093794e-28,"3","LAPTM5"
9.95977481977025e-32,0.390700425077209,1,1,1.23361770917674e-27,"3","RPL13A"
1.38938899360473e-31,1.30437050785865,0.679,0.406,1.72089720747882e-27,"3","ISG20"
1.89167213844279e-30,1.84735270246258,0.488,0.219,2.34302511067524e-26,"3","SNHG7"
2.17721157368439e-30,0.359775892089082,1,1,2.69669425516548e-26,"3","RPL15"
1.13335662435147e-28,0.410391364628978,1,0.994,1.40377551492173e-24,"3","RPL8"
3.3422273424831e-28,2.51675501281615,0.25,0.067,4.13968278639956e-24,"3","LAT2"
9.99863082606746e-27,0.373192799519493,1,0.996,1.23843041411672e-22,"3","RPL18"
3.56487388387744e-25,1.57172420544163,0.399,0.169,4.4154527925706e-21,"3","FAIM3"
1.08985005842665e-23,0.369409325743637,1,0.996,1.34988828236725e-19,"3","RPL10A"
4.10687502876841e-22,0.35636618200774,1,0.998,5.08677541063256e-18,"3","RPS27"
3.15613267437137e-21,0.44887163842015,1,0.994,3.90918593047638e-17,"3","GNB2L1"
4.09025750221359e-21,0.550096717941831,0.964,0.902,5.06619294224176e-17,"3","CD52"
5.41792792731479e-21,0.724590453103419,0.839,0.593,6.7106455307721e-17,"3","PTPRCAP"
1.94410332884338e-19,1.63929693567897,0.262,0.096,2.40796638310541e-15,"3","STX7"
2.96406348540917e-19,0.432755649067389,0.994,0.975,3.6712890330278e-15,"3","RPSA"
5.74666026423275e-19,1.54509698683107,0.292,0.116,7.11781340327869e-15,"3","SYPL1"
6.98814727186454e-17,0.321702658044426,1,0.999,8.65551921093142e-13,"3","RPL12"
7.80054040542895e-17,0.310743099517841,1,0.995,9.6617493461643e-13,"3","FAU"
1.51094077921625e-16,0.324516388188279,1,0.998,1.87145124913724e-12,"3","RPL29"
2.24636663387877e-15,1.36516578041581,0.256,0.105,2.78234971272224e-11,"3","BIRC3"
4.71997416486696e-15,0.465631123536824,0.929,0.858,5.84616000060422e-11,"3","RPS21"
5.59855581074551e-15,0.61342942411059,0.753,0.616,6.93437122718939e-11,"3","LIMD2"
5.96399581684193e-14,0.483065658250229,0.94,0.897,7.38700521874042e-10,"3","EEF1B2"
6.57569287091857e-14,0.29917547864535,1,0.988,8.14465318991974e-10,"3","RPL9"
9.7431215629561e-14,0.269890064788734,1,0.997,1.20678303678774e-09,"3","RPL23A"
9.83887196215765e-14,0.299945817464097,1,0.981,1.21864268123285e-09,"3","RPS13"
1.77174519318524e-13,0.2530564930745,1,1,2.19448359627924e-09,"3","RPS18"
2.11888600892616e-13,1.30498207846589,0.259,0.115,2.62445221065595e-09,"3","PRKCB"
9.79980855575846e-13,1.0305044944783,0.366,0.2,1.21380428771624e-08,"3","FAM26F"
1.25597254328529e-12,0.587767658800096,0.884,0.835,1.55564759211316e-08,"3","EEF2"
1.26619934738433e-12,0.271268353087878,1,0.997,1.56831451167023e-08,"3","RPL21"
5.92768760899131e-12,0.254239297881393,0.997,0.992,7.34203387249664e-08,"3","RPS10"
1.03448612925683e-11,0.297292944228492,0.994,0.967,1.28131451969751e-07,"3","RPL37"
1.07858935456868e-11,0.305743212662178,0.985,0.972,1.33594077456877e-07,"3","RPL37A"
3.62993578857912e-11,0.270435177146839,1,0.99,4.4960384677341e-07,"3","RPL5"
5.89840497440353e-11,0.280206375715958,1,0.986,7.30576440129621e-07,"3","RPL35"
7.70471153002304e-11,0.7615292831146,0.565,0.414,9.54305570108654e-07,"3","PLAC8"
9.37941896226405e-11,0.365393622904979,0.899,0.809,1.16173483266603e-06,"3","GLTSCR2"
1.04045170611644e-10,0.900271035015767,0.568,0.425,1.28870348319583e-06,"3","SNX3"
1.26992479586202e-10,1.455265576602,0.312,0.171,1.5729288521547e-06,"3","RPL22L1"
1.63873222079486e-10,0.27301795019373,1,0.983,2.02973372867652e-06,"3","RPS3A"
1.03934537996122e-09,0.961711021522499,0.464,0.309,1.28733318761997e-05,"3","POLD4"
1.95415247424121e-09,0.2670953744597,0.991,0.971,2.42041325459517e-05,"3","RPL27"
3.01694268703792e-09,0.97078664371086,0.327,0.193,3.73678521216517e-05,"3","SEC62"
6.59328308194676e-09,0.936090902449615,0.315,0.187,8.16644042529926e-05,"3","RCSD1"
2.0342822565649e-08,0.835671734439464,0.47,0.337,0.000251966200298129,"3","PNISR"
2.65998782307084e-08,1.08665319996487,0.253,0.139,0.000329466091765554,"3","BLOC1S2"
2.91463911247781e-08,0.867719279189693,0.25,0.135,0.000361007200471502,"3","POU2F2"
3.17378985191959e-08,0.881598620330574,0.253,0.139,0.000393105611058761,"3","RNASEH2B"
5.65044087070428e-08,0.405496894698079,0.798,0.728,0.000699863606245432,"3","TSC22D3"
1.02611968205523e-07,0.721966097096767,0.253,0.141,0.00127095183819361,"3","DRAM2"
2.88560400734376e-07,0.311015555341166,0.929,0.868,0.00357410912349598,"3","BTG1"
3.54430696190051e-07,0.903029678832607,0.292,0.179,0.00438997860300997,"3","TMEM243"
3.63644878361719e-07,0.454436679686993,0.601,0.485,0.00450410546338825,"3","HMGN1"
9.2984511550999e-07,0.699327182591636,0.449,0.33,0.0115170616007067,"3","CD69"
1.91623137988053e-06,0.321283890794993,0.807,0.691,0.0237344418712002,"3","RPSAP58"
4.93385825993382e-06,0.890538381790979,0.56,0.434,0.0611107684075402,"3","SELL"
7.62068455834868e-06,0.55428670635353,0.327,0.219,0.0943897989397067,"3","ZFP36L1"
1.2177839195348e-05,0.382991196047341,0.649,0.569,0.150834716273581,"3","ATP6V1G1"
1.69216696413336e-05,0.368571643844515,0.688,0.597,0.209591800177558,"3","EIF4A2"
2.10475551460601e-05,0.861852272157696,0.262,0.172,0.260695018039101,"3","EZR"
2.828222543118e-05,0.641164157033497,0.342,0.24,0.350303644190596,"3","SP100"
3.27918236081932e-05,0.8076601717941,0.256,0.167,0.406159527211081,"3","DCK"
6.71666269083774e-05,0.788788809967973,0.274,0.187,0.831925840887163,"3","HERPUD1"
9.15259954054952e-05,0.306750613665597,0.869,0.859,1,"3","RPL23"
0.000105710685200691,0.62266460827827,0.292,0.201,1,"3","TAF7"
0.0001165825726125,0.551191517020192,0.589,0.501,1,"3","CD53"
0.000134091150823483,0.586528195004554,0.583,0.527,1,"3","UCP2"
0.000203572397233277,0.52513058504587,0.345,0.255,1,"3","SP110"
0.000241094271644934,0.533270691038395,0.36,0.269,1,"3","PTPN6"
0.00031222679351121,0.747548645497092,0.28,0.199,1,"3","PAPOLA"
0.0005670092000174,1.16550307167295,0.304,0.226,1,"3","RASGRP2"
0.000744553524020861,0.357809766820107,0.711,0.673,1,"3","CIRBP"
0.0010953012936238,0.441053663710096,0.312,0.231,1,"3","RHOH"
0.00136695921730847,0.36079609585348,0.655,0.594,1,"3","CCNI"
0.00154901104954287,0.355594994082353,0.762,0.738,1,"3","TXNIP"
0.00191326261275709,0.511289086864685,0.271,0.2,1,"3","TCEA1"
0.00229103029375001,0.665097893300634,0.366,0.293,1,"3","STK17A"
0.00252087511554619,0.522046296159899,0.518,0.448,1,"3","ANAPC16"
0.00304140518449615,0.617459549304705,0.274,0.209,1,"3","TSTD1"
0.00343896561694431,0.651690139606661,0.256,0.193,1,"3","LSM10"
0.00370974912066173,0.541011070211611,0.339,0.277,1,"3","FAM65B"
0.00390706979422306,0.293045539827581,0.637,0.603,1,"3","HNRNPA2B1"
0.0057802853439894,0.397218151378343,0.348,0.285,1,"3","EIF4G2"
0.00610399640810943,0.530292414946277,0.631,0.598,1,"3","HMGB1"
0.00851653048916485,0.278572214823586,0.676,0.654,1,"3","NBEAL1"
0.00885239518417264,0.359945511164099,0.312,0.247,1,"3","LSM7"
0.0089926074483242,0.511254834439064,0.33,0.272,1,"3","SEP15"
0.00925995465372843,0.348749678945727,0.577,0.527,1,"3","ERP29"
6.04509973190046e-197,4.38305888137409,0.714,0.057,7.48746052793191e-193,"4","GZMK"
2.35935365932147e-140,2.68288612010361,0.981,0.24,2.92229544243558e-136,"4","CCL5"
1.25239005816581e-66,0.384062857800611,0.822,0.235,1.55121032604417e-62,"4","NKG7"
7.57342053246309e-63,2.42833398171198,0.573,0.141,9.38043867150879e-59,"4","LYAR"
1.40530468707034e-56,1.54207787218145,0.62,0.157,1.74061038540532e-52,"4","GZMA"
3.12366000735661e-50,2.15334333124739,0.432,0.088,3.8689652851119e-46,"4","CD8A"
3.53140615533042e-47,1.23171209624537,0.934,0.5,4.37399966399226e-43,"4","IL32"
8.72102647162968e-47,1.54052412766917,0.7,0.247,1.08018633877605e-42,"4","CTSW"
6.67312031512009e-42,1.09597760216621,0.563,0.157,8.26532682230774e-38,"4","CST7"
2.17120798381554e-35,1.80856798416499,0.427,0.114,2.68925820875393e-31,"4","HOPX"
2.30489407563411e-35,2.96028714708704,0.319,0.072,2.85484180208041e-31,"4","NCR3"
1.48635308530242e-33,2.172239147397,0.357,0.091,1.84099693145557e-29,"4","KLRG1"
1.67188409902734e-32,0.441256564829655,1,1,2.07079564505526e-28,"4","B2M"
2.20649595203499e-28,1.79583224312106,0.362,0.102,2.73296588619054e-24,"4","CD8B"
2.32138377833556e-25,1.70773588935281,0.526,0.215,2.87526594784643e-21,"4","GZMM"
1.36215064160601e-24,1.15872568573473,0.676,0.359,1.6871597846932e-20,"4","IL7R"
3.16778161849821e-21,0.754023880353317,0.845,0.474,3.92361431267188e-17,"4","CD3D"
1.10580557310369e-20,0.443677641768709,1,1,1.36965078284624e-16,"4","MALAT1"
1.28547406098883e-20,0.437665663280171,1,0.992,1.59218817194077e-16,"4","HLA-C"
1.61042746671084e-19,0.663574218165568,0.986,0.943,1.99467546026804e-15,"4","MT-CYB"
9.03775271022526e-18,0.774145496095423,0.939,0.901,1.1194160506885e-13,"4","MT-ND2"
9.84633814718366e-18,1.60722031715735,0.46,0.224,1.21956744291017e-13,"4","DUSP2"
6.06161654660588e-17,0.812474770940945,0.84,0.606,7.50791825462604e-13,"4","PTPRCAP"
9.99215450152568e-17,0.859215414970058,0.737,0.489,1.23762825655897e-12,"4","HCST"
1.25823635346171e-16,0.878772353380283,0.718,0.439,1.55845154739768e-12,"4","CD3E"
3.16988601356117e-16,0.550461230109995,0.991,0.969,3.92622081639687e-12,"4","MT-ND4"
3.69110406499822e-14,0.356099286970856,1,0.98,4.57180149490679e-10,"4","HLA-A"
8.37654904573351e-13,0.934840135755472,0.563,0.338,1.03751936480455e-08,"4","CD7"
2.30797768146859e-12,1.31859322106503,0.258,0.101,2.858661156267e-08,"4","SAMD3"
4.86043630998793e-12,0.406807624267983,0.995,0.991,6.02013641355105e-08,"4","MT-CO3"
1.9331529240679e-11,0.362454107757711,1,0.957,2.3944032117505e-07,"4","MT-ND1"
1.60821261032654e-10,0.291331826961969,1,0.997,1.99193213915045e-06,"4","RPL23A"
5.60621725627505e-10,0.27364832642992,1,1,6.94386069362227e-06,"4","RPL3"
1.16480831136632e-09,0.275925921235252,1,1,1.44273157445832e-05,"4","RPS3"
1.2260450838586e-09,0.784974404993263,0.469,0.289,1.51857944086726e-05,"4","CD2"
1.71578655960463e-09,0.708759538166069,0.535,0.329,2.1251732327263e-05,"4","LCK"
1.72356296262915e-09,0.317115584496115,1,0.977,2.13480508551247e-05,"4","RPS27A"
2.917522901038e-09,0.675406729764511,0.728,0.611,3.61364386522566e-05,"4","ZFP36L2"
5.60686998528102e-09,0.505929021557515,0.732,0.56,6.94466916376907e-05,"4","CXCR4"
1.08332415065334e-08,0.36153793992969,0.991,0.967,0.000134180529299923,"4","HLA-B"
3.79194303396704e-08,0.283384816182891,0.948,0.871,0.000469670064187157,"4","MYL12A"
6.76421456840075e-08,0.977436295196109,0.366,0.218,0.000837815616442118,"4","PPP2R5C"
1.14454803308483e-07,0.82570388712613,0.507,0.357,0.00141763719377887,"4","ID2"
1.27670503412004e-07,0.336396953125669,0.939,0.889,0.00158132685526108,"4","HLA-E"
1.66399061581077e-07,0.958971693857844,0.305,0.167,0.00206101877674322,"4","PIM1"
6.92582315651094e-07,0.965974436139377,0.254,0.13,0.00857832456165445,"4","SIT1"
7.06468244723195e-06,0.614041583013362,0.352,0.218,0.087503156791415,"4","ALOX5AP"
1.524024820243e-05,0.739279740120891,0.3,0.181,0.188765714235298,"4","ARL4C"
2.97626432311732e-05,0.593656002737445,0.474,0.349,0.368640099061311,"4","PEBP1"
3.46460554232034e-05,0.728415675640929,0.31,0.199,0.429126042471797,"4","APOBEC3G"
4.53262366287538e-05,0.337721533439083,0.596,0.472,0.561410766883744,"4","CD99"
4.68649761794053e-05,0.897616767287992,0.563,0.44,0.580469594958114,"4","RARRES3"
4.84737133813368e-05,0.657738269271332,0.333,0.224,0.600395413941238,"4","C9orf142"
5.72166454327923e-05,0.573191160700112,0.784,0.728,0.708685370330566,"4","JUN"
0.000118825842792404,0.319061652406907,0.869,0.678,1,"4","LTB"
0.000124863794798869,0.464480894347072,0.559,0.453,1,"4","SRSF7"
0.000186346727566184,0.503058412965246,0.737,0.65,1,"4","CALM1"
0.000189916971928916,0.708582942897975,0.258,0.16,1,"4","ANXA2R"
0.000289326404634953,0.675316681388927,0.366,0.261,1,"4","XBP1"
0.000839591536471647,0.69271533599455,0.638,0.607,1,"4","IER2"
0.000916408242495119,0.579608085949488,0.643,0.56,1,"4","ANXA1"
0.00095504615482149,0.871170786984191,0.362,0.27,1,"4","DNAJB1"
0.00191499565382876,0.756353253479833,0.272,0.193,1,"4","CKLF"
0.00213636387833696,0.695224560042956,0.282,0.197,1,"4","SPOCK2"
0.00217180693503118,0.357326791970401,0.685,0.64,1,"4","HSPA8"
0.00221253412677918,0.414181237936842,0.502,0.408,1,"4","IL2RG"
0.00230281826488293,0.788753291581959,0.254,0.176,1,"4","TMED10"
0.00248129390553051,0.314943598473913,0.61,0.534,1,"4","SNRPD2"
0.00254941097244037,0.491515529076132,0.291,0.202,1,"4","LAT"
0.00318230326500718,0.570033912151861,0.263,0.182,1,"4","DSTN"
0.00326204667998523,0.300439975140852,0.563,0.505,1,"4","HSP90AA1"
0.00383337109398757,0.33486650322475,0.648,0.569,1,"4","HNRNPDL"
0.00388913604697028,0.442809175176142,0.366,0.286,1,"4","ACAP1"
0.00491965714468415,0.553711549694478,0.385,0.305,1,"4","GIMAP1"
0.00570031412584959,0.44344087410219,0.305,0.227,1,"4","HSP90B1"
0.00670118742261251,0.507951538161735,0.751,0.736,1,"4","MT-ATP6"
0.0098351886236117,0.253355502064819,0.732,0.673,1,"4","CIRBP"
3.86927161761828e-264,5.96855857237808,0.966,0.066,4.792479825582e-260,"5","GZMB"
5.54387610043332e-227,5.2770429923835,0.871,0.06,6.8666449379967e-223,"5","FGFBP2"
8.78436625061464e-215,5.52424379606699,0.735,0.038,1.08803160380113e-210,"5","SPON2"
6.17910151501083e-201,5.06380226941658,0.952,0.103,7.65343513649241e-197,"5","PRF1"
1.49458140255661e-198,6.12956410935649,0.973,0.119,1.85118852520662e-194,"5","GNLY"
8.37071554221383e-184,6.17658405306391,0.469,0.01,1.03679682705861e-179,"5","AKR1C3"
1.02834878066205e-169,5.3575886139888,0.578,0.028,1.27371279972802e-165,"5","CLIC3"
2.23301398436418e-167,5.33008879035752,0.531,0.021,2.76581112103347e-163,"5","XCL2"
2.10949515279057e-158,4.71523504943085,0.558,0.028,2.6128206962464e-154,"5","KLRD1"
1.30329716364613e-148,3.78612108761838,0.946,0.145,1.6142638668921e-144,"5","CST7"
2.48875388508492e-147,3.74657517549263,0.946,0.15,3.08257056206618e-143,"5","GZMA"
1.5933355278642e-137,4.16858533443843,1,0.24,1.97350538481259e-133,"5","NKG7"
1.82449434380399e-133,4.81876552984047,0.721,0.078,2.25981869423563e-129,"5","CCL4"
7.24924620446206e-128,4.83678476269633,0.449,0.022,8.97891634884671e-124,"5","TTC38"
2.0899394427891e-121,4.80195477853323,0.395,0.016,2.58859899383857e-117,"5","PRSS23"
8.1741873045553e-119,3.31852476142693,0.986,0.242,1.01245483954222e-114,"5","CTSW"
1.02940734674676e-114,5.15123336156555,0.347,0.012,1.27502393968053e-110,"5","XCL1"
2.03911580012619e-114,5.71330502233245,0.293,0.006,2.5256488300363e-110,"5","SH2D1B"
7.34128330111295e-113,4.89848284264658,0.565,0.053,9.0929134967585e-109,"5","IGFBP7"
3.06119635918731e-105,2.50531198005662,0.844,0.141,3.7915978104894e-101,"5","FCGR3A"
3.41157252192674e-104,4.07444951361609,0.483,0.038,4.22557372565846e-100,"5","IL2RB"
1.87329608415528e-101,5.39637760850345,0.279,0.007,2.32026452983473e-97,"5","KLRF1"
3.54065162633762e-97,4.24941375550445,0.395,0.025,4.38545110438177e-93,"5","S1PR5"
8.29965216092979e-97,2.79504551980491,0.605,0.068,1.02799491665276e-92,"5","GZMH"
1.04019179391325e-90,3.45340660142078,0.857,0.217,1.28838155594095e-86,"5","CD247"
3.6187838022719e-86,3.51536564472054,0.66,0.109,4.48222561749398e-82,"5","HOPX"
4.68989414410485e-85,3.08435450923395,0.612,0.089,5.80890288688826e-81,"5","APMAP"
9.71892794281325e-82,3.40477478266063,0.449,0.044,1.20378641499685e-77,"5","MATK"
5.81082697521987e-81,4.19525798545754,0.313,0.018,7.19729029150733e-77,"5","GPR56"
6.62815657687534e-81,4.46968807032589,0.299,0.016,8.2096347361178e-77,"5","C1orf21"
9.02491879702927e-69,2.5859684048249,0.789,0.208,1.11782644220005e-64,"5","GZMM"
1.82452615675285e-68,1.2374583875376,1,0.993,2.25985809775408e-64,"5","HLA-C"
3.90257318125535e-65,3.73693012053017,0.333,0.029,4.83372714230287e-61,"5","PLEKHF1"
9.1413198041276e-64,0.91869579957284,1,1,1.13224387093924e-59,"5","B2M"
9.98050008938069e-64,4.26827278275577,0.32,0.028,1.23618474107069e-59,"5","HAVCR2"
2.37474845150007e-58,2.24113665281825,0.878,0.325,2.94136343202799e-54,"5","CD7"
6.02829454176217e-58,3.65731507350166,0.306,0.028,7.46664561942663e-54,"5","TBX21"
6.12775819986638e-55,4.41045279371517,0.306,0.03,7.58984130635449e-51,"5","PTGDR"
2.47652530125393e-53,1.14813358544732,1,0.98,3.06742423813312e-49,"5","HLA-A"
4.98153163288545e-53,2.45265024471456,0.558,0.114,6.17012508049192e-49,"5","TPST2"
5.06351987142785e-50,2.01613301802527,0.864,0.408,6.27167571275054e-46,"5","PLAC8"
8.37344784482373e-46,0.985483224221561,1,0.967,1.03713525005987e-41,"5","HLA-B"
1.33424909363466e-44,2.41897609762485,0.503,0.109,1.65260092737589e-40,"5","C12orf75"
4.41034787932639e-42,1.42994951779489,0.959,0.753,5.46265688333367e-38,"5","UBB"
1.54982361354789e-40,2.46609809980384,0.401,0.073,1.91961152774042e-36,"5","NCR3"
2.06123475308209e-39,1.86858912811711,0.837,0.429,2.55304536516748e-35,"5","ITGB2"
1.81069552476475e-37,1.78472568880375,0.68,0.227,2.24272747697362e-33,"5","CTSC"
3.3044341565771e-37,1.97994609123454,0.735,0.307,4.09287214633639e-33,"5","CD63"
7.66297941314189e-37,1.69403668862767,0.81,0.343,9.49136630111754e-33,"5","ID2"
1.36887870277564e-36,1.70560295665306,0.571,0.156,1.69549316125791e-32,"5","RHOC"
1.67521545000597e-36,1.33738142255517,0.912,0.565,2.0749218563774e-32,"5","SRGN"
6.54490731105144e-36,1.01409387275167,0.993,0.956,8.10652219546831e-32,"5","PFN1"
1.2650346150886e-34,1.88388140475032,0.701,0.277,1.56687187424874e-30,"5","CCL5"
1.34711754014317e-33,2.60881655581048,0.327,0.059,1.66853978522133e-29,"5","CX3CR1"
9.80036385304863e-33,1.00574826891502,0.864,0.323,1.2138730668386e-28,"5","FCER1G"
9.99468863222723e-32,2.50778446573614,0.51,0.152,1.23794213398767e-27,"5","ARPC5L"
1.32563327240529e-31,2.84219137876128,0.408,0.096,1.6419293712012e-27,"5","SAMD3"
2.28296814935421e-31,1.86001381610798,0.565,0.186,2.82768434979013e-27,"5","APOBEC3G"
5.84571715012921e-31,2.59068573566849,0.395,0.094,7.24050526215004e-27,"5","CHST12"
9.43870199765127e-31,0.959827196370546,0.993,0.87,1.16907762942909e-26,"5","MYL12A"
1.96749295640582e-30,1.1303722569427,0.905,0.608,2.43693677580424e-26,"5","PTPRCAP"
2.17293389606241e-30,1.09779064863965,0.98,0.888,2.6913959236629e-26,"5","HLA-E"
2.42988621868757e-28,1.44355072872807,0.796,0.429,3.00965707046643e-24,"5","RARRES3"
3.91897082540138e-28,1.75309861219147,0.517,0.165,4.85403726434215e-24,"5","EFHD2"
7.53268577757446e-28,1.4058764971402,0.81,0.462,9.32998460410372e-24,"5","CD99"
2.52839530231625e-27,1.50352403207602,0.707,0.321,3.1316704214489e-23,"5","RAP1B"
2.56755573099079e-27,2.30503580763337,0.429,0.121,3.18017452840519e-23,"5","CCL3"
9.11789503007592e-27,2.29223602610648,0.395,0.105,1.1293424784252e-22,"5","CD300A"
2.10787411561598e-26,2.12560755389005,0.422,0.118,2.61081287960195e-22,"5","ZAP70"
5.35876165160433e-26,2.00635199723268,0.558,0.209,6.63736218167712e-22,"5","ALOX5AP"
1.1820235062269e-25,2.65631354965659,0.259,0.049,1.46405431481264e-21,"5","ABHD17A"
1.59704189874125e-25,0.769012432451224,0.993,0.933,1.97809609578091e-21,"5","CFL1"
1.94786999036099e-25,2.55402726508964,0.265,0.051,2.41263177006112e-21,"5","ASCL2"
2.36736837204765e-25,1.41542816221538,0.81,0.492,2.93222246561822e-21,"5","HCST"
2.49002940861387e-24,2.02896697848297,0.449,0.144,3.08415042550914e-20,"5","PLEK"
5.56652819695594e-24,1.26617579275968,0.884,0.608,6.89470182474963e-20,"5","CLIC1"
2.20021266382253e-22,1.43699202145268,0.762,0.436,2.72518340541059e-18,"5","IFITM1"
2.84887057762265e-22,1.7410257798909,0.388,0.114,3.52861109744342e-18,"5","UBE2F"
4.1479920467023e-22,0.381704187264997,0.918,0.365,5.13770294904547e-18,"5","TYROBP"
5.90584450346024e-22,1.96393874788314,0.361,0.105,7.31497900198586e-18,"5","C5orf56"
7.38715607038377e-22,1.98533881948427,0.367,0.106,9.14973150877733e-18,"5","AOAH"
2.22579223415938e-21,0.95069395030981,0.918,0.692,2.7568662612298e-17,"5","IFITM2"
2.43709592316902e-21,1.34003728474889,0.857,0.608,3.01858701043715e-17,"5","RAC2"
5.43787990091335e-20,1.63894966347243,0.571,0.249,6.73535804527127e-16,"5","PPP1R18"
9.70717682775908e-20,1.6246070603443,0.469,0.174,1.20233092188624e-15,"5","ARL4C"
1.00198999621794e-19,1.6315882483833,0.524,0.209,1.24106480931554e-15,"5","MYO1F"
1.23500061707594e-19,1.37072005172658,0.612,0.3,1.52967176431026e-15,"5","PDIA3"
2.79326704237342e-18,1.08715663699784,0.735,0.405,3.45974055868372e-14,"5","BST2"
7.87564483573849e-18,1.19367882335843,0.81,0.495,9.75477369354569e-14,"5","CD53"
8.49685967460752e-18,1.36590474583794,0.585,0.277,1.05242103929689e-13,"5","LITAF"
9.00664553750079e-18,0.97071604934352,0.85,0.646,1.11556311627485e-13,"5","CALM1"
1.46374335293929e-17,1.52493435356932,0.422,0.155,1.8129925169506e-13,"5","ABI3"
2.10655081020384e-17,1.36952153195726,0.626,0.318,2.60917383351848e-13,"5","PSMB10"
3.04366531118671e-17,0.753801194912661,0.918,0.795,3.76988385443586e-13,"5","ARPC2"
3.62226104481096e-17,1.44656256772109,0.571,0.284,4.48653253010286e-13,"5","DHRS7"
6.14848645489457e-17,1.51159474809781,0.599,0.304,7.61551532303241e-13,"5","SEPT7"
7.0099819716594e-17,1.96644589392491,0.279,0.078,8.68256367009733e-13,"5","CMC1"
7.59962291093254e-17,1.84106056953082,0.544,0.253,9.41289293748104e-13,"5","XBP1"
1.19999819856281e-16,0.764554806728035,0.98,0.851,1.48631776873989e-12,"5","CYBA"
1.62009722081119e-16,0.929569869890139,0.864,0.734,2.00665241769675e-12,"5","TXNIP"
1.66363846999354e-16,1.26574690809674,0.51,0.216,2.060582608934e-12,"5","CTSD"
6.87115802359069e-16,0.678229230729663,0.939,0.857,8.51061632801943e-12,"5","SERF2"
5.50690626376639e-15,0.60751213923125,1,0.998,6.82085409830105e-11,"5","ACTB"
9.15057433035145e-15,1.13733244794803,0.544,0.263,1.13339013655733e-10,"5","ANXA6"
1.9760240320931e-14,1.38372335490165,0.456,0.196,2.44750336615052e-10,"5","GLIPR2"
3.02517249355937e-14,1.42180436209048,0.605,0.334,3.74697865052264e-10,"5","BIN2"
7.83991430768185e-14,1.78786403035215,0.313,0.11,9.71051786149474e-10,"5","SDF4"
1.38096800009386e-13,0.991065925906006,0.762,0.519,1.71046696491626e-09,"5","PSME2"
3.52527270153451e-13,1.50636083145933,0.415,0.184,4.36640276812065e-09,"5","LAMP1"
5.36848488082045e-13,1.35648045050517,0.463,0.219,6.6494053733842e-09,"5","C9orf142"
1.08152563076059e-12,1.0799692519986,0.599,0.381,1.33957764626007e-08,"5","CCND3"
1.85285230016058e-12,1.41003669169598,0.361,0.145,2.2949428589789e-08,"5","BZW1"
1.96314854084302e-12,1.90595010027484,0.259,0.086,2.43155578268817e-08,"5","GCHFR"
1.97902123952784e-12,1.03093001995335,0.748,0.521,2.45121570727918e-08,"5","UCP2"
2.85047002581881e-12,0.532903973523889,0.939,0.862,3.53059217397918e-08,"5","MYL6"
4.87656866120009e-12,1.76294639814782,0.293,0.108,6.04011794376243e-08,"5","GNG2"
2.96117010829916e-11,1.28954944238618,0.388,0.173,3.66770529613934e-07,"5","HSPA5"
3.55591286017253e-11,0.498058596045295,0.966,0.865,4.40435366860969e-07,"5","SH3BGRL3"
1.019308392846e-10,1.02920162027269,0.565,0.323,1.26251537537905e-06,"5","DBI"
1.12276994997278e-10,1.3473228288562,0.306,0.123,1.39066286003629e-06,"5","ITGB7"
1.12847681044383e-10,1.27457097742971,0.469,0.249,1.39773137741573e-06,"5","CALR"
1.32631014688299e-10,1.33450648115585,0.401,0.194,1.64276774792927e-06,"5","PRMT2"
1.79177981248994e-10,1.69474034531547,0.34,0.147,2.21929847575004e-06,"5","MRPS6"
1.93721448938451e-10,1.11463990439505,0.626,0.403,2.39943386655166e-06,"5","IL2RG"
2.66440226878503e-10,1.15279556533583,0.442,0.223,3.30012865011714e-06,"5","BSG"
3.57841637415699e-10,0.597419860603024,0.844,0.713,4.43222652103085e-06,"5","PSME1"
4.90137566539019e-10,0.801000930537564,0.925,0.88,6.07084389915229e-06,"5","ACTG1"
5.09021268469411e-10,1.38437630582517,0.293,0.118,6.30473743126212e-06,"5","FDPS"
5.26052682279687e-10,1.32341433694823,0.544,0.318,6.51568852271621e-06,"5","NDUFB2"
7.18664691233275e-10,0.909029493206815,0.68,0.484,8.90138086561534e-06,"5","PPP1CA"
9.98727396846632e-10,1.60708850884106,0.286,0.115,1.23702375373424e-05,"5","CISD3"
1.35079154831118e-09,0.714366217702757,0.776,0.554,1.67309041173823e-05,"5","ANXA1"
1.40971251186245e-09,1.18419158979475,0.361,0.168,1.74606991719283e-05,"5","ARL6IP1"
1.42155034016969e-09,1.44180903775046,0.279,0.112,1.76073225133418e-05,"5","PRKCH"
2.2361390122376e-09,1.22858720230559,0.34,0.155,2.76968178055749e-05,"5","SYTL1"
2.41543913393883e-09,1.02687939948926,0.66,0.426,2.99176291129663e-05,"5","PSMB8"
3.35930724444435e-09,0.656817384056017,0.837,0.713,4.16083795296877e-05,"5","PPIA"
3.38091384434162e-09,1.09116124072018,0.435,0.228,4.18759988760153e-05,"5","SUN2"
6.48425422509611e-09,1.43667031445148,0.286,0.123,8.03139728320405e-05,"5","PTGER2"
8.78186496623822e-09,0.738625330910809,0.639,0.433,0.000108772179471827,"5","DRAP1"
9.4581369807973e-09,0.837946955587736,0.571,0.381,0.000117148484644155,"5","CAP1"
1.06367888380038e-08,1.12701712414472,0.517,0.314,0.000131747266547516,"5","CD164"
1.18238846808903e-08,0.286997232743641,1,1,0.000146450635657508,"5","MALAT1"
1.40865092432448e-08,1.57773152568091,0.272,0.117,0.00017447550348683,"5","FKBP11"
1.63283548842358e-08,0.976587723083497,0.476,0.274,0.000202243003596144,"5","SELT"
1.93399364282157e-08,0.526967841819973,0.912,0.857,0.00023954445259988,"5","UBC"
2.20516824757914e-08,1.09615356790054,0.361,0.18,0.000273132139145153,"5","JAK1"
2.58448566290895e-08,0.956349139827749,0.429,0.23,0.000320114394207903,"5","TMED9"
2.79327691547098e-08,0.278780339209146,1,0.975,0.000345975278750236,"5","H3F3B"
2.98944546442741e-08,1.26250430229615,0.286,0.125,0.000370272715223979,"5","SKAP1"
5.42813830850214e-08,0.934631267304613,0.456,0.259,0.000672329210891074,"5","YWHAQ"
8.41577750719502e-08,0.749024288488788,0.721,0.6,0.00104237820204118,"5","HNRNPA2B1"
9.22018100916356e-08,0.874608934269489,0.51,0.328,0.001142011619795,"5","PRDX5"
1.08270954399963e-07,1.00427945695255,0.286,0.129,0.00134104404119794,"5","OPTN"
1.26866422851867e-07,1.65445541936242,0.299,0.146,0.00157136751344322,"5","SLC9A3R1"
1.33906297808563e-07,0.758490685236434,0.49,0.281,0.00165856340465686,"5","HNRNPA3"
1.71331360387422e-07,1.22357509789574,0.374,0.196,0.0021221102297586,"5","FGR"
1.92013017182507e-07,1.03328032463968,0.313,0.15,0.00237827323082253,"5","CCDC107"
2.15366429989987e-07,1.83253307968588,0.293,0.138,0.00266752860185598,"5","DEF6"
2.25939660763742e-07,1.20172552115876,0.395,0.224,0.00279848863821971,"5","HSP90B1"
4.80438359634375e-07,0.818074443896506,0.401,0.223,0.00595070952243137,"5","POLR2G"
4.81246357621971e-07,0.46635174674879,0.803,0.667,0.00596071738550573,"5","MYL12B"
5.01884145327001e-07,1.70257861573939,0.327,0.167,0.00621633702402024,"5","LYAR"
5.02961784163684e-07,0.929864523481313,0.449,0.28,0.00622968465865139,"5","FAM49B"
5.78890797005925e-07,0.690059937374247,0.531,0.339,0.00717014141171539,"5","SERPINB1"
5.78971136306613e-07,0.937750460924447,0.306,0.153,0.00717113649429371,"5","PSMC4"
7.923882047657e-07,0.702054548378064,0.619,0.439,0.00981452030422796,"5","PPIB"
8.02428960434475e-07,1.22032084398412,0.354,0.194,0.00993888510394141,"5","FLNA"
8.55115945151775e-07,1.13065046489807,0.259,0.12,0.0105914660966499,"5","RCN2"
9.22318655595268e-07,0.671401744478246,0.667,0.455,0.011423838868203,"5","AES"
9.34640801380795e-07,0.877608878829519,0.456,0.285,0.0115764609659025,"5","ENSA"
1.23370570424505e-06,0.878314632850927,0.381,0.211,0.0152806788527792,"5","TAP1"
1.3293448031458e-06,0.903773304116767,0.361,0.197,0.0164652647317639,"5","CDC42SE1"
1.64671652786259e-06,0.750025778141849,0.361,0.198,0.0203962309141061,"5","BTN3A2"
2.11037831746992e-06,0.935748444819263,0.456,0.287,0.0261391458401825,"5","OSTF1"
2.4991282438469e-06,0.866556661974756,0.456,0.292,0.0309542024282877,"5","ARPC4"
2.67210298557354e-06,0.7276000435471,0.687,0.533,0.0330966675793139,"5","EIF3G"
3.17275298624048e-06,1.07554033493956,0.259,0.125,0.0392977184875746,"5","HDDC2"
3.38861326651932e-06,1.24410647162501,0.32,0.17,0.0419713639191083,"5","PIM1"
3.55810460834456e-06,0.907226821633287,0.333,0.18,0.0440706836789557,"5","DSTN"
3.67312114671464e-06,1.38291534869689,0.313,0.169,0.0454952785232075,"5","DDOST"
4.84594704209983e-06,0.93353263555382,0.361,0.204,0.0600219000634485,"5","CD97"
4.84668689022746e-06,0.639216043165479,0.449,0.276,0.0600310638223573,"5","TBCB"
5.01839078623956e-06,0.965222698074093,0.422,0.265,0.0621577882783632,"5","IRF1"
5.3749426244625e-06,1.08435450923395,0.306,0.165,0.0665740393465926,"5","MIEN1"
5.40761087295248e-06,1.26780323188396,0.279,0.143,0.0669786682723895,"5","DENND2D"
5.45812808746229e-06,0.647560257085408,0.687,0.551,0.0676043744913079,"5","PSMB9"
6.64133631904274e-06,0.628153774612834,0.354,0.201,0.0822595916476633,"5","RALY"
6.80554844213068e-06,1.10272622182403,0.279,0.146,0.0842935230042306,"5","RNF126"
7.60904541944067e-06,0.782434286288712,0.408,0.243,0.0942456365651922,"5","SRI"
1.00570482654186e-05,1.08966205344723,0.259,0.131,0.124566599815475,"5","SDF2L1"
1.05131224432522e-05,0.54278250792202,0.408,0.243,0.130215534582122,"5","TMEM50A"
1.33858256585178e-05,0.50038930148757,0.66,0.494,0.165796836606401,"5","ARPC5"
1.48190799366396e-05,0.837541476371777,0.381,0.226,0.183549124095218,"5","ATP6AP2"
1.65534007732209e-05,0.653915288145518,0.639,0.494,0.205030421977114,"5","EVL"
2.18903292958538e-05,0.820705499411543,0.347,0.204,0.271133618658445,"5","DDIT4"
2.98016682296974e-05,0.65823942585003,0.476,0.327,0.369123462693033,"5","RBM39"
3.21910200998599e-05,0.754735248828579,0.429,0.285,0.398717974956864,"5","RAB7A"
3.22160799212943e-05,1.64149010633998,0.401,0.249,0.399028365905152,"5","SCP2"
3.32269462465497e-05,1.05190414904709,0.286,0.158,0.411548956209765,"5","MIR142"
3.61436029624327e-05,0.792982317508986,0.456,0.293,0.447674666292692,"5","STK17A"
4.00753305439387e-05,0.762946398147819,0.265,0.141,0.496373044117224,"5","TBCC"
4.57812977496027e-05,0.534109659412534,0.667,0.499,0.567047153926578,"5","GIMAP7"
4.81669224682892e-05,0.824608479976785,0.429,0.279,0.59659550169223,"5","TBC1D10C"
4.96437909121879e-05,1.03014743515472,0.293,0.169,0.61488799423836,"5","RASSF5"
5.55065469971426e-05,0.801573163654429,0.265,0.143,0.687504091106608,"5","GOLGA7"
5.57897025204246e-05,0.863770363211112,0.503,0.357,0.691011255417979,"5","LCP1"
5.66652880336536e-05,0.94986114888217,0.395,0.264,0.701856257584834,"5","NDUFB7"
5.69340802206019e-05,0.832886638085119,0.313,0.18,0.705185517612376,"5","CFLAR"
6.17808070409063e-05,0.534692473774198,0.544,0.377,0.765217076008665,"5","ACTR3"
6.21769552435996e-05,0.703220824947869,0.422,0.269,0.770123767647225,"5","PSMD8"
8.13685655887069e-05,0.945686073366717,0.347,0.214,1,"5","P4HB"
8.23061086985092e-05,0.470404851470951,0.667,0.527,1,"5","CAPZB"
8.5317215660913e-05,0.90872569392568,0.408,0.278,1,"5","BAX"
9.21652716682586e-05,0.941050388198891,0.333,0.201,1,"5","C19orf10"
0.0001152267211925,0.745647337631274,0.367,0.231,1,"5","MAP1LC3B"
0.000117970578448979,0.73193400219343,0.565,0.418,1,"5","TRAPPC1"
0.000118061915277743,0.652754932435797,0.435,0.292,1,"5","PAIP2"
0.000121517731232133,0.885233173565016,0.279,0.161,1,"5","CNPY2"
0.00012933498271549,0.699798404823178,0.354,0.224,1,"5","DOK2"
0.000130595415406995,0.777947156172685,0.286,0.164,1,"5","RPA2"
0.000130641755857732,0.416699326448047,0.762,0.688,1,"5","CHCHD2"
0.000154266476762429,0.996127326222218,0.286,0.17,1,"5","HMOX2"
0.000171208695495993,0.649820536954741,0.327,0.196,1,"5","IMP3"
0.000174418232997254,0.764467426270669,0.354,0.222,1,"5","HMGN3"
0.000176581506724329,0.436262443954275,0.932,0.934,1,"5","ARHGDIB"
0.000177129217984177,0.77392072580604,0.293,0.17,1,"5","PDAP1"
0.000177470597616076,0.959647963775239,0.279,0.161,1,"5","FERMT3"
0.000192325638874605,0.691215480119956,0.347,0.214,1,"5","PDIA6"
0.00020932180198571,0.99946989646236,0.306,0.189,1,"5","WIPF1"
0.000213938101079183,0.611088627799431,0.469,0.342,1,"5","CDC42"
0.000226194576133901,1.05311193065039,0.327,0.203,1,"5","SIGIRR"
0.000235059356782761,0.730238529379387,0.327,0.207,1,"5","RNF213"
0.000236459516245751,0.727656235295374,0.401,0.26,1,"5","MSN"
0.000243854989955752,0.960347547267378,0.367,0.24,1,"5","WDR1"
0.000278969835691588,0.709668040525708,0.619,0.503,1,"5","HSP90AA1"
0.000307017873145182,0.596419031536949,0.354,0.227,1,"5","CD47"
0.000378647148469699,0.858253358243546,0.259,0.151,1,"5","NDUFA6"
0.000418105546706184,1.17599365616748,0.435,0.308,1,"5","HLA-F"
0.000460908470887988,0.757398749625097,0.279,0.167,1,"5","DNAJB6"
0.000467330861237889,0.917405803470508,0.259,0.156,1,"5","C19orf66"
0.000475749805427483,0.537539142301074,0.333,0.21,1,"5","TERF2IP"
0.000487940033407072,0.44937623881547,0.435,0.298,1,"5","SEC61B"
0.000500680561535338,0.515660825292594,0.265,0.158,1,"5","VDAC3"
0.000527590633880081,0.467396071138257,0.483,0.346,1,"5","GHITM"
0.000539947941601849,0.857339681809658,0.34,0.219,1,"5","ACP1"
0.000541305500680029,0.61961560671722,0.395,0.28,1,"5","SPCS2"
0.000583942983313961,0.622850071386943,0.578,0.431,1,"5","PSMB1"
0.000712598394575026,0.580499476450834,0.361,0.236,1,"5","SEPW1"
0.000756504374346588,0.587923137433482,0.408,0.289,1,"5","HNRNPM"
0.000756753872828988,0.944902713694497,0.415,0.29,1,"5","RBM8A"
0.000783411054155047,0.294977420986271,0.878,0.796,1,"5","DDX5"
0.000901394961607487,0.783485589841574,0.265,0.161,1,"5","ADRM1"
0.000904051812381466,0.317476780756536,0.667,0.535,1,"5","ENO1"
0.000987208800832712,0.349201670517828,0.83,0.718,1,"5","EMP3"
0.00101592555170535,1.08957021176652,0.333,0.228,1,"5","CCDC12"
0.0010176300916491,0.991432577396941,0.252,0.155,1,"5","COMMD7"
0.00104864172402554,0.688328356801234,0.327,0.215,1,"5","PGAM1"
0.00116338371958976,0.580499476450834,0.367,0.246,1,"5","PSMA5"
0.00144511662765925,0.297979289571956,0.333,0.208,1,"5","CEBPD"
0.00147288803291708,0.433083652501436,0.605,0.48,1,"5","TPI1"
0.00158278860788246,0.642915694441049,0.265,0.164,1,"5","KDELR2"
0.00158555137674907,0.882650012551013,0.252,0.156,1,"5","RNF167"
0.00166974191310141,0.511705970612337,0.49,0.371,1,"5","TMEM59"
0.00170689022223955,1.17888249293431,0.327,0.22,1,"5","NDUFS8"
0.00172431014473531,0.536645186861406,0.272,0.168,1,"5","DECR1"
0.00173025945091119,0.800993302295783,0.259,0.163,1,"5","IFI16"
0.00174245196864254,0.878011946270943,0.347,0.241,1,"5","CHMP2A"
0.00177499420588913,0.560127464626061,0.415,0.291,1,"5","CYCS"
0.00178104589436887,0.657060382876784,0.327,0.22,1,"5","UBE2L3"
0.00178331006265572,0.563925726155881,0.286,0.182,1,"5","TGFB1"
0.00188232455227265,0.424391984673048,0.32,0.208,1,"5","MAF1"
0.00190378680494738,0.596261069343223,0.707,0.572,1,"5","KLF2"
0.00190387947033317,0.6787634927657,0.34,0.234,1,"5","BUD31"
0.0024697211300655,0.401403791054131,0.667,0.569,1,"5","SUMO2"
0.00256351867564828,1.00170817807251,0.544,0.443,1,"5","SRSF3"
0.00284068243741548,0.643781917847972,0.279,0.18,1,"5","ANP32A"
0.00292450908242978,0.625920183571429,0.333,0.232,1,"5","TCF25"
0.0029447766939522,0.536153626327739,0.395,0.276,1,"5","NOP10"
0.0030624842516501,0.597606532666542,0.333,0.229,1,"5","BANF1"
0.00314907253472265,1.35452851610618,0.32,0.222,1,"5","RPS19BP1"
0.00330988804655307,1.06247687195001,0.476,0.367,1,"5","SRSF2"
0.00335147358533616,0.570872936527566,0.354,0.248,1,"5","SP100"
0.00354640296668489,0.494979696771794,0.299,0.196,1,"5","IL10RA"
0.0035838172034607,0.297077621716827,0.456,0.336,1,"5","C9orf16"
0.00378616958621824,1.13201178344823,0.381,0.271,1,"5","DNAJA1"
0.00387536792723832,0.711128226174371,0.286,0.188,1,"5","SEPT6"
0.00393428089159905,0.64451779903755,0.259,0.165,1,"5","IFI35"
0.00403005933192145,0.650443596796379,0.388,0.281,1,"5","SUB1"
0.00411336448437587,0.595459984076989,0.49,0.364,1,"5","C1orf162"
0.00411842117260781,0.626705924888118,0.531,0.445,1,"5","SELL"
0.00418637747189587,0.513055484033337,0.313,0.213,1,"5","DCTN3"
0.0045930842157077,0.373344953070436,0.735,0.675,1,"5","CIRBP"
0.00470225924083989,0.552778718892384,0.381,0.269,1,"5","GYPC"
0.0047434473035446,0.494084724633361,0.381,0.283,1,"5","SRSF9"
0.00483462268392911,0.368695216249093,0.639,0.537,1,"5","RHOA"
0.0049522307892513,0.406374321520877,0.463,0.357,1,"5","C11orf58"
0.00508394654849475,0.562602000827653,0.313,0.217,1,"5","MYO1G"
0.00522607724467602,0.645342431835589,0.286,0.193,1,"5","EMC4"
0.00533061139563456,0.60421302225786,0.279,0.19,1,"5","POLR3GL"
0.00536685749499226,0.342361250346254,0.83,0.808,1,"5","CORO1A"
0.00546687275569572,0.651348517575115,0.293,0.203,1,"5","CDKN2D"
0.00548569130533414,0.346125846350184,0.653,0.521,1,"5","LSP1"
0.00612306581024123,0.712456627694126,0.333,0.24,1,"5","LMAN2"
0.00629045683954815,0.723952266531955,0.259,0.175,1,"5","TMEM160"
0.00667155277319792,0.440785816749457,0.721,0.629,1,"5","LIMD2"
0.0069603824803892,0.519334546923483,0.259,0.168,1,"5","WSB1"
0.0073484300487084,0.561590559166112,0.32,0.225,1,"5","PPP2R5C"
0.00753388237580083,0.409489621891159,0.361,0.259,1,"5","RAB5C"
0.0081236197381367,0.53733097621733,0.259,0.17,1,"5","MYH9"
0.00843487923525993,0.533430360482529,0.293,0.2,1,"5","MBNL1"
0.0097590106133813,0.604974776369795,0.456,0.37,1,"5","NDUFB8.1"
0.00990991481646653,0.320786393871426,0.701,0.64,1,"5","HSPA8"
3.92085501890373e-211,5.74037418930885,0.521,0.01,4.85637102641416e-207,"6","CDKN1C"
5.12839158113879e-206,5.12987659648055,0.604,0.02,6.35202581239851e-202,"6","HES4"
1.42369162079407e-188,6.64375599914023,0.41,0.004,1.76338444151553e-184,"6","CKB"
1.48356608571365e-181,4.24586279081206,0.826,0.07,1.83754495376493e-177,"6","RP11-290F20.3"
1.29984695495316e-180,4.56283600375666,0.826,0.073,1.60999043840498e-176,"6","MS4A7"
7.59892788560715e-176,4.4068884695027,0.979,0.134,9.41203207911301e-172,"6","FCGR3A"
3.95007232130724e-153,4.57424076702891,0.569,0.031,4.89255957717114e-149,"6","LILRA3"
1.57223049709062e-130,3.78617787892197,0.681,0.065,1.94736469369645e-126,"6","LRRC25"
8.19183728838801e-130,3.38542496461852,0.965,0.178,1.01464096653974e-125,"6","IFITM3"
3.87198818777011e-119,3.51153057740372,1,0.311,4.79584456937205e-115,"6","LST1"
2.32224094575411e-117,4.16933166602746,0.472,0.029,2.87632763541104e-113,"6","CTSL"
6.3751176358223e-116,4.89032362398592,0.368,0.014,7.8962207037295e-112,"6","MS4A4A"
1.44467523530512e-115,3.47497849828805,0.84,0.14,1.78937474644892e-111,"6","RHOC"
3.09720890065999e-115,3.11509670969232,0.938,0.195,3.83620294435747e-111,"6","SERPINA1"
4.79528904222463e-110,3.14998377852055,0.993,0.316,5.93944500769943e-106,"6","FCER1G"
1.06145009765168e-107,5.10597832878319,0.312,0.009,1.31471209095137e-103,"6","BATF3"
2.21677947269599e-107,3.48340153626225,0.667,0.079,2.74570305488125e-103,"6","PILRA"
2.26992523036128e-107,2.99748563228947,1,0.329,2.81152939032548e-103,"6","AIF1"
2.17543538612662e-106,4.10228384522545,0.507,0.041,2.69449426925643e-102,"6","HMOX1"
3.75282331371658e-106,2.66415829678159,0.91,0.171,4.64824695636935e-102,"6","CD68"
5.36214604841709e-106,3.85714305635836,0.514,0.042,6.64155409556941e-102,"6","CSF1R"
1.86221144787589e-103,3.19871547280855,0.736,0.108,2.30653509933908e-99,"6","HCK"
2.15419258612473e-103,2.70884999636525,0.924,0.182,2.66818293717409e-99,"6","CFD"
4.1324570437143e-103,3.94310808487483,0.465,0.034,5.11846129434454e-99,"6","LILRB1"
8.78753825944214e-102,3.24813947810037,0.611,0.067,1.0884244888145e-97,"6","LILRB2"
5.88488245844303e-101,3.0408833005613,0.778,0.121,7.28901541302754e-97,"6","IFI30"
1.86936420342658e-97,4.09489660331526,0.438,0.032,2.31539450236416e-93,"6","SIGLEC10"
3.29832168636182e-97,3.18050266955052,0.653,0.084,4.08530124072775e-93,"6","LILRA5"
2.77003099600453e-96,2.82897214696558,0.84,0.167,3.4309603916512e-92,"6","SPI1"
2.39068388763733e-94,3.53396594530353,0.514,0.049,2.9611010632276e-90,"6","TESC"
1.34790139720149e-88,4.03733173721108,0.396,0.028,1.66951067057376e-84,"6","CXCL16"
9.0906344548255e-88,3.00235847132516,0.583,0.071,1.12596598357469e-83,"6","C19orf38"
5.54054561476906e-85,2.79937260741338,0.847,0.197,6.86251979845295e-81,"6","STXBP2"
2.4561153636318e-84,4.01231414836453,0.361,0.024,3.04214448939435e-80,"6","TPPP3"
3.6812647917922e-83,2.52212241228322,1,0.599,4.55961457111382e-79,"6","COTL1"
1.34884763747877e-81,3.10560606841707,0.632,0.096,1.67068268378121e-77,"6","WARS"
4.27294968504611e-81,2.92704644152262,0.91,0.284,5.29247547989811e-77,"6","TIMP1"
6.48424171978991e-80,2.43322109843958,1,0.687,8.03138179413178e-76,"6","IFITM2"
8.00662180457898e-80,2.85501675524997,0.549,0.07,9.91700176715152e-76,"6","C5AR1"
9.43220349182986e-79,2.57397656136186,0.549,0.069,1.16827272449805e-74,"6","MAFB"
1.6707230017521e-78,2.78718994142639,0.896,0.283,2.06935750997016e-74,"6","CEBPB"
2.48668293755681e-78,4.71212471250467,0.292,0.015,3.08000548645786e-74,"6","CTD-2006K23.1"
2.08471660452576e-76,2.88567980482576,0.722,0.138,2.58212998636561e-72,"6","ABI3"
2.15619575250057e-76,2.43327111999286,0.993,0.557,2.67066405904721e-72,"6","SAT1"
1.20383089781011e-74,2.35584616687957,1,0.481,1.4910649500276e-70,"6","CTSS"
1.59823679853517e-74,2.21252269647374,0.986,0.467,1.97957609866567e-70,"6","PSAP"
2.15389584031751e-74,2.76120606953268,0.743,0.164,2.66781538781727e-70,"6","BID"
3.32619747275465e-74,2.1891052983792,1,0.994,4.11982818975391e-70,"6","FTH1"
3.13309191765165e-73,3.42061393110419,0.5,0.063,3.88064764920334e-69,"6","SLC31A2"
1.68461264289266e-71,2.7242019152112,0.653,0.121,2.08656121948685e-67,"6","LYN"
2.29380266905602e-71,3.51350829139309,0.396,0.038,2.84110398589279e-67,"6","CAMK1"
3.69456312896778e-71,2.13960761188905,0.986,0.487,4.57608589153949e-67,"6","S100A11"
9.63407727598519e-71,2.26765973938843,0.778,0.172,1.19327681140353e-66,"6","FGR"
4.22720699665037e-70,4.14452337244495,0.278,0.016,5.23581858605115e-66,"6","TCF7L2"
4.64104717625375e-70,2.37323351753788,0.75,0.163,5.74840103250789e-66,"6","BRI3"
2.06056894245053e-67,1.99369742958036,1,0.36,2.55222069211923e-63,"6","CST3"
1.02965825531807e-66,1.82998908856839,0.965,0.304,1.27533471503697e-62,"6","TYMP"
2.38691587189818e-66,2.11602165417832,1,0.992,2.95643399893309e-62,"6","FTL"
4.22508587857642e-66,3.25637931763174,0.382,0.038,5.23319136920476e-62,"6","CD300LF"
4.79039724115547e-66,1.91808850178948,1,0.361,5.93338602289516e-62,"6","TYROBP"
3.13838195446787e-65,2.77434010895037,0.5,0.07,3.8871998888039e-61,"6","UNC119"
6.68184165106105e-65,2.20104052575479,0.757,0.173,8.27612906900421e-61,"6","CFP"
3.65957828188891e-64,3.40129878780707,0.431,0.053,4.5327536599476e-60,"6","FAM110A"
1.12940709710698e-63,1.50799504234388,1,0.92,1.3988836304767e-59,"6","OAZ1"
1.20152378893493e-62,2.29920060018833,0.597,0.107,1.4882073649748e-58,"6","TNFRSF1B"
1.47363179690225e-62,2.48464830530485,0.59,0.106,1.82524034364313e-58,"6","SLC7A7"
1.51409227216412e-62,1.78342762220197,0.958,0.374,1.87535468830247e-58,"6","NPC2"
1.59792178023983e-62,2.5538472205294,0.549,0.088,1.97918591700505e-58,"6","PLAUR"
1.77995245240349e-62,3.64772490134317,0.312,0.026,2.20464910754696e-58,"6","PTP4A3"
6.42457459839343e-62,3.83413802557405,0.292,0.022,7.95747809757011e-58,"6","EMR2"
1.0848909161266e-60,2.51498924451635,0.625,0.128,1.34374588871441e-56,"6","HSBP1"
3.47174440707141e-60,1.63447872776885,1,0.831,4.30010262259865e-56,"6","S100A4"
5.50356480794067e-60,3.29800831609981,0.382,0.044,6.81671537111532e-56,"6","CUX1"
1.02246577537332e-58,2.93133091709847,0.403,0.05,1.2664261093774e-54,"6","AP2A1"
2.0153107206946e-58,1.78634773764247,0.993,0.44,2.49616385865234e-54,"6","LGALS1"
2.40975031559084e-58,2.33474122305603,0.736,0.191,2.98471674089081e-54,"6","FAM26F"
5.7617573159651e-58,2.54376545315024,0.604,0.123,7.13651261155437e-54,"6","NINJ1"
1.61709569746769e-57,2.09190874628153,0.604,0.118,2.00293473088349e-53,"6","CDA"
7.74710847500655e-57,2.16556936500616,0.549,0.098,9.59556855714312e-53,"6","FGL2"
2.3259738599394e-55,2.82618407304226,0.479,0.078,2.88095122292094e-51,"6","CPPED1"
3.2868907079559e-53,2.22774344967085,0.535,0.098,4.07114283087417e-49,"6","APOBEC3A"
1.60556362998502e-52,1.07343911249137,1,0.998,1.98865111209945e-48,"6","ACTB"
6.94573296082353e-52,2.53441894634058,0.514,0.095,8.60298484527603e-48,"6","LYST"
1.06488225074255e-51,3.41444416386399,0.299,0.03,1.31896315576973e-47,"6","SLC2A6"
1.71454249455159e-51,2.38314803337445,0.424,0.063,2.1236323337516e-47,"6","FCGR2A"
4.68910565120904e-51,2.72948587316611,0.472,0.083,5.80792625958751e-47,"6","ADA"
8.48733046898119e-51,3.02678310351645,0.361,0.046,1.05124075188801e-46,"6","GPBAR1"
8.94231111375973e-51,0.717319936509599,1,1,1.10759465455028e-46,"6","TMSB4X"
1.03055381419062e-50,1.35703170486508,1,0.81,1.27644395425651e-46,"6","ARPC3"
9.65535533127781e-50,2.59805686382586,0.493,0.091,1.19591231133207e-45,"6","MAPKAPK3"
1.31568725532164e-49,2.1580276367947,0.618,0.144,1.62961023444139e-45,"6","NAAA"
2.04588936134223e-49,3.23968060548529,0.306,0.033,2.53403856295849e-45,"6","FAM49A"
6.13668376280673e-49,2.59480839349494,0.431,0.069,7.60089650861241e-45,"6","SLC11A1"
2.77366909837873e-48,2.63787711538682,0.438,0.073,3.4354665452519e-44,"6","TCIRG1"
1.15214219591391e-47,1.41145229750414,1,0.786,1.42704332385897e-43,"6","S100A6"
2.53710788150253e-47,2.95087677065749,0.361,0.05,3.14246182202903e-43,"6","INSIG1"
5.31777327868563e-47,2.57860331961497,0.479,0.09,6.58659398298002e-43,"6","TBXAS1"
1.14075850704519e-46,1.90453689109377,0.75,0.233,1.41294348682617e-42,"6","VASP"
1.26285818511766e-46,2.03912818095457,0.84,0.326,1.56417614808673e-42,"6","PYCARD"
1.55290179546115e-46,1.87555368625266,0.819,0.306,1.92342416385818e-42,"6","TKT"
1.57708819129858e-45,2.30125431684623,0.674,0.211,1.95338143374242e-41,"6","ASAH1"
1.71331020824058e-44,1.16285042501548,0.993,0.817,2.12210602392678e-40,"6","YBX1"
2.08057436229546e-44,2.27426650581573,0.5,0.103,2.57699940513916e-40,"6","RHOB"
6.54794324127015e-44,2.04944416805044,0.819,0.325,8.11028249863721e-40,"6","CSTB"
7.0886999594287e-44,2.61375297208739,0.354,0.052,8.78006376974839e-40,"6","SLC16A3"
1.02709463105059e-43,1.89788072337471,0.743,0.25,1.27215941001926e-39,"6","CARD16"
1.16083302648433e-43,1.77051389665653,0.875,0.425,1.43780778660349e-39,"6","FKBP1A"
2.42742619180184e-43,2.0037236284534,0.736,0.238,3.00661008116576e-39,"6","RGS2"
2.86035529427951e-43,2.03398689629529,0.715,0.237,3.5428360674946e-39,"6","CASP1"
3.14117920088891e-43,1.93270416513338,0.75,0.269,3.89066455822101e-39,"6","ANXA5"
3.87297006702721e-43,1.8586691497093,0.59,0.146,4.79706072501991e-39,"6","BLVRA"
1.24260124722701e-42,1.55123127232239,0.944,0.599,1.53908590481537e-38,"6","NEAT1"
2.07113451241155e-42,1.7069511877714,0.826,0.33,2.56530720707295e-38,"6","C10orf54"
2.89934924910881e-42,2.98225194354608,0.285,0.034,3.59113397994617e-38,"6","CD300C"
4.9627964731205e-42,1.13594022875705,1,0.858,6.14691971160706e-38,"6","MYL6"
8.20678365180678e-42,1.98375006937217,0.604,0.163,1.01649222311279e-37,"6","OAS1"
9.91288090791218e-42,2.27701820227858,0.5,0.111,1.227809429254e-37,"6","VMP1"
1.38886852126231e-41,1.97571377951707,0.493,0.106,1.7202525504355e-37,"6","STX11"
2.26235275603385e-41,2.28846405398858,0.667,0.201,2.80215012362353e-37,"6","HN1"
2.65276643166396e-41,1.4219344555984,0.951,0.632,3.28571650225898e-37,"6","LY6E"
7.86827014241158e-41,0.937691190818966,0.993,0.956,9.74563939839098e-37,"6","PFN1"
1.09693487097706e-40,1.52425541409594,0.833,0.344,1.35866353119219e-36,"6","RHOG"
1.17819365740544e-40,1.71543914505833,0.889,0.424,1.45931066406238e-36,"6","PRELID1"
1.32915851811366e-40,2.81206461006542,0.319,0.046,1.64629574053558e-36,"6","CD300E"
2.42111882437657e-40,2.27563528679211,0.438,0.085,2.99879777587282e-36,"6","MPEG1"
2.83899831150613e-40,2.41315776606062,0.382,0.065,3.5163833086315e-36,"6","UNC93B1"
3.86207502559197e-40,1.28289953801244,0.951,0.46,4.78356612669822e-36,"6","HLA-DPA1"
7.35633469261254e-40,2.34659580940181,0.625,0.183,9.11155615026989e-36,"6","TNFSF10"
3.35710092533204e-39,3.06305388360935,0.292,0.039,4.15810520611626e-35,"6","CD86"
4.13224842358006e-39,2.23847160931893,0.431,0.085,5.11820289744626e-35,"6","CYBB"
5.6493212262219e-39,2.89987099103423,0.285,0.037,6.99724927079845e-35,"6","SEC14L1"
6.11208261851352e-39,2.1025674741179,0.674,0.228,7.57042553129085e-35,"6","CTSC"
9.42331216472628e-39,1.75740595862355,0.674,0.213,1.167171444723e-34,"6","ARRB2"
1.16129593750862e-38,1.23752708876336,0.972,0.562,1.43838114819818e-34,"6","SRGN"
3.11028660127322e-38,1.52003250753716,0.861,0.399,3.85240098433702e-34,"6","ANXA2"
9.55303269609342e-38,2.34948872202322,0.403,0.078,1.18323862973813e-33,"6","ADRBK1"
1.70777876750321e-37,3.34044358242021,0.285,0.039,2.11525478142948e-33,"6","RXRA"
1.86724727313879e-37,2.18578533763121,0.444,0.095,2.31277247250971e-33,"6","LYL1"
2.09619919842527e-37,3.26244107041894,0.271,0.035,2.59635232716954e-33,"6","RELT"
2.68176485109558e-37,1.75055720305977,0.556,0.144,3.32163394456699e-33,"6","NCF2"
3.77487655565655e-37,1.07112160912495,0.979,0.792,4.6755621018362e-33,"6","ARPC2"
4.63206294808171e-37,2.31619603617353,0.528,0.135,5.73727316749401e-33,"6","ATP1B3"
6.22426944760419e-37,1.86441545325222,0.708,0.256,7.70938013780255e-33,"6","PTPN6"
2.65906167775282e-36,1.04617451858549,0.993,0.733,3.29351379406465e-32,"6","ARPC1B"
3.45755462673622e-36,2.13359201197954,0.569,0.169,4.28252716067548e-32,"6","SOD2"
1.49714890505665e-35,1.98317310674065,0.507,0.131,1.85436863380317e-31,"6","OAZ2"
2.31722154318967e-35,2.056098670341,0.479,0.116,2.87011060339472e-31,"6","SPN"
2.99756651283828e-35,1.53983417839504,0.535,0.136,3.7127858828015e-31,"6","TNFSF13B"
9.15054370017623e-35,2.09099824133437,0.465,0.11,1.13338634270383e-30,"6","SYNGR2"
1.10160581033759e-34,1.78968713885982,0.722,0.276,1.36444895668414e-30,"6","MT2A"
1.34142415676041e-34,2.96637786419767,0.271,0.039,1.66148796056344e-30,"6","ARHGEF40"
2.40912669192364e-34,1.61378299664574,0.833,0.422,2.98394432061662e-30,"6","DRAP1"
2.7675638033287e-34,2.30541619742029,0.5,0.129,3.42790452680292e-30,"6","POU2F2"
2.86615984097672e-34,1.81226710779063,0.611,0.188,3.55002557903376e-30,"6","CHCHD10"
3.93178189287792e-34,2.54689445988764,0.361,0.07,4.86990505251859e-30,"6","NAMPT"
6.20252154771634e-34,3.58930821511785,0.271,0.039,7.68244318900146e-30,"6","OSCAR"
1.57077226405042e-33,1.71715296303995,0.59,0.176,1.94555852625286e-29,"6","ATG3"
8.06006572583543e-33,1.02451422815429,1,0.85,9.98319740801976e-29,"6","CYBA"
9.84792452257835e-33,2.06853102523996,0.431,0.099,1.21976393136655e-28,"6","KLF4"
3.58841774494007e-32,2.12380208207087,0.451,0.112,4.44461421888277e-28,"6","NFKBIZ"
3.6951995651697e-32,2.75992698673025,0.299,0.05,4.57687418141919e-28,"6","MPP1"
8.06099143055506e-32,1.59889071875835,0.688,0.261,9.9843439858855e-28,"6","PGLS"
1.12261674656983e-31,2.19605367308504,0.333,0.063,1.39047310230139e-27,"6","BTK"
1.52471493703497e-31,2.0361865138599,0.417,0.096,1.88851192101152e-27,"6","THEMIS2"
2.2775877573072e-31,1.44396696444729,0.854,0.501,2.8210201962007e-27,"6","CALM2"
2.80175674552677e-31,1.83977931600571,0.438,0.107,3.47025590500946e-27,"6","C20orf27"
3.11071794958816e-31,2.06373423968934,0.507,0.144,3.85293525235989e-27,"6","LGALS9"
5.41977990314765e-31,2.59198234941617,0.306,0.054,6.71293938803868e-27,"6","CLEC7A"
5.94517197433932e-31,2.62369120914351,0.285,0.048,7.36369000741669e-27,"6","HOTAIRM1"
7.76806688066003e-31,0.973132753302905,0.944,0.423,9.62152763838551e-27,"6","HLA-DRB1"
2.01491059907907e-30,2.32484672736919,0.299,0.052,2.49566826801934e-26,"6","PRAM1"
2.59159253659152e-30,0.5495561836689,1,0.999,3.20994651582226e-26,"6","RPS19"
5.66429673171866e-30,1.59288657698629,0.688,0.273,7.01579793190674e-26,"6","BLOC1S1"
5.85038996444949e-30,1.10826065789095,0.958,0.711,7.24629300996714e-26,"6","EMP3"
8.94620579810185e-30,1.40583394325404,0.701,0.265,1.1080770501529e-25,"6","FCN1"
9.25220610138067e-30,1.90485870573728,0.396,0.092,1.14597824771701e-25,"6","NANS"
2.18661533814882e-29,1.23485640872159,0.875,0.453,2.70834175783113e-25,"6","GABARAP"
4.07567177845537e-29,1.3060997925968,0.799,0.405,5.04812706479482e-25,"6","ISG15"
8.35831735139723e-29,1.66080438216061,0.59,0.199,1.03526118714406e-24,"6","PTP4A2"
1.44847280641999e-28,2.31520629092119,0.312,0.061,1.7940784180318e-24,"6","NUDT16"
1.88019978594882e-28,2.84036997928557,0.25,0.04,2.32881545487621e-24,"6","PIK3AP1"
3.62911268200508e-28,2.07740917658642,0.375,0.087,4.49501896793149e-24,"6","RNF13"
4.07530774031292e-28,1.29736666900581,0.84,0.466,5.04767616715158e-24,"6","TPI1"
5.16325152780368e-28,1.5600642545066,0.521,0.153,6.39520334233764e-24,"6","RNF130"
8.46612746631617e-28,2.40094832137976,0.319,0.066,1.04861454797792e-23,"6","MTSS1"
2.37461318204676e-27,1.44886885732366,0.66,0.251,2.94119588728312e-23,"6","RBX1"
5.95252490682269e-27,2.35304361919984,0.299,0.059,7.37279734959058e-23,"6","AGPAT2"
6.21743201684485e-27,1.87203533913981,0.41,0.105,7.70091129606404e-23,"6","CD300A"
7.6506040292988e-27,1.9778735030355,0.396,0.1,9.4760381506895e-23,"6","PCGF5"
8.96489143848626e-27,1.38644532200837,0.542,0.168,1.11039145357091e-22,"6","CTSB"
9.12828565203534e-27,2.1912771411447,0.34,0.076,1.1306294608611e-22,"6","RAB24"
1.12402026558486e-26,0.540353193714003,1,0.999,1.39221150095341e-22,"6","MT-CO1"
1.33274421265464e-26,1.9178633209241,0.361,0.085,1.65073698179404e-22,"6","SMCO4"
2.21647544016668e-26,1.16156962425041,0.729,0.297,2.74532648019045e-22,"6","ATP6V0B"
6.33485920910804e-26,3.21568855141226,0.306,0.064,7.84635661640121e-22,"6","CNIH4"
1.09140344483034e-25,1.47546591348137,0.611,0.216,1.35181230676686e-21,"6","LGALS3"
1.58976898337836e-25,1.45262069537207,0.646,0.258,1.96908786281243e-21,"6","GNG5"
2.02453377562741e-25,1.57601139250439,0.458,0.134,2.50758753449211e-21,"6","IFNGR2"
2.03084680288069e-25,2.36906426035998,0.306,0.066,2.51540685004802e-21,"6","SCIMP"
2.54005762736875e-25,1.14229870733044,0.604,0.202,3.14611537725894e-21,"6","FCGRT"
3.24409485098161e-25,2.13880972125056,0.312,0.068,4.01813588242583e-21,"6","IMPDH1"
3.26291275765821e-25,1.00212104928218,0.771,0.316,4.04144374163546e-21,"6","HLA-DRB5"
3.87059890590812e-25,1.48664105418405,0.743,0.35,4.7941238048578e-21,"6","C1orf162"
5.43951908907736e-25,1.59432628988447,0.389,0.097,6.73738834373122e-21,"6","CPVL"
5.55052594135927e-25,1.52982740994105,0.729,0.312,6.8748814309676e-21,"6","AP2S1"
7.12255010811429e-25,1.79631479920763,0.472,0.148,8.82199056391036e-21,"6","ZFAND5"
1.03012190970081e-24,1.64882514546962,0.646,0.271,1.27590899735543e-20,"6","RNH1"
1.40403343599293e-24,2.45849934394192,0.264,0.051,1.73903581382084e-20,"6","FAM46A"
1.76391344637116e-24,1.694939539764,0.431,0.124,2.18478319467532e-20,"6","RAB10"
1.85150775531677e-24,2.17997891022696,0.292,0.061,2.29327750573535e-20,"6","CX3CR1"
2.13323598016357e-24,1.2459603134921,0.806,0.459,2.64222608503059e-20,"6","RNASET2"
2.65558747374309e-24,1.9074841751441,0.347,0.084,3.28921064497819e-20,"6","ITGAL"
3.31295878174343e-24,1.84373683038397,0.472,0.148,4.10343074706741e-20,"6","ATP6V0D1"
3.34554758017186e-24,1.09361240136247,0.854,0.534,4.14379523280086e-20,"6","NAP1L1"
3.61317503460917e-24,1.5260895196929,0.542,0.186,4.47527859786692e-20,"6","RAB8A"
5.56353810040395e-24,1.79337768945758,0.354,0.087,6.89099829116034e-20,"6","TGFBI"
5.89740790368836e-24,1.94965362938804,0.34,0.083,7.3045294295084e-20,"6","GRINA"
6.32566641546385e-24,1.71723361234209,0.424,0.122,7.83497042219352e-20,"6","RNF149"
6.39112995815556e-24,2.30802210472783,0.271,0.055,7.91605356617148e-20,"6","C11orf21"
1.8742805420934e-23,1.13079027291444,0.819,0.431,2.32148387943688e-19,"6","ITGB2"
2.38586559503422e-23,1.46269933247121,0.59,0.232,2.95513312600939e-19,"6","RGS19"
2.80403601488117e-23,1.62894867577012,0.438,0.13,3.47307900803182e-19,"6","AGTRAP"
8.53588387637348e-23,2.34749833995416,0.25,0.049,1.05725457692762e-18,"6","CD302"
9.91193169793526e-23,2.24034774771262,0.431,0.131,1.22769186010626e-18,"6","EIF4E2"
1.04173511610459e-22,2.13880972125056,0.326,0.082,1.29029311480715e-18,"6","ANXA4"
1.97738747230579e-22,1.79798581021359,0.382,0.107,2.44919212319796e-18,"6","MYD88"
2.28611035998858e-22,0.819174305029412,0.931,0.671,2.83157629188185e-18,"6","GMFG"
2.33906189049913e-22,1.1705185809779,0.736,0.348,2.89716205757223e-18,"6","H3F3A"
2.98364780666777e-22,1.34792516378966,0.507,0.179,3.6955461733387e-18,"6","CAPZA2"
3.71219449417799e-22,2.53166798566298,0.34,0.09,4.59792410048885e-18,"6","SH3BP1"
3.98791471098476e-22,1.66932443794934,0.403,0.119,4.93943116102573e-18,"6","MAP2K3"
4.4007854135652e-22,1.53426685155989,0.75,0.406,5.45081281324185e-18,"6","SH3BGRL"
5.26421780709176e-22,0.739682050861131,1,0.99,6.52026017586385e-18,"6","NACA"
5.37160456653394e-22,2.03714530637269,0.312,0.076,6.65326941610894e-18,"6","DUSP6"
5.5753935367282e-22,2.21347072616244,0.292,0.068,6.90568243459155e-18,"6","DPEP2"
1.36269079651517e-21,1.31573706985584,0.611,0.248,1.68782882056369e-17,"6","MSN"
1.4394661788059e-21,1.49832324220193,0.486,0.165,1.78292280906898e-17,"6","COX17"
1.50247732422311e-21,1.66839546493534,0.306,0.072,1.86096841378275e-17,"6","RAB32"
1.64579124897325e-21,1.63304500603806,0.396,0.119,2.03847704097827e-17,"6","CAT"
2.130292267815e-21,2.22250232504879,0.354,0.095,2.63858000291566e-17,"6","CTSZ"
2.44830277531121e-21,1.61375297208739,0.389,0.114,3.03246781750046e-17,"6","UBE2F"
2.6486990493722e-21,1.64890941750101,0.368,0.103,3.2806786425524e-17,"6","NAPRT1"
3.86740542756278e-21,1.89728840803822,0.319,0.081,4.79016836257926e-17,"6","RIN3"
5.32270082586818e-21,1.80822254377103,0.382,0.109,6.59269724292032e-17,"6","MNDA"
9.70202562186897e-21,1.5546414374726,0.458,0.157,1.20169289352469e-16,"6","CCT5"
1.08693033027046e-20,2.39780980172718,0.292,0.071,1.346271907073e-16,"6","UTRN"
1.37205103767319e-20,1.92191124577938,0.528,0.204,1.69942241526202e-16,"6","MYO1G"
1.59917776132503e-20,1.71283674429056,0.368,0.106,1.98074157517718e-16,"6","NAGK"
1.85742982522157e-20,0.956611032615279,0.819,0.436,2.30061258151944e-16,"6","TSPO"
2.25868927639849e-20,1.62250721642963,0.375,0.11,2.79761253774717e-16,"6","CAPNS1"
1.07805265207842e-19,1.95971413391666,0.306,0.079,1.33527601486433e-15,"6","RABGAP1L"
1.42918340670103e-19,0.679058806240452,0.986,0.864,1.77018656753989e-15,"6","SH3BGRL3"
1.45050662154654e-19,1.18586654531133,0.597,0.258,1.79659750144755e-15,"6","GSTO1"
1.46691192899521e-19,0.913303848388216,0.646,0.263,1.81691711525346e-15,"6","AP1S2"
1.66306928063641e-19,1.43312558493006,0.583,0.255,2.05987761099626e-15,"6","SUPT4H1"
2.05436956425257e-19,1.32533669003,0.514,0.198,2.54454214228324e-15,"6","GNAI2"
2.41499042509737e-19,1.31244795240984,0.646,0.31,2.99120714052561e-15,"6","POLD4"
3.77061672174229e-19,0.92495531137051,0.826,0.515,4.67028587155e-15,"6","SERP1"
4.41667308751488e-19,2.11393505261153,0.257,0.06,5.47049128619593e-15,"6","MTHFD2"
4.61692791401811e-19,0.910646247732458,0.771,0.402,5.71852691430283e-15,"6","RAC1"
4.98958600519499e-19,1.98148475658788,0.257,0.06,6.18010122603451e-15,"6","CD83"
5.22955326522268e-19,1.53362408254017,0.444,0.157,6.47732467430481e-15,"6","WSB1"
5.46032773704237e-19,1.57077503655022,0.438,0.156,6.76316193510069e-15,"6","SELPLG"
5.71116219371057e-19,1.02419120684096,0.715,0.376,7.07384549312991e-15,"6","H2AFZ"
9.73652652570511e-19,1.40212047897503,0.694,0.398,1.20596617547384e-14,"6","TUBA1B"
1.09829711117711e-18,1.87763966421064,0.444,0.155,1.36035080190397e-14,"6","EPSTI1"
1.27819069110313e-18,1.52623498932154,0.424,0.144,1.58316699000034e-14,"6","CMTM6"
1.4992629513824e-18,0.851157559794334,0.903,0.681,1.85698709158224e-14,"6","ALDOA"
1.71470708254133e-18,1.62284331312093,0.326,0.093,2.12383619243569e-14,"6","IFIT3"
1.83194104646959e-18,1.65159183855433,0.41,0.139,2.26904218015724e-14,"6","C4orf48"
1.90047497122394e-18,1.66894433123106,0.354,0.107,2.35392829935797e-14,"6","MMP24-AS1"
1.95787993806444e-18,1.57490883605723,0.424,0.148,2.42503009128661e-14,"6","CHMP4B"
2.23855012866851e-18,2.01969367873013,0.271,0.068,2.77266818936882e-14,"6","FAM45A"
2.34015714026901e-18,1.62235599845969,0.347,0.103,2.8985186339372e-14,"6","ODF3B"
2.35868639706582e-18,1.24941940872481,0.618,0.279,2.92146897140572e-14,"6","ZNF706"
2.74538540388592e-18,1.95187829450256,0.278,0.071,3.4004343612531e-14,"6","RALB"
3.32929908086506e-18,2.01029498072788,0.271,0.068,4.12366984155947e-14,"6","SNAP29"
3.96958723105954e-18,1.8476747799088,0.278,0.071,4.91673074439035e-14,"6","ALOX5"
4.00120589599718e-18,1.50932049442966,0.264,0.065,4.95589362278211e-14,"6","IFIT1"
5.73153177387427e-18,1.54358552485706,0.41,0.141,7.09907525512068e-14,"6","TMEM179B"
6.55725758751721e-18,0.525742464090967,1,0.933,8.12181924789882e-14,"6","CFL1"
7.36318171674358e-18,1.67389354720279,0.34,0.103,9.1200368743586e-14,"6","COMMD9"
7.78430536226484e-18,1.54307274893523,0.368,0.118,9.64164062170123e-14,"6","ACAA1"
1.05178217738705e-17,1.2059239171091,0.688,0.35,1.3027374049116e-13,"6","COX8A"
1.37533123205687e-17,1.32174748871031,0.424,0.146,1.70348526402564e-13,"6","PLEK"
1.37958410477468e-17,1.92432984658203,0.34,0.104,1.70875287217392e-13,"6","EIF4EBP1"
1.64966640503476e-17,2.39459935246712,0.306,0.086,2.04327680927605e-13,"6","SNX5"
1.82127195900695e-17,1.51741359138184,0.361,0.116,2.255827448426e-13,"6","SCPEP1"
1.98403176586072e-17,0.904216461310193,0.806,0.527,2.45742174519508e-13,"6","RHOA"
2.69796791320772e-17,1.05218029164182,0.826,0.511,3.34170305729909e-13,"6","LSP1"
2.74374598682658e-17,1.36643879095316,0.486,0.191,3.39840377928341e-13,"6","CSK"
2.86015302001524e-17,1.58695066232849,0.451,0.17,3.54258553059088e-13,"6","VPS29"
3.10281029365813e-17,1.70657148121811,0.333,0.101,3.84314082972496e-13,"6","GLUL"
3.81020324885797e-17,2.05674970602032,0.285,0.077,4.71931774403548e-13,"6","RNPEP"
5.27245431581296e-17,1.40461650296662,0.444,0.165,6.53046191556593e-13,"6","POLE4"
6.82501617883346e-17,1.00649418097527,0.757,0.45,8.45346503910312e-13,"6","TCEB2"
1.20226488780934e-16,1.82534588857363,0.299,0.086,1.48912529004065e-12,"6","NCKAP1L"
1.38669103662058e-16,1.30234379248532,0.424,0.157,1.71755551795825e-12,"6","UQCRC1"
1.49771493908138e-16,0.558163080609595,0.556,0.216,1.8550697235462e-12,"6","CD79B"
1.58435890561846e-16,1.63262433391352,0.354,0.116,1.96238694049903e-12,"6","SCO2"
1.71178626589173e-16,0.942531122243305,0.639,0.306,2.1202184689335e-12,"6","UBE2L6"
2.28238249761592e-16,1.88910564582925,0.438,0.168,2.82695896154708e-12,"6","ENY2"
2.55455873003752e-16,1.55123600707287,0.451,0.169,3.16407644302448e-12,"6","EFHD2"
3.74889804121821e-16,0.332213696777405,0.896,0.485,4.64338511385288e-12,"6","HLA-DPB1"
4.861739315385e-16,0.807157116471377,0.792,0.52,6.02175031603586e-12,"6","CAPZB"
5.33956456639755e-16,1.08424480683591,0.785,0.487,6.61358467194e-12,"6","LAMTOR4"
5.67152930055169e-16,1.62235599845969,0.306,0.092,7.02475619166333e-12,"6","IGSF6"
5.93939494500515e-16,1.01851548753285,0.479,0.187,7.35653457888337e-12,"6","FLNA"
6.89320084980336e-16,1.11447127080796,0.66,0.343,8.53791857256644e-12,"6","PSMB3"
7.34834077086412e-16,1.67444450960815,0.299,0.089,9.1016548787923e-12,"6","KLF3"
7.37561907012004e-16,1.52583284435981,0.34,0.11,9.13544178025068e-12,"6","AKIRIN2"
1.17008487817721e-15,1.1184718332083,0.507,0.215,1.44926713011029e-11,"6","DOK2"
1.19099890968718e-15,1.24341912802535,0.507,0.217,1.47517124953854e-11,"6","SDCBP"
1.27015109434334e-15,1.89808547714185,0.306,0.091,1.57320914545366e-11,"6","FPR1"
1.54368703059842e-15,1.35859092913047,0.368,0.127,1.9120107560992e-11,"6","ZYX"
1.62946832189458e-15,1.32847094075413,0.438,0.169,2.01825946349863e-11,"6","MOB1A"
2.71990697250667e-15,1.1372424261036,0.465,0.188,3.36887677614676e-11,"6","RNF181"
3.08120506009659e-15,1.78617787892197,0.257,0.071,3.81638058743564e-11,"6","NUDT3"
3.22249843408381e-15,1.18290230543373,0.472,0.188,3.99138656045621e-11,"6","SNX2"
3.28004387867068e-15,1.05084835031528,0.674,0.367,4.0626623481215e-11,"6","ATP5B"
3.61434423092742e-15,1.07475959817247,0.417,0.156,4.4767267644267e-11,"6","IFI35"
3.75077434343171e-15,1.01989013750907,0.639,0.316,4.64570910177452e-11,"6","LRRFIP1"
4.25549867176572e-15,1.45707234576337,0.465,0.195,5.27086065484902e-11,"6","M6PR"
4.46475657654974e-15,1.64096920057535,0.299,0.092,5.53004749571451e-11,"6","TSPAN14"
4.93586337305305e-15,1.84711155716462,0.25,0.069,6.11356037386351e-11,"6","PLEKHO1"
6.29122782811504e-15,1.02931488838537,0.604,0.297,7.79231478790329e-11,"6","SEC11A"
6.58339765456704e-15,1.20361626915413,0.521,0.237,8.15419633494674e-11,"6","GNB2"
7.65567385394457e-15,1.30709163385334,0.389,0.145,9.48231763549575e-11,"6","SMS"
8.14132648607292e-15,1.44894503722867,0.326,0.107,1.00838469856499e-10,"6","GNG2"
8.47276844945096e-15,1.22941227003147,0.708,0.44,1.049437100149e-10,"6","PGK1"
8.94443041042653e-15,1.02904615502502,0.472,0.193,1.10785715063543e-10,"6","CDKN2D"
9.20103906944022e-15,1.09118029635902,0.75,0.489,1.13964069914087e-10,"6","ARPC5"
9.61477446187651e-15,1.48322814583588,0.319,0.104,1.19088596484802e-10,"6","ATOX1"
9.61570690927657e-15,0.990697543393086,0.535,0.245,1.191001457783e-10,"6","LINC00936"
1.29030152990771e-14,0.904781232824864,0.778,0.518,1.59816747494369e-10,"6","PSME2"
1.33064261313649e-14,1.16838283663391,0.493,0.211,1.64813394063085e-10,"6","MYO1F"
1.42887846492709e-14,1.71641151702046,0.438,0.179,1.7698088666587e-10,"6","CD55"
1.64023114083232e-14,1.76865647044679,0.271,0.081,2.03159029103491e-10,"6","ATP2B1"
1.77234668897584e-14,1.79833656066085,0.257,0.074,2.19522860896548e-10,"6","VMA21"
1.77825641434591e-14,1.41099686224552,0.347,0.124,2.20254839480885e-10,"6","SH3GLB1"
2.64557263042226e-14,1.62103088192667,0.285,0.088,3.27680626004101e-10,"6","ARRDC1"
2.76958931908615e-14,1.40070410723768,0.382,0.143,3.43041333062011e-10,"6","LTA4H"
3.69938688720646e-14,1.61530342365079,0.306,0.1,4.58206059849393e-10,"6","CBR1"
4.37882276838332e-14,1.51391118505386,0.424,0.172,5.42360988091958e-10,"6","LYSMD2"
4.39354103778576e-14,1.35241622408629,0.562,0.269,5.44183992940144e-10,"6","BAX"
5.26609080358437e-14,0.72171034504381,0.681,0.37,6.52258006931959e-10,"6","IFI6"
5.95157339361994e-14,1.44353707538431,0.347,0.125,7.37161880533766e-10,"6","PTPN18"
7.76551572469144e-14,0.862606683026014,0.743,0.473,9.61836777660282e-10,"6","SLC25A5"
8.07718372402667e-14,1.28363266102935,0.375,0.142,1.00043997605794e-09,"6","LSM6"
8.10411293573576e-14,1.79869314852035,0.306,0.102,1.00377542822023e-09,"6","MLX"
8.30751591390196e-14,1.0677460792357,0.5,0.217,1.0289689210959e-09,"6","CTSD"
1.02287719067124e-13,1.50090825461346,0.34,0.122,1.2669356883654e-09,"6","SNAP23"
1.03152306425796e-13,1.37370912928174,0.389,0.153,1.27764446738991e-09,"6","SPG21"
1.04481128880009e-13,1.45849934394192,0.264,0.08,1.29410326230779e-09,"6","SNX10"
1.28336181203743e-13,1.15508854040829,0.382,0.145,1.58957194038956e-09,"6","IRF7"
1.56508044621066e-13,0.70678115240852,0.875,0.614,1.93850864067652e-09,"6","S100A10"
1.99335485089996e-13,1.42477684932745,0.354,0.133,2.46896931832468e-09,"6","MPC1"
2.03799604572874e-13,0.995047207028943,0.562,0.273,2.52426190223962e-09,"6","C20orf24"
2.43273047299914e-13,1.3960421919122,0.389,0.158,3.01317996385674e-09,"6","MARCKSL1"
2.43823724741452e-13,1.41301220837086,0.34,0.123,3.02000065464763e-09,"6","GNAI3"
2.46197478626476e-13,1.057791974574,0.736,0.467,3.04940197026753e-09,"6","COX5B"
2.66382607441883e-13,0.899668521727758,0.799,0.534,3.29941497577516e-09,"6","COX6B1"
2.87919221144433e-13,1.49244667586526,0.319,0.112,3.56616747309494e-09,"6","MTPN"
2.92920036886405e-13,1.10116115001976,0.743,0.48,3.62810757687502e-09,"6","PPP1CA"
2.99644971550045e-13,1.21472288452911,0.444,0.196,3.71140261761886e-09,"6","VAMP5"
3.41083265185456e-13,1.09787327914613,0.417,0.173,4.22465732258706e-09,"6","DYNLT1"
3.62818009694411e-13,1.4555201068669,0.278,0.09,4.49386386807497e-09,"6","POLR3K"
3.972424544626e-13,0.515259467576384,0.958,0.856,4.92024504097376e-09,"6","SERF2"
4.39557622530399e-13,1.24013867662453,0.41,0.169,5.44436071266152e-09,"6","GBP2"
4.60000826105588e-13,0.884946637398093,0.792,0.545,5.69757023214382e-09,"6","PSMB9"
5.63329700419691e-13,1.44320315684541,0.312,0.109,6.97740166939829e-09,"6","RTN3"
6.24404725821213e-13,1.20031935851114,0.444,0.193,7.73387693402155e-09,"6","TNFRSF14"
7.94102669064167e-13,1.23070558705299,0.396,0.159,9.83575565902877e-09,"6","C7orf73"
7.97565691925995e-13,1.10688029507758,0.396,0.162,9.87864866019538e-09,"6","IDH2"
8.19915512105181e-13,0.512946107058883,0.993,0.93,1.01554735329348e-08,"6","ARHGDIB"
8.59637588094222e-13,1.27931222238991,0.382,0.148,1.0647471166135e-08,"6","APLP2"
9.64121397548679e-13,1.10049278969946,0.41,0.168,1.19416076300379e-08,"6","ACTR2"
1.01597629053166e-12,1.54862951125838,0.299,0.104,1.25838823345251e-08,"6","DEDD2"
1.34549628233555e-12,0.531216246029836,0.639,0.329,1.66653169530082e-08,"6","TALDO1"
2.07223132372632e-12,0.762511283766583,0.653,0.377,2.56666571756741e-08,"6","CAP1"
2.15404598308329e-12,1.32143161389441,0.299,0.105,2.66800135464697e-08,"6","TREX1"
2.3734697478733e-12,0.938085217212112,0.521,0.253,2.93977962971587e-08,"6","LAMTOR5"
2.71856502427077e-12,1.17183671267388,0.438,0.193,3.36721463906178e-08,"6","WAS"
3.5517555880294e-12,0.80304676495111,0.583,0.315,4.39920447133322e-08,"6","COX5A"
3.94073887027403e-12,1.53308866036261,0.271,0.09,4.88099916472141e-08,"6","PFKL"
4.08133044960458e-12,0.985239332658549,0.611,0.339,5.05513589488024e-08,"6","GLRX"
4.11143414102888e-12,1.53034328362379,0.278,0.095,5.09242232707837e-08,"6","PLIN2"
4.16001807131098e-12,1.32847094075413,0.347,0.135,5.15259838312578e-08,"6","POMP"
4.17745923408373e-12,1.31490849031307,0.278,0.094,5.17420100733611e-08,"6","TXNDC17"
4.19653337557088e-12,1.12699120543698,0.528,0.27,5.19782623898209e-08,"6","GDI2"
4.50516731880584e-12,1.05649412427717,0.681,0.427,5.58010024107291e-08,"6","TUBA1A"
4.8004634063387e-12,1.25486785071414,0.347,0.134,5.94585397509111e-08,"6","PARVG"
5.44500475817504e-12,1.19248570103311,0.417,0.183,6.7441828934756e-08,"6","GLIPR1"
6.25126326673303e-12,1.17187386058991,0.431,0.191,7.74281468217553e-08,"6","VDAC1"
6.949393803219e-12,1.58802433584749,0.25,0.081,8.60751916466705e-08,"6","ACO2"
7.65182623460672e-12,0.937762202312467,0.562,0.294,9.47755197418388e-08,"6","EVI2B"
7.82688012022457e-12,1.33716845038735,0.299,0.107,9.69437371691016e-08,"6","ARPC1A"
9.7109984053089e-12,1.52514371368471,0.472,0.234,1.20280426248156e-07,"6","REEP5"
1.0217869075567e-11,0.629183012657,0.493,0.216,1.26558526369972e-07,"6","GRN"
1.25275256098676e-11,0.831498948543832,0.59,0.309,1.5516593220382e-07,"6","CYTIP"
1.28923621911002e-11,1.23850541865399,0.438,0.2,1.59684798098967e-07,"6","CD97"
1.29517222698496e-11,0.999150162665917,0.465,0.213,1.60420032034357e-07,"6","DBNL"
1.38527711193811e-11,0.574801416747338,0.938,0.8,1.71580423084654e-07,"6","PPDPF"
1.38710996494726e-11,0.905913467268878,0.569,0.293,1.71807440258368e-07,"6","ATP5J2"
1.59011554396867e-11,1.08494284927182,0.438,0.197,1.9695171127596e-07,"6","EIF6"
1.69232544877085e-11,1.3669157937814,0.326,0.128,2.09611430084757e-07,"6","STX10"
1.860578674618e-11,0.670783917123773,0.854,0.61,2.30451274638186e-07,"6","CLIC1"
2.00306427109435e-11,1.21151904355906,0.521,0.266,2.48099540617746e-07,"6","H2AFY"
2.36731350287378e-11,1.00566456908301,0.438,0.198,2.93215450465947e-07,"6","FMNL1"
2.57610818635876e-11,1.43630359782773,0.271,0.094,3.19076759962396e-07,"6","CECR1"
2.61653931246569e-11,1.04356802277101,0.431,0.199,3.24084559242e-07,"6","LAMTOR2"
2.62273733818355e-11,0.476920496121212,0.958,0.834,3.24852246707414e-07,"6","SLC25A6"
2.70205925341265e-11,0.998840124212307,0.403,0.175,3.34677059127691e-07,"6","TGFB1"
2.86959248189526e-11,0.932750933754534,0.396,0.168,3.55427724807547e-07,"6","RILPL2"
3.43674451205492e-11,1.30891707686627,0.292,0.107,4.25675175263123e-07,"6","MTHFS"
3.8157165982957e-11,1.16731614893955,0.333,0.13,4.72614657864906e-07,"6","NUP214"
3.94346161431668e-11,0.530398415656847,0.951,0.801,4.88437155549263e-07,"6","CORO1A"
4.08675816371909e-11,1.37696945844532,0.285,0.104,5.06185866158246e-07,"6","UBE2A"
4.08855682436599e-11,1.5206803565942,0.389,0.172,5.06408648265971e-07,"6","ATP1A1"
4.19478397853963e-11,1.32519580872127,0.389,0.172,5.19565943581918e-07,"6","PPT1"
4.38946060847087e-11,1.09892449724122,0.444,0.208,5.43678590965202e-07,"6","PGAM1"
4.3975759977476e-11,0.766108717536527,0.604,0.323,5.44683763081018e-07,"6","PRDX5"
6.57566495445879e-11,1.02082564822005,0.319,0.125,8.14461861259265e-07,"6","NCOA4"
6.82415853070287e-11,1.6151897405775,0.264,0.094,8.45240275612857e-07,"6","MIDN"
7.1049573047397e-11,0.821426393522907,0.514,0.256,8.80020011765059e-07,"6","CNPY3"
7.38409024394142e-11,1.44408365430386,0.278,0.101,9.14593417614584e-07,"6","GNB1"
9.08019724288493e-11,1.77954478658952,0.444,0.217,1.12467323050373e-06,"6","RTN4"
9.93319636929963e-11,1.28849150278549,0.299,0.114,1.23032570230145e-06,"6","ETFA"
1.25117823834552e-10,1.42309862917453,0.285,0.107,1.54970936601476e-06,"6","PDCL3"
1.30869975782634e-10,0.97101983199444,0.708,0.452,1.62095552004371e-06,"6","HIGD2A"
1.56462751998767e-10,1.0357500249492,0.375,0.159,1.93794764625673e-06,"6","CTSH"
1.57355689384324e-10,1.28935481048775,0.292,0.11,1.94900756871423e-06,"6","TMEM134"
1.90659000241829e-10,1.14948059120711,0.493,0.27,2.36150237699529e-06,"6","NOP10"
1.97975739690875e-10,1.22250232504879,0.41,0.201,2.45212751181118e-06,"6","LAPTM4A"
2.13748877660987e-10,1.17568028609368,0.493,0.25,2.64749359870899e-06,"6","ABRACL"
2.78186340954463e-10,1.39151776701448,0.285,0.109,3.44561601906198e-06,"6","PKN1"
3.39184680924546e-10,1.31718823011991,0.271,0.1,4.20114145793143e-06,"6","SLIRP"
3.40787949745825e-10,0.692745326351092,0.715,0.448,4.22099954555179e-06,"6","PRR13"
3.47859845098366e-10,1.00701984869502,0.361,0.156,4.30859204138836e-06,"6","EMC7"
3.57006572753407e-10,1.50550282869071,0.451,0.221,4.4218834101237e-06,"6","CCDC12"
3.64074437703081e-10,0.952351697309394,0.604,0.349,4.50942598539036e-06,"6","HCLS1"
3.89825723695726e-10,1.13204443316326,0.25,0.088,4.82838141369527e-06,"6","CTNNBL1"
3.90425297126461e-10,1.0400836408976,0.389,0.174,4.83580773020835e-06,"6","WASF2"
4.25915263410147e-10,1.26085531768235,0.361,0.16,5.27538645259809e-06,"6","SSR3"
4.31842767950487e-10,1.26593814605658,0.306,0.122,5.34880452383473e-06,"6","PSMA4"
4.34932194894623e-10,1.57756328950321,0.403,0.19,5.3870701659648e-06,"6","NDUFB5"
4.97896024450374e-10,0.650128081552825,0.41,0.191,6.16694015884233e-06,"6","SDHB"
5.1680569935455e-10,1.16751609281637,0.375,0.17,6.40115539220546e-06,"6","SERPINB6"
5.21937120912034e-10,1.29604946306176,0.264,0.097,6.46471317961645e-06,"6","UBE2J1"
6.00573049782126e-10,0.615285124742987,0.694,0.429,7.43869779460141e-06,"6","SNX3"
6.19128192024141e-10,1.19205174252754,0.333,0.142,7.66852178641101e-06,"6","C7orf50"
6.50089629271037e-10,1.28631014528673,0.312,0.129,8.05201014815107e-06,"6","SFT2D1"
6.99243866037715e-10,1.3741267086765,0.257,0.094,8.66083452474314e-06,"6","IL10RB"
7.61186789517294e-10,1.02816565756657,0.361,0.157,9.4280595749612e-06,"6","PSMB4"
8.08033123123483e-10,1.53034328362379,0.257,0.095,1.00082982630075e-05,"6","TIMM8B"
8.09416838838965e-10,1.06794884733735,0.25,0.09,1.00254369658594e-05,"6","SRA1"
8.80614809818541e-10,0.488112953649188,0.875,0.655,1.09072950344125e-05,"6","EIF4A1"
9.94932729671309e-10,0.879827832241239,0.646,0.432,1.23232367897088e-05,"6","NDUFA13"
1.00439493830369e-09,0.961931959166481,0.382,0.177,1.24404357058295e-05,"6","IDH3G"
1.01806669650797e-09,1.74759748262322,0.306,0.125,1.26097741029477e-05,"6","PMVK"
1.02020406202592e-09,1.08449860137274,0.319,0.132,1.26362475122531e-05,"6","CTSA"
1.1987873548748e-09,1.41444416386399,0.299,0.121,1.48481801774792e-05,"6","YWHAE"
1.21029544257703e-09,1.14194942878113,0.368,0.167,1.49907193517591e-05,"6","COX6A1P2"
1.21044039538254e-09,0.796683444933641,0.729,0.514,1.49925147372082e-05,"6","BRK1"
1.2444871425816e-09,0.665715120381943,0.701,0.462,1.54142177480157e-05,"6","ARL6IP4"
1.25182668342871e-09,0.745895032869856,0.521,0.276,1.5505125300948e-05,"6","FAM49B"
1.45400379895241e-09,0.818321955269286,0.569,0.329,1.80092910538245e-05,"6","RAP1B"
1.4846573193224e-09,1.22114465404787,0.333,0.145,1.83889655571273e-05,"6","SHKBP1"
1.73070801446932e-09,1.34220404028465,0.257,0.097,2.1436549467217e-05,"6","NR4A1"
1.74681661003194e-09,0.691587465100427,0.556,0.309,2.16360705318556e-05,"6","DYNLL1"
1.75525521075774e-09,1.33226965097451,0.278,0.11,2.17405910404454e-05,"6","RAB18"
1.86552659018806e-09,0.605733962194372,0.562,0.31,2.31064123460693e-05,"6","CSNK2B"
2.55227555644229e-09,2.09300603163743,0.285,0.116,3.16124850420942e-05,"6","GCA"
2.67846319974997e-09,1.48944418770374,0.375,0.173,3.31754451921031e-05,"6","MRPL18"
2.68519568736326e-09,1.35598443331599,0.257,0.098,3.32588337836813e-05,"6","MX2"
3.11119252284003e-09,1.05356243463205,0.306,0.126,3.85352305878967e-05,"6","NDUFB3"
3.24189369313916e-09,0.739377773515136,0.521,0.286,4.01540952832217e-05,"6","CASP4"
3.55750162743003e-09,0.936267075773133,0.486,0.254,4.40632151573484e-05,"6","SP110"
3.58578068881139e-09,0.92831767856127,0.396,0.187,4.44134796116178e-05,"6","HERPUD1"
3.91341682921743e-09,1.12761875337804,0.653,0.442,4.84715808466871e-05,"6","TPM3"
4.11609595404491e-09,0.952172992704152,0.326,0.142,5.09819644868002e-05,"6","SMAP2"
4.25380614659532e-09,1.34805676653009,0.25,0.095,5.26876429317296e-05,"6","MTMR14"
4.32856147511502e-09,0.985150668734428,0.354,0.16,5.36135624307747e-05,"6","TXNL1"
4.35308803777346e-09,0.895962305248885,0.5,0.274,5.39173484358621e-05,"6","ATP5C1"
4.38444099288527e-09,1.20294005867028,0.25,0.095,5.43056861378769e-05,"6","TMEM141"
4.39401388282552e-09,1.87970101863057,0.312,0.134,5.44242559526769e-05,"6","UBE2B"
4.87242186647181e-09,0.960545418895518,0.458,0.24,6.03498172381199e-05,"6","SRI"
4.95216846768907e-09,1.1188291039664,0.34,0.153,6.13375586407968e-05,"6","PSMC3"
5.09645416173624e-09,1.00040610698112,0.347,0.155,6.31246812472651e-05,"6","MIR142"
5.10223953916135e-09,1.08081577802967,0.319,0.14,6.31963389320525e-05,"6","ADI1"
5.54165201097349e-09,1.16528193261175,0.34,0.155,6.86389018079177e-05,"6","NMI"
6.54729808422909e-09,1.30752895994748,0.257,0.1,8.10948340712615e-05,"6","TANK"
7.61741406946064e-09,1.33167337279248,0.264,0.106,9.43492906643394e-05,"6","TADA3"
8.3267047056646e-09,1.03301505722796,0.389,0.19,0.000103134564484362,"6","LSM10"
8.66066831512987e-09,0.914178827718112,0.319,0.138,0.000107271037751199,"6","MRPL21"
9.32186836136343e-09,1.60610345766083,0.34,0.156,0.000115460661523847,"6","ZNHIT3"
9.5947716337505e-09,0.987324047354099,0.486,0.268,0.000118840841455634,"6","NDUFS7"
1.08977953658631e-08,0.679378102613263,0.451,0.233,0.00013498009340158,"6","LMAN2"
1.11110048953304e-08,0.59891082614643,0.431,0.202,0.000137620906633563,"6","CEBPD"
1.27954922338622e-08,1.06214241993311,0.312,0.135,0.000158484966808617,"6","IKZF1"
1.29821171849245e-08,1.47295050023946,0.257,0.102,0.000160796503452475,"6","ERICH1"
1.48470160110044e-08,0.991921277521135,0.285,0.119,0.000183895140312301,"6","PRDX3"
1.54250733690689e-08,0.916673346598764,0.417,0.209,0.000191054958749287,"6","NDUFS6"
1.54594451597277e-08,1.06270267777139,0.34,0.157,0.000191480687748388,"6","ERP44"
1.60249813261268e-08,1.25100849883827,0.257,0.104,0.000198485418705407,"6","CD4"
1.75456407253113e-08,0.598677001990183,0.486,0.259,0.000217320306023705,"6","ARHGDIA"
1.88858535204536e-08,0.852871483418412,0.625,0.398,0.000233920181704339,"6","ATP5G3"
2.00955744017632e-08,0.858838466202377,0.444,0.235,0.000248903784540239,"6","WDR1"
2.17053471371139e-08,0.513797321753846,0.91,0.728,0.000268842429640293,"6","ATP5E"
2.47697931570446e-08,1.02082564822005,0.319,0.144,0.000306798658043154,"6","ZFAND6"
2.5546916224724e-08,0.777657872543729,0.375,0.181,0.000316424104359431,"6","CMTM7"
2.56274306054893e-08,1.10939929083085,0.34,0.162,0.000317421355479591,"6","LRPAP1"
2.65256043032235e-08,0.992686497680989,0.368,0.177,0.000328546134899726,"6","YWHAH"
2.71582785058084e-08,0.833852145251926,0.479,0.261,0.000336382437572942,"6","CLTA"
2.8245215792003e-08,0.854291235978511,0.389,0.195,0.000349845242799749,"6","NDUFA12"
2.95574790683123e-08,0.759608967321731,0.431,0.218,0.000366098935740116,"6","SAMHD1"
2.96565711389325e-08,1.05580692210121,0.354,0.171,0.000367326290126818,"6","PPCS"
3.19863661272249e-08,1.11393505261153,0.285,0.122,0.000396183130851807,"6","TMC6"
3.37060125782467e-08,0.802131174997876,0.486,0.274,0.000417482671794163,"6","TBCB"
3.37736209761301e-08,1.78594636242611,0.278,0.119,0.000418320069410347,"6","NDUFB6"
3.7091520870623e-08,1.12543069144936,0.271,0.114,0.000459415577503536,"6","RP11-347P5.1"
3.83591228931215e-08,0.387638750089905,0.861,0.666,0.000475116096154203,"6","CD48"
4.33427466428804e-08,1.07331642195253,0.292,0.127,0.000536843259918717,"6","RHEB"
4.33937957641328e-08,0.54943665445009,0.451,0.235,0.000537475554334549,"6","NDUFA2"
4.47441091029213e-08,1.65707737763806,0.25,0.102,0.000554200535348783,"6","ERCC1"
4.53689178353427e-08,1.07154057849728,0.417,0.216,0.000561939416308555,"6","ICAM2"
4.86703484253791e-08,1.0649398246242,0.403,0.205,0.000602830935596746,"6","C1orf43"
4.93847902580168e-08,1.11547721741994,0.285,0.124,0.000611680012135796,"6","PLSCR1"
5.03515763550232e-08,1.24370292758186,0.403,0.203,0.000623654624733317,"6","RNF213"
5.03881199722587e-08,1.03384016164902,0.333,0.156,0.000624107253976396,"6","POLR2F"
5.17759618938347e-08,0.79925348372796,0.479,0.263,0.000641297064017037,"6","MRPL23"
5.85427737533092e-08,1.07740917658642,0.312,0.145,0.000725110795708487,"6","TXN2"
7.0133649908408e-08,1.76962526401932,0.285,0.125,0.000868675387765541,"6","PRKCB"
7.86176324297792e-08,1.65656605562637,0.271,0.118,0.000973757995275245,"6","CYTH4"
8.1873888360579e-08,1.60138104741842,0.257,0.109,0.00101408998123413,"6","STX7"
8.26888466721829e-08,0.749985093944202,0.576,0.376,0.00102418405488166,"6","PTGES3"
8.27786659834078e-08,0.527749410620933,0.868,0.682,0.00102529655687049,"6","CHCHD2"
8.5242911556381e-08,0.609803626503419,0.319,0.145,0.00105581870253733,"6","CORO1B"
8.6526129984269e-08,0.603108113866415,0.958,0.917,0.00107171264598516,"6","MT-CO2"
8.97123540034027e-08,0.815823987389692,0.479,0.265,0.00111117721668615,"6","PPP4C"
9.21145886751586e-08,1.14220429938348,0.25,0.103,0.00114093129533051,"6","RPN1"
9.26267216583006e-08,1.14779850447781,0.264,0.112,0.00114727457445971,"6","AOAH"
9.26774586737016e-08,1.25681842737212,0.326,0.155,0.00114790300313247,"6","LSMD1"
1.03440829632778e-07,0.323303358175706,1,0.993,0.00128121811583158,"6","EIF1"
1.08026956624341e-07,0.903926355730915,0.472,0.272,0.00133802188474908,"6","ARF5"
1.16740732265127e-07,0.923934695924699,0.306,0.142,0.00144595070983586,"6","POLR2E"
1.2949471880453e-07,0.611973824603641,0.569,0.339,0.00160392158711291,"6","ATP6V1F"
1.49306953319626e-07,1.03463515289612,0.326,0.156,0.00184931592381689,"6","SYTL1"
1.61013546691687e-07,0.941798539669439,0.34,0.165,0.00199431378932324,"6","PSMD9"
1.62194644781872e-07,1.2335283785037,0.25,0.107,0.00200894287026827,"6","RAB4A"
1.67505628766845e-07,0.633723362717252,0.639,0.409,0.00207472471790614,"6","C11orf31"
1.68135893640625e-07,0.703065187547916,0.535,0.313,0.00208253117863279,"6","WDR83OS"
1.69183857766337e-07,1.186820393307,0.417,0.227,0.00209551126229384,"6","TCF25"
1.69450937502416e-07,0.960019838222704,0.444,0.252,0.00209881931190492,"6","ATP5EP2"
1.74941339639994e-07,0.694159634326023,0.479,0.264,0.00216682343278097,"6","SELK"
1.78766652188679e-07,1.06941638583289,0.285,0.128,0.00221420375400898,"6","CHCHD5"
1.84659275758015e-07,1.48304797786301,0.264,0.115,0.00228718978953877,"6","GLUD1"
1.86262871427574e-07,1.29096324429179,0.479,0.282,0.00230705192550193,"6","PRDX1"
2.22361876266899e-07,0.935635215458253,0.306,0.142,0.00275417419944181,"6","NDUFA7.1"
2.25088688187464e-07,0.858240656124255,0.569,0.354,0.00278794849188993,"6","LCP1"
2.32980088515174e-07,1.0410673295227,0.306,0.144,0.00288569137634894,"6","CDK2AP2"
2.40008127378218e-07,0.810622635891515,0.319,0.152,0.00297274066570661,"6","PSMC4"
2.6672592603734e-07,0.751587165594563,0.451,0.249,0.00330366731989849,"6","ZNHIT1"
2.76330324200169e-07,0.744076318426805,0.389,0.204,0.00342262739554329,"6","PCMT1"
2.81614620794077e-07,0.846083630479961,0.306,0.142,0.00348807869315544,"6","OTUB1"
3.11419102860845e-07,0.681824039973745,0.389,0.205,0.00385723700803443,"6","RER1"
3.25026634273427e-07,1.45397252805062,0.326,0.164,0.00402577989211067,"6","ADAR"
3.35463648511204e-07,1.16042976335431,0.25,0.108,0.00415505275045978,"6","UBE2E3"
3.51660096105046e-07,0.987974093004472,0.278,0.126,0.0043556619503571,"6","SQRDL"
3.58815738297012e-07,0.676936305064113,0.486,0.282,0.0044442917345468,"6","RAB7A"
3.77310248314868e-07,0.685632798269609,0.59,0.381,0.00467336473562796,"6","ICAM3"
4.01852173159746e-07,0.521523908729684,0.458,0.253,0.00497734101675662,"6","PSMB6"
4.08745864376581e-07,0.739642488202281,0.625,0.412,0.00506272627616833,"6","BST2"
4.13769014255873e-07,0.972373705888127,0.306,0.145,0.00512494301057324,"6","CAPZA1"
4.14943852312613e-07,0.721361703381035,0.569,0.366,0.00513949455474402,"6","COX7A2"
4.28676834569562e-07,0.312878477737196,0.979,0.939,0.00530959127297859,"6","PFDN5"
4.35729003555695e-07,1.01995890440252,0.257,0.113,0.00539693943804084,"6","HTATIP2"
4.58823551227564e-07,0.759333407194661,0.458,0.26,0.00568298850550461,"6","UQCRFS1"
4.63892292091706e-07,0.733113268670599,0.41,0.217,0.00574576992984788,"6","ANAPC11"
4.6484603600534e-07,1.25109609682493,0.292,0.137,0.00575758300196214,"6","COMT"
5.05759842191449e-07,0.978919313187053,0.292,0.136,0.00626434140538329,"6","LAP3"
5.05881366646582e-07,0.846796248445,0.424,0.237,0.00626584660728456,"6","CHMP2A"
5.91595930689082e-07,0.631301670478324,0.528,0.313,0.00732750719751497,"6","UQCR10"
6.20544670345392e-07,1.07740917658642,0.306,0.151,0.00768606628689803,"6","FIBP"
6.57801084875728e-07,0.971757389022554,0.319,0.158,0.00814752423727076,"6","PRKAR1A"
6.5928366447761e-07,0.570067572987734,0.632,0.439,0.00816588746821967,"6","COX6A1"
6.76212065124674e-07,0.699783276295669,0.507,0.305,0.00837556263863421,"6","SEPT9"
6.79466616207475e-07,0.698897553332687,0.486,0.29,0.00841587350834579,"6","ARPC4"
6.97309161169201e-07,1.10404430308988,0.264,0.12,0.00863687127024172,"6","PABPC4"
7.10124980445907e-07,0.997974709092012,0.326,0.164,0.00879560800780301,"6","MIEN1"
7.27090709936853e-07,0.814374770752623,0.292,0.139,0.00900574553327786,"6","LYPLA1"
8.00156024998122e-07,1.04313927450167,0.306,0.151,0.00991073252562674,"6","CHMP3"
8.36730711749827e-07,0.975204316259518,0.361,0.193,0.0103637465957334,"6","MKRN1"
8.94318749003121e-07,0.599476057696508,0.701,0.485,0.0110770320251527,"6","SLC25A3"
9.89356041556133e-07,1.05187408447928,0.271,0.126,0.0122541639307143,"6","PSENEN"
1.08115900082358e-06,0.851696396958357,0.375,0.201,0.0133912353842008,"6","MRPL54"
1.09640075616568e-06,1.16811609076259,0.361,0.191,0.0135800197658681,"6","RBCK1"
1.20015164097689e-06,0.921191594564702,0.299,0.145,0.0148650782251398,"6","NDUFS3"
1.23939615838334e-06,0.876787377921188,0.375,0.2,0.015351160817736,"6","SSNA1"
1.25964673342038e-06,1.03927404769965,0.271,0.128,0.0156019844401448,"6","PSMC2"
1.26657389586658e-06,1.02981971806816,0.264,0.122,0.0156877842742035,"6","TUBB4B"
1.31957121611488e-06,0.948741512621941,0.368,0.202,0.0163442090827988,"6","C19orf70"
1.49190547255807e-06,0.82205655647557,0.333,0.169,0.0184787411831043,"6","CLTB"
1.53946495236521e-06,0.819097180995026,0.319,0.161,0.0190678128999954,"6","TWF2"
1.55150445969694e-06,0.431891579161399,0.951,0.854,0.0192169342378063,"6","UBC"
1.55204492200496e-06,0.938755636800386,0.34,0.179,0.0192236284039535,"6","DSTN"
1.56414155836085e-06,0.642780948949692,0.41,0.227,0.0193734573418575,"6","RNF7"
1.57833973584175e-06,0.765948080750123,0.458,0.272,0.019549315968136,"6","GNAS"
1.70054356819815e-06,1.01742707175818,0.285,0.142,0.0210629326357023,"6","ARL4A"
1.73783054124749e-06,0.869813757178049,0.257,0.117,0.0215247690838914,"6","PMAIP1"
1.74553074063954e-06,0.929017336693746,0.285,0.139,0.0216201437535613,"6","WBP2"
1.80882510486419e-06,0.723145099579364,0.444,0.256,0.0224041077488478,"6","NDUFV2"
1.86970789946662e-06,0.816881626363197,0.361,0.191,0.0231582020427936,"6","MT-ND3"
1.87497448990122e-06,0.800568971227592,0.333,0.172,0.0232234340319165,"6","TMEM9B"
1.89207264368857e-06,0.88476409864402,0.347,0.181,0.0234352117647266,"6","SHFM1"
2.01275370004994e-06,1.03204387237749,0.431,0.255,0.0249299673288185,"6","RAB5C"
2.04583771580156e-06,0.959572686292558,0.299,0.148,0.0253397459479182,"6","NDUFA6"
2.12485590158962e-06,1.03010346180806,0.278,0.134,0.026318465197089,"6","UPP1"
2.14715268638123e-06,0.393552342640928,0.715,0.529,0.0265946331735179,"6","PSMA7"
2.19368506818269e-06,1.26288259912656,0.361,0.196,0.0271709832545109,"6","SNX17"
2.25107351998988e-06,1.14779850447781,0.25,0.116,0.0278817966185946,"6","NAPA"
2.44159791305992e-06,0.855016755249968,0.319,0.166,0.0302416317511601,"6","GRB2"
2.55398783669232e-06,0.745733105147492,0.368,0.199,0.0316336933452711,"6","C19orf10"
2.59683357825926e-06,0.7339040031606,0.396,0.227,0.0321643807003192,"6","RASGRP2"
2.64568423658555e-06,0.810305106443576,0.368,0.201,0.0327694449543486,"6","CHMP5"
2.88107959638856e-06,0.936267075773133,0.257,0.124,0.0356850518808687,"6","FAM32A"
3.19471331659361e-06,1.15057558914839,0.368,0.2,0.0395697191393284,"6","RALY"
3.29527901650922e-06,0.878337829484588,0.312,0.16,0.0408153258984832,"6","NUCB1"
3.3836987002529e-06,0.895802370096469,0.264,0.126,0.0419104921013324,"6","CCM2"
4.03812862721723e-06,0.442627554456616,0.826,0.69,0.0500162611767126,"6","ZFP36"
4.08756213079584e-06,0.998907202907699,0.25,0.117,0.0506285445520373,"6","MEA1"
4.11113313271937e-06,0.467904491602469,0.542,0.339,0.0509204949818621,"6","BIN2"
4.27977785266414e-06,0.786938513220652,0.326,0.171,0.053009328483098,"6","TMEM160"
4.36872921345521e-06,0.305759053219264,0.958,0.907,0.0541110800378562,"6","CD52"
4.5022166785605e-06,0.665462947058723,0.444,0.261,0.0557644557806503,"6","NDUFB7"
4.75713996404737e-06,0.936267075773133,0.278,0.138,0.0589219355946908,"6","PSMF1"
4.89435023761256e-06,0.886394569762249,0.431,0.257,0.0606214220430692,"6","PSMD4"
5.23710794380788e-06,0.849037902760547,0.278,0.137,0.0648668189920044,"6","VIMP"
5.68122658833072e-06,0.96339291629476,0.25,0.118,0.0703676725230643,"6","NDUFC1"
6.1175343342099e-06,0.955640213298756,0.278,0.139,0.0757717802635238,"6","FDX1"
6.3095950030707e-06,0.837582161913948,0.278,0.139,0.0781506437080337,"6","LIMS1"
6.37463521818357e-06,0.572299983554475,0.701,0.533,0.0789562318124216,"6","ENO1"
6.73513536325169e-06,0.624550211872606,0.528,0.335,0.0834213866092355,"6","CRIP1"
7.50266097259529e-06,0.907484175144104,0.326,0.176,0.0929279588065652,"6","EIF1B"
7.75182043040405e-06,0.733026230871358,0.333,0.177,0.0960140478509846,"6","TMEM147"
8.19390783085321e-06,0.920195226893658,0.257,0.124,0.101489742392948,"6","TCEB1"
8.60585747403093e-06,0.572723265209175,0.521,0.341,0.106592150673347,"6","ATP5F1"
9.56217922921105e-06,0.651144421884319,0.444,0.265,0.118437151933008,"6","ATP5I"
9.86295341680908e-06,0.832648942221514,0.319,0.17,0.122162541020597,"6","PPP1R7"
9.88746366101478e-06,0.809475971339783,0.306,0.162,0.122466124905329,"6","KDELR2"
9.90104377815577e-06,0.655270620932428,0.326,0.174,0.122634328236237,"6","MYADM"
1.01053014841e-05,0.942249593304781,0.264,0.131,0.125164264182062,"6","AKR1A1"
1.04580899251296e-05,1.34322066709078,0.257,0.127,0.129533901812656,"6","MPG"
1.04677557121965e-05,0.512888473479267,0.479,0.292,0.129653622251266,"6","RAP1A"
1.21547813082701e-05,0.863284371233569,0.278,0.146,0.150549121284234,"6","CCDC115"
1.23292395840925e-05,0.355287429659231,0.625,0.428,0.15270996148857,"6","PSMB8"
1.2441851169046e-05,0.563286916415709,0.257,0.128,0.154104768579803,"6","ELOF1"
1.25164164450828e-05,0.844748419796141,0.312,0.167,0.155028334088796,"6","MYH9"
1.31278379089631e-05,0.642342106348319,0.417,0.243,0.162601400340417,"6","AMICA1"
1.33393466847905e-05,0.855016755249969,0.264,0.13,0.165221148037815,"6","SDF2L1"
1.56486593009829e-05,1.00766810529586,0.299,0.163,0.193824294101974,"6","SNRPD3"
1.77053634756409e-05,0.903158249741314,0.25,0.123,0.219298632009288,"6","OS9"
1.85111010492858e-05,0.801467286973234,0.306,0.167,0.229278497596454,"6","DECR1"
1.89534796495897e-05,1.2349504535729,0.278,0.144,0.234757798939818,"6","APBB1IP"
1.90613709026129e-05,0.425007877678683,0.535,0.339,0.236094139999764,"6","SERPINB1"
1.92263627500252e-05,0.954026761081134,0.312,0.168,0.238137729021812,"6","GRK6"
2.13115587770835e-05,0.855016755249969,0.292,0.155,0.263964967012957,"6","RHOF"
2.17739744038073e-05,0.735852274950122,0.403,0.237,0.269692446965557,"6","CHMP1B"
2.24558422056415e-05,0.458499343941923,0.646,0.492,0.278138061559076,"6","NDUFA4"
2.33681385970387e-05,0.449545019579593,0.618,0.435,0.289437764662921,"6","CD44"
2.40148700844849e-05,0.755481081699054,0.292,0.153,0.29744818086643,"6","COMMD7"
2.4046210285147e-05,0.720639332486753,0.278,0.144,0.29783636059183,"6","PHPT1"
2.70317230175022e-05,0.785228425093106,0.319,0.176,0.334814921294782,"6","SDHD"
2.78807716458651e-05,0.786327048651813,0.333,0.188,0.345331237605685,"6","ETFB"
2.8601573901546e-05,0.765351325723115,0.292,0.154,0.354259094344548,"6","AIP"
2.86384666853752e-05,0.836099541907338,0.292,0.156,0.354716048365058,"6","DAP3"
3.06769266997228e-05,0.880003438721997,0.306,0.168,0.379964414102766,"6","PDCD5"
3.35429467452119e-05,0.867955810957467,0.278,0.146,0.415462938386194,"6","BLOC1S2"
3.36522267530112e-05,1.19325750527294,0.361,0.21,0.416816480562796,"6","DCTN3"
3.41714985708909e-05,0.574908836057233,0.285,0.151,0.423248181299055,"6","CWC15"
3.89320870051442e-05,0.716878242475307,0.361,0.212,0.482212829645715,"6","MYEOV2"
3.98320024296106e-05,0.650767493066789,0.472,0.304,0.493359182093157,"6","FIS1"
4.17053151592388e-05,0.794475213314918,0.285,0.153,0.516562033562332,"6","SUCLG1"
4.47452317993144e-05,1.20294005867028,0.285,0.155,0.554214441066309,"6","RAB2A"
5.13138295154278e-05,0.595257481449036,0.382,0.227,0.635573092378088,"6","BSG"
5.21104114811664e-05,0.596721997909068,0.312,0.176,0.645439556605727,"6","PFDN2"
5.60580445336949e-05,0.690828123356801,0.312,0.175,0.694334939594345,"6","COPZ1"
5.79398357541049e-05,0.626866649785389,0.417,0.265,0.717642805650343,"6","DYNLRB1"
5.84192747875124e-05,0.683690398631044,0.319,0.179,0.723581137518129,"6","STK17B"
5.90584414575971e-05,0.728116182527874,0.312,0.174,0.731497855893797,"6","USMG5"
6.39313928324581e-05,0.596555079205999,0.424,0.266,0.791854231622826,"6","TMBIM4.1"
6.4220498832025e-05,0.780792170228242,0.299,0.166,0.795435098533462,"6","PPP1R11"
6.49123101719796e-05,0.651144421884319,0.424,0.266,0.80400387379014,"6","UQCRQ"
6.8952030562321e-05,0.636836585200435,0.382,0.231,0.854039850544908,"6","BUD31"
6.89699228759162e-05,0.797859683969606,0.257,0.134,0.854261464741098,"6","FUNDC2"
6.91256959336114e-05,0.420893414840226,0.597,0.419,0.85619086983371,"6","ARF1"
7.23044027630604e-05,0.532339402988773,0.326,0.19,0.895562332623267,"6","SUMO3"
7.39247888500032e-05,1.44693201661289,0.278,0.15,0.91563243469614,"6","SMIM7"
7.71502475771213e-05,0.855548036802976,0.438,0.288,0.955582966490224,"6","OSTF1"
7.91870392783568e-05,0.673018921507081,0.312,0.179,0.980810668501727,"6","PSMD7"
8.47837970307157e-05,0.499433106181367,0.403,0.252,1,"6","EIF5"
9.31183092177719e-05,0.296095726270756,0.944,0.879,1,"6","ACTG1"
9.37417898874648e-05,0.742184259085596,0.326,0.192,1,"6","SNRPD1"
9.39422223795486e-05,0.713355606026377,0.34,0.201,1,"6","MGST3"
9.54009537396591e-05,0.620408384203881,0.333,0.193,1,"6","XAF1"
9.58810266813616e-05,1.1580276367947,0.347,0.204,1,"6","SIVA1"
0.000107785469645749,0.68676833161504,0.271,0.147,1,"6","SEC11C"
0.000113108767424982,0.600202856221143,0.361,0.214,1,"6","CAPG"
0.000114611535486766,0.875062697451727,0.271,0.149,1,"6","TAF9"
0.000122164697887229,0.443664302778981,0.611,0.45,1,"6","SAP18"
0.000122296740559823,0.65439495658474,0.375,0.231,1,"6","MAP1LC3B"
0.000128076063916398,0.627489867404819,0.458,0.305,1,"6","NDUFA1"
0.000133445314272197,0.626947711453672,0.285,0.157,1,"6","C14orf2"
0.00014044761481001,0.61797755794912,0.271,0.149,1,"6","DRAM2"
0.000155288114025315,0.758106551105877,0.319,0.192,1,"6","PSMB2"
0.000162096719163254,0.578955669119935,0.389,0.238,1,"6","NDUFB4"
0.000170206520015203,0.309704984235355,0.972,0.906,1,"6","DUSP1"
0.000186394982741472,0.812326942103764,0.264,0.148,1,"6","ITGB1BP1"
0.000193951981109914,0.558997868773866,0.375,0.235,1,"6","NDUFC2"
0.000196547118406353,0.715352968993744,0.25,0.136,1,"6","PSMA3"
0.000197831073419399,0.708175366920697,0.312,0.182,1,"6","SRRM2"
0.000204479721062157,0.476087987265593,0.507,0.351,1,"6","SYF2"
0.000209777340321603,0.889055338269628,0.472,0.332,1,"6","CALM3"
0.000215796156862384,0.660702856946954,0.431,0.288,1,"6","FKBP8"
0.000220251572542925,0.48445388511173,0.431,0.28,1,"6","SRSF9"
0.000226777434211182,0.726469995039986,0.361,0.227,1,"6","ATP6AP2"
0.000230276244523549,0.393302029567285,0.278,0.149,1,"6","BLVRB"
0.000237122241962015,0.509724667297096,0.312,0.183,1,"6","MRPL51"
0.000240527365983207,0.68955968875335,0.431,0.277,1,"6","SELT"
0.000240858630749367,0.65594540814814,0.264,0.148,1,"6","NDUFS2"
0.000250558278677805,0.281812225404984,0.285,0.161,1,"6","FERMT3"
0.000250619580181461,0.63417478547692,0.354,0.218,1,"6","UBE2L3"
0.000269114060051114,0.899779510419069,0.389,0.254,1,"6","ATRAID"
0.000275767088145338,0.642587025293121,0.285,0.163,1,"6","MAGOH"
0.00027659852279469,0.403483611663947,0.806,0.668,1,"6","ATP5L"
0.000277708239140942,0.602324293637634,0.319,0.19,1,"6","HADHA"
0.000279698633072428,0.856137295143883,0.264,0.153,1,"6","TEX264"
0.000284311199855448,0.72408588542352,0.299,0.176,1,"6","CYC1"
0.000286442923555306,0.433552986811692,0.646,0.516,1,"6","GPX4"
0.00028697817023718,0.60315014027148,0.292,0.168,1,"6","ZNF207"
0.00029413211235729,0.396571594798721,0.368,0.225,1,"6","POLR2G"
0.000298324222816257,0.636836585200435,0.34,0.209,1,"6","SHISA5"
0.000306557470003209,0.408724849967757,0.312,0.178,1,"6","LY86"
0.000343072315431087,0.627910093160379,0.34,0.209,1,"6","EIF4H"
0.000348036836008459,0.589895015981079,0.25,0.138,1,"6","MRPL41"
0.000350635091588362,0.46156111147261,0.688,0.526,1,"6","ATP6V0E1"
0.000350867843592287,0.864415453252218,0.257,0.147,1,"6","TMEM256"
0.000360826074021717,0.580983350466918,0.319,0.191,1,"6","SNRPC"
0.000363857356209796,0.564148141219449,0.354,0.218,1,"6","DGUOK"
0.000445578577041627,0.37128954937297,0.264,0.15,1,"6","TRAPPC3"
0.000456139344127815,0.533088660362606,0.472,0.322,1,"6","NDUFB2"
0.000461788522517769,0.758920165665825,0.257,0.148,1,"6","PPM1G"
0.000475373572086701,0.587694991013077,0.368,0.235,1,"6","POLR2J"
0.000482345674359285,0.862396285615566,0.347,0.22,1,"6","NCL"
0.000525211208540492,0.691649469829819,0.271,0.158,1,"6","PPP2R1A"
0.000535060304726233,0.51393609883948,0.382,0.246,1,"6","PSMA5"
0.000541002998353019,0.652742976109796,0.264,0.153,1,"6","RNF166"
0.000559607723677101,0.582353648218398,0.25,0.143,1,"6","DNAJC7"
0.000588558800904088,0.716118649428281,0.285,0.171,1,"6","NUTF2"
0.00061376231598102,0.79263408011652,0.299,0.18,1,"6","GIMAP2"
0.000662223499145346,0.455555298413315,0.451,0.305,1,"6","TMEM258"
0.000704877789859152,0.425332480006724,0.306,0.187,1,"6","KARS"
0.000706882291134269,0.710292307932799,0.271,0.161,1,"6","ADRM1"
0.000732292246095546,0.518918887226451,0.347,0.22,1,"6","TUFM"
0.000836860362996343,0.37567961031212,0.493,0.341,1,"6","CDC42"
0.000855923717041516,0.80084161509893,0.257,0.153,1,"6","PUF60"
0.000869442705716109,0.637232115029064,0.306,0.186,1,"6","PHB2"
0.000923160169518593,0.569925428542977,0.306,0.191,1,"6","RTFDC1"
0.000945288130917684,0.5005929145669,0.431,0.293,1,"6","PSMB7"
0.000965846861163745,0.375314042267263,0.403,0.269,1,"6","DNAJA1"
0.00104239230797798,0.724892761865631,0.264,0.158,1,"6","PET100"
0.00104519800406207,0.65594540814814,0.264,0.159,1,"6","SURF1"
0.00104608132683858,0.592542510572848,0.285,0.173,1,"6","SNF8"
0.00104619744158148,0.718328083281588,0.278,0.17,1,"6","RASSF5"
0.00108629350245566,0.491993069497465,0.819,0.666,1,"6","MYL12B"
0.00109456339699536,0.881011963782913,0.319,0.197,1,"6","MX1"
0.00110587818220693,0.612160231353805,0.292,0.179,1,"6","HSD17B10"
0.00113445425361618,0.441325681678641,0.403,0.267,1,"6","C9orf78"
0.00114987612987071,0.682107895368835,0.264,0.159,1,"6","ZMAT2"
0.00123724114544231,0.727527020128053,0.271,0.166,1,"6","NDUFB1"
0.00126982075787848,0.496990601010209,0.333,0.213,1,"6","PPP1CC"
0.00128372599661719,0.472950500239463,0.326,0.204,1,"6","NDUFAF3"
0.0012894689095277,0.602447859655515,0.278,0.169,1,"6","UBE2N"
0.00130106823772798,0.819317820425448,0.333,0.214,1,"6","SSB"
0.00132404026246033,0.397604304249323,0.41,0.271,1,"6","IGBP1"
0.00135078525178357,0.670089590468409,0.264,0.159,1,"6","ATP6V1E1"
0.00139958898516921,0.5794299774599,0.306,0.192,1,"6","EMC4"
0.00142139934583428,0.566447257309037,0.25,0.149,1,"6","TGOLN2"
0.00146715162485891,0.482783578514541,0.389,0.259,1,"6","BCAP31"
0.00160422504328541,0.488862338516222,0.389,0.264,1,"6","VDAC2"
0.00163686414875323,0.597174652193504,0.59,0.48,1,"6","SOD1"
0.00164153692204539,0.259359653732576,0.521,0.377,1,"6","NDUFA11"
0.00164623061782015,0.281549893366642,0.681,0.52,1,"6","GSTK1"
0.00164729290958875,0.423184013428147,0.368,0.244,1,"6","EIF2S2"
0.00187369237679386,0.517981767972398,0.257,0.153,1,"6","TRAPPC2L"
0.00189761243698167,1.32847094075413,0.271,0.167,1,"6","C1orf63"
0.00191343335700861,0.588024335847491,0.306,0.195,1,"6","BAZ1A"
0.00192476857234001,0.683494968873327,0.264,0.162,1,"6","BAG1"
0.00196398757073632,0.590338876626839,0.285,0.177,1,"6","EZR"
0.0020193196097396,0.53878539053213,0.347,0.232,1,"6","LSM4"
0.00205873894222702,0.522138360802065,0.285,0.178,1,"6","CBX3"
0.00212442488756578,1.07233818703899,0.278,0.176,1,"6","CCT7"
0.00215235863883597,0.523473571485885,0.299,0.189,1,"6","SPAG7"
0.00215935180465138,0.450483382761569,0.319,0.203,1,"6","PAPOLA"
0.00218954443443306,0.836401077082622,0.368,0.249,1,"6","LSM7"
0.00227030395146175,0.610532745787954,0.542,0.405,1,"6","COPE"
0.00229539615739294,0.530800483767336,0.326,0.216,1,"6","PDIA6"
0.00243877249870847,0.287459126488489,0.632,0.488,1,"6","MT-ND5"
0.00249398483112029,0.477496334399289,0.257,0.158,1,"6","TMCO1"
0.00254337580570785,0.53898926180229,0.257,0.16,1,"6","MED28"
0.00258691796794143,0.476849820814242,0.403,0.274,1,"6","POLR1D"
0.00264554978484629,0.325865117497318,0.514,0.379,1,"6","ACTR3"
0.00271574069008543,0.655050990859176,0.257,0.16,1,"6","RNASEH2C"
0.0027681802157209,0.80496926451817,0.368,0.253,1,"6","AHNAK"
0.00299275421985454,0.287494702471251,0.556,0.418,1,"6","TRAPPC1"
0.00299739269112184,0.676871247002687,0.292,0.187,1,"6","ILF2"
0.00312522800155722,0.442693640668161,0.25,0.154,1,"6","TCP1"
0.00312642552902617,0.603791651705808,0.292,0.188,1,"6","NDUFAB1"
0.00361962152824179,0.547107892100599,0.361,0.256,1,"6","UQCRC2"
0.00369116663642636,0.606617695784571,0.264,0.169,1,"6","C1orf86"
0.00391270612405515,0.487645689601439,0.41,0.293,1,"6","PAIP2"
0.00410211885300633,0.564797520089944,0.285,0.183,1,"6","OXA1L"
0.00415253697439916,0.37405197506303,0.431,0.307,1,"6","UBE2I"
0.00465664073908494,0.534772085338782,0.292,0.195,1,"6","HAX1"
0.00517604920341789,0.252748254658871,0.951,0.874,1,"6","PABPC1"
0.00528841897547246,0.426575004449119,0.382,0.272,1,"6","ATP5J"
0.00535861230602507,0.463254963150477,0.326,0.217,1,"6","CELF2"
0.00563970196684059,0.474816781843469,0.347,0.242,1,"6","MINOS1"
0.00567207647057015,0.675310733015071,0.25,0.161,1,"6","TXNDC12"
0.0060287043102215,0.464018267538743,0.375,0.265,1,"6","PRDX6"
0.0062759852800453,0.555982332715596,0.576,0.456,1,"6","LDHA"
0.00632366721908615,0.41557791248099,0.389,0.277,1,"6","MDH2"
0.00651967256445568,1.11754856743963,0.326,0.23,1,"6","TOMM22"
0.00672097500566574,0.482665655072675,0.486,0.362,1,"6","ID2"
0.00681143052988733,0.584734265913306,0.25,0.161,1,"6","PSMD13"
0.0068568433954704,0.28433848053506,0.479,0.355,1,"6","NHP2L1"
0.00697045868848798,0.415056643194303,0.382,0.272,1,"6","PSMD8"
0.00817638147682567,0.414444163863987,0.285,0.188,1,"6","APH1A"
0.0082491978712346,0.496330110352488,0.597,0.473,1,"6","UBXN1"
0.00849344076594809,0.300629068574106,0.542,0.425,1,"6","PTPRC"
0.00872241415311714,0.455706129050242,0.278,0.183,1,"6","TRIM22"
0.00874605220517213,0.343069051827034,0.326,0.229,1,"6","CD47"
0.00880026196003296,0.429874204433593,0.292,0.197,1,"6","IL10RA"
0.00896228742969848,0.505293555420864,0.292,0.198,1,"6","SDHC"
0.00913299788752014,0.546894459887637,0.271,0.183,1,"6","CFLAR"
3.49828827399467e-223,5.04789947940096,0.868,0.056,4.33297985616979e-219,"7","GZMH"
1.92661875584292e-129,3.03256112607844,0.941,0.148,2.38630999098704e-125,"7","CST7"
2.35542860795617e-110,3.1042535904581,1,0.243,2.91743387381451e-106,"7","NKG7"
8.62251089291114e-108,3.18599637339126,1,0.262,1.06798419919597e-103,"7","CCL5"
1.35715511441578e-97,2.5881745722283,0.875,0.157,1.68097232471538e-93,"7","GZMA"
1.94700617485245e-81,2.45427376048458,0.603,0.079,2.41156184817224e-77,"7","FGFBP2"
6.30836706971144e-78,3.34076815669967,0.603,0.089,7.81354345254459e-74,"7","CD8A"
4.80474975717287e-66,1.48180137742654,0.596,0.091,5.95116304923432e-62,"7","GZMB"
4.05214637704627e-61,4.13994914731158,0.287,0.021,5.01898850260951e-57,"7","FCRL6"
5.88135611002516e-59,2.17865897603148,0.846,0.253,7.28464767787716e-55,"7","CTSW"
6.68563904009251e-58,2.16087848266951,0.537,0.091,8.28083251505859e-54,"7","CCL4"
9.89524999215188e-55,2.49001148834001,0.522,0.09,1.22562566402793e-50,"7","KLRG1"
1.69661705867943e-53,1.66678129255066,0.625,0.125,2.10142988888034e-49,"7","PRF1"
1.74139899659314e-51,0.810680208758328,1,1,2.15689679718026e-47,"7","B2M"
2.24637866449751e-48,1.06717039732108,1,0.993,2.78236461384662e-44,"7","HLA-C"
5.65991794194294e-47,2.64614411261159,0.368,0.051,7.01037436289052e-43,"7","TIGIT"
3.24466568657115e-44,2.53632126916059,0.507,0.103,4.01884291938703e-40,"7","CD8B"
2.88480066840565e-40,1.53927126112333,0.956,0.48,3.57311410788724e-36,"7","CD3D"
5.31306012966476e-40,0.937613440140734,1,0.98,6.58075627660277e-36,"7","HLA-A"
1.04635364055883e-38,1.81546163792346,0.684,0.216,1.29601361919617e-34,"7","GZMM"
4.45858086535121e-32,1.35469034721399,0.963,0.512,5.52239825982401e-28,"7","IL32"
2.39502527611262e-30,1.58996107526083,0.537,0.156,2.96647830699309e-26,"7","LYAR"
2.01158990338692e-27,1.14966086007987,0.941,0.608,2.49155525433504e-23,"7","PTPRCAP"
7.05809307237213e-27,0.763923706782206,0.993,0.968,8.74215407944012e-23,"7","HLA-B"
1.07165006428563e-26,2.424425304612,0.551,0.189,1.32734576962418e-22,"7","APOBEC3G"
3.27274858319298e-24,2.07714836029551,0.412,0.116,4.05362639514282e-20,"7","C12orf75"
6.4334303152472e-24,1.23650412002763,0.824,0.463,7.96844678846518e-20,"7","CD99"
2.74772066938023e-21,1.88943136584996,0.36,0.1,3.40332682109435e-17,"7","SAMD3"
3.73678923904152e-20,1.8733799038814,0.36,0.105,4.62838715147682e-16,"7","APMAP"
1.7259560440374e-18,2.12230039668788,0.25,0.057,2.13776915614472e-14,"7","MATK"
8.466666199862e-18,0.494617137281265,1,1,1.04868127551491e-13,"7","MALAT1"
1.64491795268826e-17,1.13499589448931,0.757,0.433,2.03739537619968e-13,"7","RARRES3"
3.15848888679702e-17,1.78214156472343,0.331,0.099,3.91210433518679e-13,"7","CHST12"
5.48625091414567e-17,1.14819523840441,0.765,0.496,6.79527038226083e-13,"7","HCST"
7.78179178673686e-17,1.67791271713955,0.412,0.147,9.63852730705227e-13,"7","PLEK"
7.93035692723747e-17,1.31590517969479,0.544,0.237,9.82254009007634e-13,"7","CTSC"
1.24874135401089e-15,0.65065167642555,0.985,0.956,1.54669104107789e-11,"7","PFN1"
4.49643630424635e-15,1.60187864820815,0.463,0.2,5.56928600643952e-11,"7","CD3G"
2.05570265505375e-14,1.07775036115585,0.632,0.33,2.54619330854957e-10,"7","LCK"
2.62843098262969e-14,0.525278358228074,0.449,0.166,3.25557461508513e-10,"7","FCGR3A"
2.62912949913574e-13,1.63354170881989,0.265,0.082,3.25643979762953e-09,"7","SH2D1A"
5.01520513799162e-13,1.97949979628886,0.346,0.128,6.21183308391642e-09,"7","TPST2"
5.06707623612669e-12,0.458727344714625,0.956,0.873,6.27608062606652e-08,"7","MYL12A"
6.09891131411702e-12,0.527221285229664,0.956,0.866,7.55411155366534e-08,"7","SH3BGRL3"
2.0293013368173e-11,1.81952007403916,0.522,0.282,2.51349263578191e-07,"7","LITAF"
3.85910805881636e-11,0.707033232194634,0.846,0.571,4.77989124164994e-07,"7","SRGN"
6.38308079325882e-11,0.800268406344129,0.846,0.665,7.90608387053037e-07,"7","MYL12B"
7.04964951357432e-11,1.78386687982088,0.279,0.102,8.73169588751315e-07,"7","GZMK"
2.96822496418549e-10,1.1827585482561,0.316,0.125,3.67644344064014e-06,"7","ZAP70"
3.04588623806267e-10,1.03165979574262,0.5,0.267,3.77263469446442e-06,"7","ANXA6"
7.45433071360418e-10,1.1179179660978,0.324,0.13,9.23293402187014e-06,"7","HOPX"
8.24690076980089e-10,0.823731175129658,0.574,0.337,1.02146112934754e-05,"7","BIN2"
2.42610538166937e-09,1.12390886460268,0.426,0.216,3.00497412573568e-05,"7","MYO1F"
3.26642943503098e-09,1.23172539740438,0.353,0.162,4.04579949822937e-05,"7","ARPC5L"
3.98883340441792e-09,1.43487717661071,0.529,0.306,4.94056905471204e-05,"7","PDIA3"
5.76700921828143e-09,0.558745770094287,0.956,0.889,7.14301761776338e-05,"7","HLA-E"
8.47778818129911e-09,1.27298736259064,0.331,0.149,0.000105005884413571,"7","FYN"
1.36228333182224e-08,0.330115069719101,1,0.998,0.000168732413479503,"7","ACTB"
1.48237704726599e-08,0.969215512587414,0.5,0.293,0.000183607221074365,"7","CD2"
1.95873412068183e-08,0.756450709014403,0.64,0.419,0.000242608808187652,"7","PTPRC"
2.35218144371321e-08,0.769854733315667,0.676,0.503,0.000291341193618318,"7","CD53"
2.96801083405878e-08,1.1019259333299,0.397,0.199,0.000367617821906521,"7","LAT"
3.34087695019915e-08,0.697005651462847,0.684,0.442,0.000413801019051667,"7","IFITM1"
4.08111144082611e-08,0.755679064916188,0.544,0.332,0.000505486463060722,"7","RAP1B"
5.14576543348327e-08,1.23214435923131,0.272,0.113,0.000637354506591238,"7","PRKCH"
6.71072444519964e-08,0.518675246592156,0.331,0.159,0.000831190329782427,"7","GNLY"
1.07701805059072e-07,0.814424846616969,0.662,0.441,0.00133399455746166,"7","ITGB2"
1.14250655656898e-07,0.880434409616093,0.618,0.405,0.00141510862096634,"7","IL2RG"
1.325358139614e-07,1.26958076114739,0.309,0.146,0.0016415885917259,"7","SLC9A3R1"
1.51984733288196e-07,0.494187418766914,0.89,0.795,0.00188248290650759,"7","DDX5"
2.12145749796549e-07,0.430241019879407,0.949,0.855,0.00262763725698005,"7","UBC"
2.44808221483776e-07,0.632949252054042,0.779,0.615,0.00303219463129805,"7","CLIC1"
3.02406623340246e-07,0.618220821206737,0.699,0.449,0.00374560843669229,"7","CD3E"
3.52316704662467e-07,0.609301974839064,0.699,0.498,0.00436379470394931,"7","GIMAP7"
5.71357193324321e-07,0.710654712974698,0.515,0.31,0.00707683019651504,"7","SEPT7"
6.34757605563507e-07,0.574430991553669,0.596,0.424,0.0078621077025096,"7","ARL6IP5"
1.43717408226459e-06,0.859961098090318,0.434,0.258,0.0178008381829292,"7","PPP1R18"
1.468048929411e-06,0.91519560644285,0.485,0.306,0.0181832540396846,"7","HLA-F"
2.30863992844506e-06,1.01718083789062,0.397,0.231,0.0285948141537205,"7","SUN2"
2.31913910887621e-06,0.352524116331067,0.956,0.936,0.0287248570025408,"7","CFL1"
2.33778490836515e-06,0.516083572047222,0.743,0.549,0.0289558038750108,"7","PSMB9"
2.68850764191897e-06,0.748165507874192,0.426,0.244,0.0332998556528083,"7","CD247"
7.08449537967585e-06,0.83524012347292,0.346,0.19,0.0877485597726651,"7","BUB3"
1.18130000568551e-05,0.571655910071158,0.743,0.653,0.146315818704208,"7","CALM1"
2.73576128719068e-05,0.764885829032815,0.382,0.231,0.338851393031437,"7","TUBA4A"
2.93342272448542e-05,0.453829539183293,0.632,0.484,0.363333738654765,"7","TMBIM6"
2.94302129155039e-05,1.06839588628654,0.301,0.172,0.364522617171431,"7","ARL6IP1"
3.78933477185667e-05,0.442100928733543,0.926,0.863,0.469347004842167,"7","MYL6"
5.23593565608396e-05,0.804814921068039,0.449,0.292,0.648522990362559,"7","DHRS7"
6.3891424936165e-05,0.293863310992799,0.934,0.86,0.79135918925934,"7","GAPDH"
8.78504360390942e-05,0.620290685322034,0.449,0.293,1,"7","MT2A"
9.7295152580214e-05,0.994686200103532,0.375,0.234,1,"7","TMED9"
0.000104464570591032,0.580507703553781,0.809,0.715,1,"7","PPIA"
0.000113144820944314,0.509851733869918,0.537,0.384,1,"7","CAP1"
0.000143364138883875,0.496786989076831,0.537,0.385,1,"7","CCND3"
0.000148038565361361,0.748980610772157,0.397,0.264,1,"7","YWHAQ"
0.000181517216082211,0.769871116500229,0.368,0.236,1,"7","DUSP2"
0.000241610086127217,0.386320690305805,0.669,0.521,1,"7","LSP1"
0.000288089202695255,1.86972792967271,0.338,0.227,1,"7","C9orf142"
0.000301832721455783,0.274921346690934,0.824,0.761,1,"7","UBB"
0.000309320162226588,0.465842666469286,0.919,0.881,1,"7","ACTG1"
0.000341027400500652,0.304703272726053,0.779,0.717,1,"7","PSME1"
0.000390731442935696,0.751672168150998,0.287,0.167,1,"7","MIEN1"
0.000402628916643876,0.936169735536591,0.287,0.17,1,"7","HMOX2"
0.000500955159456461,0.624317750158417,0.265,0.15,1,"7","ATP1B3"
0.000552879196634102,0.343824404682698,0.485,0.335,1,"7","C9orf16"
0.000611435819199284,0.601859979914847,0.353,0.227,1,"7","HSP90B1"
0.000930337535741846,0.791869317103845,0.301,0.19,1,"7","WIPF1"
0.0010172566997649,0.422844621115817,0.279,0.164,1,"7","ABI3"
0.00114115741048805,0.404941077246086,0.596,0.472,1,"7","YWHAB"
0.00137141259417316,0.432005146758382,0.353,0.223,1,"7","PPP2R5C"
0.00160768249539,0.628802185177552,0.426,0.296,1,"7","STK17A"
0.0017354954383535,0.688649477986061,0.375,0.255,1,"7","CALR"
0.00183918202269831,0.552167964402581,0.338,0.226,1,"7","DOK2"
0.00184372310428148,0.421769041042969,0.596,0.46,1,"7","AES"
0.00186193065020024,0.559749143386983,0.368,0.252,1,"7","MEAF6"
0.00229324031816821,0.660568696208256,0.324,0.215,1,"7","TAP1"
0.00240223065953122,0.639481950341871,0.39,0.288,1,"7","HNRNPA3"
0.00249304195099604,0.370017301624723,0.824,0.801,1,"7","ARPC2"
0.00253980386437399,0.628129502063099,0.324,0.217,1,"7","MYO1G"
0.00276998809282081,0.826004365511852,0.25,0.156,1,"7","RNF167"
0.00326272309644397,0.607332259510403,0.294,0.198,1,"7","FLNA"
0.0033673977588273,0.457054858742095,0.574,0.49,1,"7","PPP1CA"
0.00350370216433167,0.771203718238544,0.301,0.202,1,"7","BTN3A2"
0.004550557745589,0.653046778588424,0.257,0.166,1,"7","RPA2"
0.00460366922879123,0.275087737907414,0.713,0.617,1,"7","RAC2"
0.00561909929934073,0.549434087777681,0.338,0.242,1,"7","WDR1"
0.00721394012703972,0.434877176610714,0.353,0.252,1,"7","SCP2"
0.00770218171746997,0.424370475346777,0.529,0.445,1,"7","PPIB"
0.00784882237839283,0.522976251687798,0.324,0.224,1,"7","KMT2E"
0.00799416692833653,0.459456789532701,0.463,0.36,1,"7","LCP1"
0.00943686146401209,1.03807879561691,0.346,0.248,1,"7","TMEM50A"
0.00985006296908221,0.342447593974161,0.478,0.367,1,"7","SRSF2"
3.88278933215349e-226,8.32468737071246,0.788,0.01,4.80922286680532e-222,"8","FCER1A"
8.54483019335748e-173,7.19335361420273,0.485,0.004,1.05836266774926e-168,"8","ENHO"
8.14362322645697e-141,6.44792644128833,0.667,0.014,1.00866917282896e-136,"8","CLEC10A"
2.44856562649048e-121,6.4599992735889,0.364,0.003,3.03279338497111e-117,"8","SERPINF1"
3.48209255620199e-83,5.38101097744207,0.545,0.018,4.31291984011179e-79,"8","CD1C"
7.08736331497787e-53,4.4599992735889,0.455,0.021,8.77840820193159e-49,"8","HLA-DQB2"
3.0292436903443e-46,4.64286333073871,0.333,0.013,3.75202123486045e-42,"8","CACNA2D3"
8.25289038185351e-42,3.6530477333432,0.848,0.112,1.02220300269638e-37,"8","HLA-DQA2"
8.64012889398712e-39,4.61024190916951,0.333,0.016,1.07016636480924e-34,"8","NDRG2"
1.70969672424966e-35,3.80580873774329,0.97,0.2,2.11763036265563e-31,"8","HLA-DQA1"
2.96887135758278e-32,3.11576101697645,0.758,0.105,3.67724406350204e-28,"8","CPVL"
1.54999027255806e-28,3.71481317261773,0.394,0.031,1.91981795159041e-24,"8","SULF2"
2.97862270375028e-28,3.27671225034474,0.939,0.222,3.6893220808651e-24,"8","HLA-DQB1"
7.97454776493004e-26,2.92496199819943,0.545,0.065,9.87727486164235e-22,"8","CD33"
1.90059692802011e-25,3.57929820196125,0.424,0.042,2.35407935504571e-21,"8","GSN"
2.24906359245605e-25,3.89389580011906,0.303,0.021,2.78569016561606e-21,"8","LMO2"
3.93912573756453e-25,3.02445291550964,0.97,0.333,4.87900113854742e-21,"8","HLA-DRB5"
3.40001842530275e-24,4.00431978981271,0.273,0.018,4.21126282157999e-20,"8","BASP1"
3.67302497364621e-24,2.85243487740733,1,0.388,4.5494087323582e-20,"8","CST3"
3.74941691688479e-24,3.57547649100884,0.364,0.032,4.6440277932535e-20,"8","SEMA4A"
1.18802457698991e-23,3.24948376559044,1,0.502,1.4714872410597e-19,"8","HLA-DPB1"
1.19325019715382e-23,3.86136183597067,0.273,0.018,1.47795969419472e-19,"8","C10orf11"
2.47466260681539e-23,3.16932211268598,0.394,0.039,3.06511710480154e-19,"8","PHACTR1"
3.39125414221794e-23,3.0280540212823,1,0.445,4.20040738055114e-19,"8","HLA-DRB1"
9.0034739422463e-23,2.22745095941907,0.939,0.247,1.11517028248663e-18,"8","HLA-DMA"
9.52383755052288e-23,3.76485385511732,0.303,0.024,1.17962251900776e-18,"8","SPATS2L"
1.09629843911324e-22,2.99828631293744,1,0.481,1.35787524668566e-18,"8","HLA-DPA1"
1.13380102761457e-21,2.82547764684676,1,0.561,1.40432595280341e-17,"8","HLA-DRA"
2.00562254357737e-20,3.16781852209559,0.364,0.038,2.48416408247493e-16,"8","PLD4"
2.17666735471157e-20,3.55686081284149,0.303,0.026,2.69602018554576e-16,"8","CCDC88A"
1.65330203185473e-19,1.67707509754959,0.879,0.201,2.04777989665526e-15,"8","LGALS2"
9.00081570448849e-19,2.45113078165471,1,0.856,1.11484103315794e-14,"8","CD74"
1.31607652946854e-18,2.45238608947903,0.606,0.111,1.63009238939974e-14,"8","KLF4"
1.41153378622295e-18,3.05530371853152,0.394,0.048,1.74832574761574e-14,"8","CD1D"
1.83600951963512e-18,1.99207619405796,0.848,0.223,2.27408139102006e-14,"8","GRN"
5.26328897825673e-18,2.23328351955681,0.727,0.164,6.51910972846878e-14,"8","CTSH"
1.38599687229177e-17,2.15187697822657,0.879,0.277,1.71669572602059e-13,"8","AP1S2"
1.76557019068034e-16,2.10269114344023,1,0.616,2.18683523817667e-12,"8","LYZ"
8.70233505882851e-16,3.37982892490492,0.273,0.028,1.0778712203865e-11,"8","TRIM33"
1.15419598735322e-15,2.19520440989067,0.697,0.168,1.4295871499357e-11,"8","HLA-DMB"
1.29830496614678e-15,3.05530371853152,0.364,0.049,1.60808053106940e-11,"8","CCDC50"
2.52891110122247e-15,2.33661685808362,0.515,0.094,3.13230928997415e-11,"8","RNASE6"
5.54647213456839e-15,1.72598096347303,1,0.464,6.86986038587641e-11,"8","LGALS1"
9.24727356912879e-15,2.01752964703032,0.758,0.216,1.14536730427229e-10,"8","CAPG"
9.91766643470378e-15,2.76778318615599,0.424,0.071,1.22840216460241e-10,"8","IL1B"
1.08589342818724e-14,3.48147900099935,0.515,0.103,1.34498760015272e-10,"8","ALDH2"
1.45419659256578e-14,1.8206710697512,0.939,0.418,1.80116789955197e-10,"8","ANXA2"
1.66042862027308e-14,3.048930676513,0.333,0.045,2.05660688907024e-10,"8","ZNF385A"
1.92364041326719e-14,3.21899117408511,0.273,0.031,2.38262101587274e-10,"8","MGST2"
2.26964858775156e-14,3.17989135439617,0.303,0.038,2.81118674078908e-10,"8","RPS6KA4"
1.24970166454697e-13,1.57396016835694,1,0.819,1.54788048170787e-09,"8","VIM"
1.30275990617159e-13,2.85231669636766,0.333,0.047,1.61359841978414e-09,"8","PAK1"
2.4512998677204e-13,1.43742558185287,0.939,0.524,3.03618001615849e-09,"8","LSP1"
3.94899719510433e-13,2.34056404260028,0.485,0.099,4.89122792585623e-09,"8","IGSF6"
4.64597040494344e-13,1.75779909758337,0.97,0.437,5.75449894356295e-09,"8","GSTP1"
5.20417639068236e-13,1.54006691864049,0.848,0.288,6.44589287749917e-09,"8","ANXA5"
6.06032682665622e-13,1.71052106810915,0.727,0.198,7.50632080749639e-09,"8","SPI1"
1.05729533529568e-12,1.59542522217841,0.939,0.398,1.30956600229723e-08,"8","GPX1"
2.26114590632501e-12,2.29334940417945,0.576,0.144,2.80065531957416e-08,"8","SPINT2"
2.41896884811574e-12,1.70792678703249,0.727,0.218,2.99613481527616e-08,"8","FCGRT"
2.6619287387187e-12,3.05012347942584,0.273,0.036,3.29706493577698e-08,"8","VCL"
7.22631043832308e-12,1.76880644674282,0.788,0.286,8.95050810890697e-08,"8","RNH1"
1.39855994414636e-11,1.05147456085812,1,0.862,1.73225634681968e-07,"8","GAPDH"
1.82395593249271e-11,1.75570837256827,0.576,0.15,2.25915181798546e-07,"8","MS4A6A"
1.98015239022832e-11,1.62349800587178,0.758,0.274,2.4526167505368e-07,"8","H2AFY"
2.45350225841386e-11,2.51246669348304,0.364,0.066,3.03890789727141e-07,"8","CDKN1A"
3.53248566007904e-11,0.758569033581993,0.97,0.341,4.3753367385739e-07,"8","LST1"
3.57866562338588e-11,1.77860701018465,0.636,0.179,4.43253524112575e-07,"8","LY86"
4.9318839554564e-11,1.13464027330127,1,0.616,6.1086314672283e-07,"8","COTL1"
5.20856323232962e-11,1.88488455882409,0.606,0.168,6.45132641956347e-07,"8","RNF130"
6.74372882141351e-11,2.01942668220292,0.545,0.14,8.35278251820277e-07,"8","LAP3"
7.43491134624033e-11,0.656923140733523,1,0.998,9.20888119345328e-07,"8","TMSB10"
1.08247997121059e-10,1.6526443515313,0.576,0.153,1.34075969234144e-06,"8","IFI30"
1.24225816693271e-10,0.890542193686018,0.97,0.346,1.53866096556285e-06,"8","FCER1G"
1.33570569500135e-10,1.80624209337029,0.697,0.247,1.65440507382867e-06,"8","AMICA1"
1.40096410467266e-10,1.34555189063406,0.909,0.471,1.73523414004756e-06,"8","GABARAP"
1.83714474163438e-10,2.59750279733884,0.303,0.05,2.27548747698835e-06,"8","CD86"
1.94841634151057e-10,2.39945773165385,0.273,0.041,2.41330848059499e-06,"8","HAVCR2"
2.0979185645504e-10,1.39134291292196,0.909,0.333,2.59848193405212e-06,"8","TYMP"
3.62958802553129e-10,0.960648336470869,1,0.998,4.49560772842305e-06,"8","ACTB"
5.24861852086737e-10,2.76812156895123,0.303,0.054,6.50093889994632e-06,"8","FAM105A"
5.5181428068091e-10,1.01563510304055,0.97,0.745,6.83477168051375e-06,"8","ARPC1B"
6.20705879982679e-10,1.81669278663694,0.394,0.082,7.68806302946546e-06,"8","PLBD1"
6.86003544020538e-10,2.29719870657997,0.636,0.2,8.49683989623838e-06,"8","CFP"
1.23191919011562e-09,2.73810112751164,0.273,0.045,1.52585510887721e-05,"8","CD300C"
2.73762186950955e-09,1.42258118996584,0.97,0.624,3.39081844757453e-05,"8","S100A10"
3.02800703131216e-09,1.63508598014699,0.818,0.41,3.75048950898324e-05,"8","TUBA1B"
3.36521133914697e-09,2.54687672426887,0.273,0.047,4.16815076466743e-05,"8","LILRB4"
4.34811900459985e-09,2.64997021723297,0.273,0.048,5.38558019909738e-05,"8","RAB31"
5.13395506514738e-09,1.78116984940352,0.394,0.091,6.35891674369155e-05,"8","RGS1"
5.93720743669151e-09,2.03937209261442,0.455,0.12,7.35382513108611e-05,"8","MNDA"
6.0493075998899e-09,1.02148034097089,1,0.839,7.49267239322363e-05,"8","SLC25A6"
1.10537965575313e-08,1.37334489133472,0.758,0.33,0.000136912324161583,"8","AP2S1"
1.62620793002713e-08,2.00013199284928,0.758,0.367,0.00020142211421316,"8","C1orf162"
4.44581204827328e-08,0.786928446514644,0.97,0.389,0.000550658280299128,"8","TYROBP"
4.87752966139906e-08,0.83277009184692,1,0.881,0.000604130823860888,"8","ACTG1"
4.90724157653945e-08,2.33116929324395,0.303,0.064,0.000607810941670176,"8","DDAH2"
5.8879165479037e-08,1.15699681390969,0.848,0.417,0.000729277343623352,"8","RAC1"
6.07902846997801e-08,1.1125360865944,0.879,0.445,0.000752948466291476,"8","PRELID1"
6.22077808242207e-08,1.6709869316531,0.515,0.16,0.000770505573288797,"8","LGALS9"
9.43032460891354e-08,2.84108944094441,0.273,0.056,0.00116804000606003,"8","ID1"
9.6616834823945e-08,1.4181054928821,0.667,0.26,0.00119669611612938,"8","RGS2"
9.96414589687925e-08,2.22296007628805,0.303,0.066,0.00123415911078746,"8","CSF1R"
1.03492455146961e-07,0.512781040371935,0.909,0.359,0.00128185754945026,"8","AIF1"
1.29038922712627e-07,1.65038130002273,0.576,0.21,0.00159827609671859,"8","CEBPD"
1.84492156505328e-07,1.55715551104308,0.424,0.119,0.002285119850475,"8","FGL2"
1.9866840613823e-07,2.07752963676649,0.333,0.08,0.00246070687842811,"8","ARF3"
2.02445179856437e-07,1.1840035520712,0.818,0.479,0.00250748599770183,"8","TAGLN2"
2.06929116256049e-07,0.734056381019479,1,0.869,0.00256302403394742,"8","SH3BGRL3"
2.25668123344773e-07,1.43518751819328,0.667,0.28,0.00279512537574836,"8","PGLS"
2.32146050982613e-07,0.92729948257482,0.97,0.664,0.00287536098747065,"8","EIF4A1"
2.35439900175329e-07,0.909453840177788,0.939,0.581,0.00291615860357163,"8","SRGN"
2.39615414746318e-07,3.29466154164224,0.273,0.058,0.00296787652704789,"8","CD302"
2.7070845864815e-07,0.63391278772848,1,0.972,0.00335299496881599,"8","RPS11"
3.03778871464729e-07,1.95144988838691,0.303,0.07,0.00376260510196214,"8","CRTAP"
3.53239954636547e-07,2.06144989709863,0.273,0.059,0.00437523007812827,"8","TNFAIP2"
3.60025703840986e-07,2.02634609614271,0.303,0.07,0.00445927836777445,"8","EI24"
4.532724993022e-07,0.677449744760797,0.97,0.509,0.00561423317635704,"8","S100A11"
4.60596464234121e-07,2.12687297209667,0.303,0.071,0.00570494780600382,"8","NDUFV3"
4.82801727498041e-07,1.69966968635718,0.394,0.11,0.00597998219679073,"8","TPGS1"
5.8941863066944e-07,1.5433276571878,0.576,0.226,0.00730053915947169,"8","SAMHD1"
8.07754939895916e-07,1.42290995485368,0.697,0.348,0.0100048526855508,"8","CSTB"
1.01654508134591e-06,1.43446418148176,0.636,0.288,0.0125909273775504,"8","PPA1"
1.04536629991103e-06,1.62590450357888,0.515,0.189,0.012947906990698,"8","NR4A2"
1.33339701492955e-06,1.1049628668896,0.727,0.327,0.0165154554269175,"8","LAMTOR1"
1.55421427768593e-06,2.22296007628805,0.273,0.063,0.0192504980434179,"8","MRPS22"
1.55476781427975e-06,2.37658326540126,0.273,0.064,0.019257354147669,"8","FUOM"
1.69392034705946e-06,2.28384231843507,0.273,0.064,0.0209808974186784,"8","YIF1B"
1.70723204195364e-06,1.73545293867676,0.394,0.117,0.0211457760716377,"8","AOAH"
2.06302762506908e-06,1.87503677286775,0.364,0.106,0.0255526601641057,"8","CTSZ"
2.06914426702462e-06,0.50501025684714,1,0.957,0.025628420891367,"8","PFN1"
2.14343640026745e-06,0.617612878080241,1,0.864,0.0265486032537127,"8","MYL6"
2.23249411433558e-06,1.49916987086958,0.485,0.168,0.0276516721001605,"8","EPSTI1"
2.36885424948733e-06,1.17396304239349,0.727,0.35,0.0293406287341501,"8","PYCARD"
2.39102471978234e-06,1.65982393802007,0.636,0.275,0.029615232179224,"8","GNG5"
3.2586110902902e-06,2.60438918292408,0.394,0.131,0.0403611569643345,"8","CAT"
5.44203598913774e-06,1.8502688677188,0.303,0.08,0.0674050577614601,"8","UNC93B1"
5.69012802509761e-06,1.70511177142543,0.394,0.128,0.0704779257188591,"8","ACAA1"
6.00410037805233e-06,1.17436730792453,0.606,0.248,0.0743667872825562,"8","GNB2"
6.38373890995809e-06,1.35549734714464,0.606,0.279,0.0790689901387409,"8","ARF5"
1.01092848487714e-05,1.11905921017574,0.667,0.304,0.125213602136883,"8","ATP5J2"
1.03935224454428e-05,1.41649763495231,0.394,0.128,0.128734169009255,"8","YWHAE"
1.04527834090991e-05,1.15333793535485,0.727,0.38,0.129468175305101,"8","ATP5B"
1.1502619345335e-05,0.954286077679371,0.848,0.474,0.14247144321132,"8","RNASET2"
1.15084903479601e-05,2.04238783064623,0.273,0.071,0.142544161449834,"8","PPP1CB"
1.23288788018553e-05,0.613467640734516,1,0.936,0.15270549283978,"8","CFL1"
1.27434832439204e-05,1.94542610075914,0.303,0.086,0.157840783459198,"8","TPP1"
1.29440927205188e-05,1.35247080928446,0.485,0.179,0.160325532436346,"8","CYC1"
1.37755493433931e-05,1.48285021271694,0.515,0.222,0.170623954167267,"8","APEX1"
1.45083190863702e-05,1.13601165652324,0.697,0.327,0.179700040203781,"8","CD63"
1.95092273235789e-05,1.86818310182668,0.273,0.073,0.241641289629848,"8","SYK"
2.01821644002523e-05,1.29271899340215,0.545,0.218,0.249976288261525,"8","IFITM3"
2.31869655987289e-05,1.68239169492535,0.364,0.12,0.287193755905856,"8","AKIRIN2"
2.365937843489e-05,1.81261427233393,0.455,0.187,0.293045061294548,"8","ARL4C"
2.42232921148722e-05,1.5001883637046,0.364,0.118,0.300029696134807,"8","URM1"
2.49744734054237e-05,1.02551401208183,0.636,0.289,0.309333827599579,"8","RAB7A"
2.54943830151228e-05,0.531832018349968,0.97,0.796,0.315773428025311,"8","S100A6"
2.58661423244222e-05,0.597583307120988,1,0.876,0.320378038830294,"8","PABPC1"
2.96797217880672e-05,0.63380476712898,1,0.856,0.367613034067001,"8","CYBA"
3.35091881680308e-05,1.3339913886768,0.424,0.153,0.41504480464923,"8","BLVRB"
3.55363833326584e-05,1.72029789280749,0.879,0.563,0.440153643958307,"8","ANXA1"
3.80497459132407e-05,1.51246669348304,0.424,0.155,0.4712841528814,"8","IRF7"
3.84531088421244e-05,1.12004749686621,0.606,0.269,0.476280206118553,"8","CLTA"
4.3982871053768e-05,1.75165435736246,0.364,0.126,0.54477184087197,"8","NDUFS4"
4.57882364692213e-05,1.75007850243692,0.273,0.077,0.567133096907775,"8","SCIMP"
4.59293035327185e-05,1.31315788525963,0.545,0.267,0.568880353556252,"8","CNPY3"
4.62563550960106e-05,0.637188209463823,0.939,0.717,0.572931214219187,"8","PPIA"
5.05895851244363e-05,0.964367664412603,0.606,0.271,0.626602601351268,"8","MRPL23"
5.66166246422841e-05,1.32249574983897,0.424,0.156,0.701253512819331,"8","FIBP"
5.83006000239205e-05,1.5231931000761,0.394,0.144,0.722111231896279,"8","POMP"
5.84787897737153e-05,1.07343371313521,0.788,0.514,0.724318290137237,"8","EIF3L"
6.15635498760006e-05,1.36965277149265,0.424,0.167,0.762526128764144,"8","ABI3"
6.31209626303593e-05,1.09321694291728,0.485,0.192,0.781816243139631,"8","BID"
6.85280020008276e-05,1.34208507072313,0.364,0.125,0.84878783278225,"8","PRDX3"
8.06994291234195e-05,0.795773494343092,0.788,0.445,0.999543129122674,"8","FKBP1A"
9.25129889730179e-05,2.02408304463414,0.545,0.284,1,"8","ATP5C1"
9.69692753962415e-05,0.676477270661774,0.879,0.621,1,"8","CLIC1"
0.000106049697794351,1.01942668220292,0.273,0.08,1,"8","IGFBP7"
0.000115741740140757,1.88564487243373,0.273,0.083,1,"8","RAB32"
0.000125698662080533,0.540025615980178,0.97,0.694,1,"8","ZFP36"
0.000131172685295692,0.549983165907794,0.97,0.821,1,"8","ATP5G2"
0.000133039640941966,0.649521070410561,1,0.825,1,"8","YBX1"
0.000133093482328428,1.49796712378792,0.303,0.098,1,"8","CPPED1"
0.000135091565113724,0.754541480681185,0.788,0.478,1,"8","COX5B"
0.000135483754319571,1.17027975961187,0.485,0.203,1,"8","FGR"
0.00014436794767174,1.80792257700921,0.273,0.085,1,"8","NSL1"
0.000145028578634374,1.59965126391741,0.303,0.099,1,"8","TGFBI"
0.000147806137623708,0.845397282427871,0.758,0.419,1,"8","BST2"
0.000160737206617716,1.62349800587178,0.273,0.085,1,"8","SLC31A2"
0.000164712313259828,0.251908167853414,0.97,0.577,1,"8","SAT1"
0.000175665576005926,1.90980219102842,0.273,0.088,1,"8","C17orf49"
0.000180764458827898,1.59275448244067,0.333,0.119,1,"8","FDFT1"
0.000188646015690926,0.768647428275768,0.545,0.234,1,"8","LGALS3"
0.000190129576773981,1.72509614587959,0.273,0.086,1,"8","UBL7"
0.000199125753605876,1.12645209543471,0.636,0.366,1,"8","ID2"
0.000212388076671732,0.826851395762891,0.909,0.819,1,"8","ARPC3"
0.000225308655395585,1.03001143284409,0.455,0.194,1,"8","SUMO3"
0.000244306735903936,1.37253643233856,0.333,0.118,1,"8","NAGK"
0.00027554159818057,1.45532278637943,0.303,0.103,1,"8","THRAP3"
0.000286848239230906,1.4003563271615,0.303,0.102,1,"8","MPEG1"
0.000289065869151637,1.35481703689684,0.424,0.181,1,"8","SDHD"
0.000307579796656753,1.6177387365831,0.273,0.089,1,"8","LARP7"
0.00035103105045028,0.913125608855833,0.758,0.454,1,"8","TSPO"
0.000362559619086318,1.2952102513725,0.727,0.485,1,"8","SLC25A5"
0.000394446459244905,0.951998754682629,0.545,0.258,1,"8","VASP"
0.00040220843705241,0.985318827882656,0.485,0.218,1,"8","FAM26F"
0.000404138902547206,2.18461376463857,0.515,0.282,1,"8","GDI2"
0.000449559633349123,1.17320704109095,0.424,0.18,1,"8","MYADM"
0.000456332179627842,0.712765343968868,0.788,0.522,1,"8","BRK1"
0.000478711165488786,1.60201827846133,0.333,0.13,1,"8","PLSCR1"
0.000536908196311848,2.53399985503268,0.273,0.094,1,"8","DUSP23"
0.000540302962239858,1.72819538453847,0.273,0.096,1,"8","NOTCH2NL"
0.000563378400506216,1.0554659011005,0.424,0.183,1,"8","VPS29"
0.000606587052784631,1.60628871583956,0.273,0.094,1,"8","PSMD2"
0.000611395918410748,1.39363046397319,0.364,0.155,1,"8","TNFSF13B"
0.000631358413000234,0.955768044980602,0.515,0.249,1,"8","RGS19"
0.000652121242544001,1.01521443091601,0.394,0.164,1,"8","NCF2"
0.000699205474013646,0.801863370114746,0.636,0.345,1,"8","C1QBP"
0.000711306442608887,1.04971530428069,0.455,0.208,1,"8","LAMTOR2"
0.000749352345871011,0.304768575537807,1,0.923,1,"8","OAZ1"
0.000783506381174479,1.02214106689996,0.364,0.149,1,"8","PQBP1"
0.000824891114436404,1.02634609614271,0.636,0.365,1,"8","COX8A"
0.000825535429791632,0.844907106683357,0.727,0.462,1,"8","FOSB"
0.000829012713870714,0.809911130102662,0.697,0.409,1,"8","COPE"
0.000831075606174181,0.731445919238895,0.758,0.483,1,"8","TPI1"
0.000839504392039196,1.03001143284409,0.485,0.226,1,"8","HMGN3"
0.000909890484308286,1.07506138117574,0.394,0.172,1,"8","IDH2"
0.000917078519549742,1.35566261377417,0.273,0.096,1,"8","LILRB2"
0.000955371416603901,1.24148610987583,0.424,0.197,1,"8","ATG3"
0.00102042157404663,0.419834449684921,1,0.859,1,"8","RPL23"
0.00102167724471592,0.769177558009406,0.939,0.721,1,"8","EIF3K"
0.00102509068746345,1.43216506539218,0.303,0.115,1,"8","RP1-241P17.4"
0.0010263458932655,1.505198693019,0.394,0.182,1,"8","PPT1"
0.00108858423928507,0.715738952113786,0.667,0.392,1,"8","ATP5A1"
0.00112265691640517,1.47554012448468,0.273,0.098,1,"8","PFKL"
0.00121341341856923,1.37805766005273,0.303,0.116,1,"8","SCNM1"
0.00124956025630331,0.795773494343092,0.697,0.438,1,"8","TUBA1A"
0.00129284824715761,1.18762700317577,0.303,0.116,1,"8","NAPRT1"
0.00133709730087822,1.23026487691129,0.303,0.118,1,"8","TPM4"
0.0014274912884144,1.61391195704258,0.273,0.103,1,"8","NR4A1"
0.00184464369446462,0.847022396698149,0.667,0.408,1,"8","ATP5G3"
0.00184695937178993,0.921041942132184,0.485,0.257,1,"8","AHNAK"
0.00200379289656677,0.845289429473693,0.727,0.44,1,"8","SNX3"
0.00221656006280506,1.42941095375548,0.333,0.148,1,"8","MRPL11"
0.00228421890574783,0.56361537924432,0.758,0.5,1,"8","ARPC5"
0.00233893497016433,1.48397813652334,0.303,0.127,1,"8","OS9"
0.00234768708615856,0.865905761115617,0.394,0.182,1,"8","DDT"
0.00239659524578997,1.14558523235885,0.303,0.122,1,"8","PTRHD1"
0.00259178282468649,0.873017605231093,0.424,0.201,1,"8","MX1"
0.00286675898438904,1.4599992735889,0.273,0.11,1,"8","CD4"
0.00288101175647839,0.650746068308884,0.667,0.404,1,"8","PKM"
0.00293390375462718,1.18786941181969,0.394,0.191,1,"8","NDUFAB1"
0.00303873970800061,1.01597938058445,0.303,0.123,1,"8","PMAIP1"
0.00305977795925833,0.739318763010185,0.606,0.363,1,"8","LCP1"
0.00306258482059517,1.14442667374136,0.333,0.146,1,"8","CMTM3"
0.00313211470633358,1.4599992735889,0.273,0.11,1,"8","CBR1"
0.00323183316832693,0.624299725837336,0.697,0.459,1,"8","LDHA"
0.00336388349983995,0.777506235207208,0.576,0.369,1,"8","RHOG"
0.00339677958109844,1.42757779589652,0.273,0.111,1,"8","HMGA1"
0.00358463965335309,0.386144969662155,0.939,0.839,1,"8","S100A4"
0.00360333950685623,0.519161346057045,0.788,0.539,1,"8","ENO1"
0.00367464793565087,1.00657576375308,0.727,0.494,1,"8","SLC25A3"
0.00369046120788727,1.00568662557662,0.485,0.266,1,"8","AURKAIP1"
0.00375177427909672,0.715128481337349,0.364,0.166,1,"8","C16orf13"
0.00383437280544479,0.970317276300854,0.424,0.209,1,"8","DDIT4"
0.00424816491554389,1.00682664542329,0.424,0.218,1,"8","SSB"
0.00432263389225979,1.07404626676624,0.394,0.199,1,"8","NDUFB5"
0.00446170517334896,1.08112738187509,0.485,0.268,1,"8","UQCRFS1"
0.00454071460533258,1.19053859859567,0.364,0.176,1,"8","LINC00493"
0.00463559920763525,0.859850369053069,0.485,0.255,1,"8","MTDH"
0.00480833194047165,1.33876852893867,0.273,0.114,1,"8","COMMD9"
0.00486343424625067,1.29007427214659,0.303,0.138,1,"8","ZYX"
0.00507301066506025,0.916131793965105,0.576,0.391,1,"8","RGS10"
0.00510909693750518,1.06144989709863,0.273,0.111,1,"8","CSF3R"
0.00515742454591815,1.21859488372665,0.273,0.113,1,"8","DNAJC4"
0.00521582726682094,1.29949014580545,0.697,0.458,1,"8","SRSF7"
0.00533153607735395,0.832725968009781,0.303,0.135,1,"8","DNAJC15"
0.00548276552579216,0.261634503837702,1,0.918,1,"8","COX4I1"
0.00561096585623103,0.666025558408669,0.697,0.48,1,"8","VAMP8"
0.00568897004463983,1.25918026420081,0.273,0.115,1,"8","EIF4EBP1"
0.00586782663778221,0.671360657801057,0.485,0.252,1,"8","IFI44L"
0.00626631189053144,1.24055413630279,0.273,0.115,1,"8","SSBP4"
0.00629426293453579,1.08292962450908,0.303,0.134,1,"8","NDUFB3"
0.00633812891102571,0.786227505909889,0.333,0.154,1,"8","TRAPPC3"
0.00637897790222051,1.19696486775511,0.273,0.115,1,"8","RAB11A"
0.00640817522391421,0.538425920545718,0.667,0.398,1,"8","EID1"
0.00668062346746397,0.642863330738712,0.485,0.262,1,"8","PSMB6"
0.00691138194121355,0.705805875379591,0.485,0.274,1,"8","GSTO1"
0.00738465531414846,0.521708845787886,0.576,0.332,1,"8","TKT"
0.00748233750280087,1.24055413630279,0.333,0.164,1,"8","ZFAND5"
0.0074908762855284,0.961292506218164,0.364,0.183,1,"8","EFHD2"
0.00763430916676283,0.858642334617076,0.515,0.303,1,"8","SEC61B"
0.00777092645400045,1.08292962450908,0.303,0.137,1,"8","AKR1A1"
0.00804540287779591,0.829948883339207,0.424,0.218,1,"8","MYEOV2"
0.00821561488732978,0.576192291093424,0.697,0.446,1,"8","PPIB"
0.00830341507748347,0.367349985623227,0.576,0.315,1,"8","TIMP1"
0.00832250527008724,0.868508729870247,0.485,0.28,1,"8","GNAS"
0.00845712775083386,0.343621553648693,0.97,0.8,1,"8","ARPC2"
0.00847561359227138,0.952204633390205,0.394,0.206,1,"8","C19orf10"
0.00872227336861837,0.761463265916548,0.515,0.321,1,"8","CSNK2B"
0.0088638588454068,0.84900548297725,0.576,0.386,1,"8","MCL1"
0.00909132856489337,0.574564360673858,0.697,0.475,1,"8","YWHAB"
0.0093050013332776,0.492720345310159,0.667,0.431,1,"8","NFKBIA"
0.00968338916165911,0.562097461207638,0.545,0.321,1,"8","UBE2L6"
0.0097780712599748,0.604754283531083,0.606,0.367,1,"8","H3F3A"
0.00988129426890938,0.508020788451845,0.697,0.43,1,"8","HNRNPA0"
0.0099562426464244,1.05530371853152,0.364,0.187,1,"8","OXA1L"
0,10.1251153827297,0.923,0.002,0,"9","GP9"
0,9.38814978856353,0.846,0.002,0,"9","ITGA2B"
7.79515114740544e-309,9.54861446075678,0.769,0.002,9.65507421117637e-305,"9","TREML1"
9.71394438212628e-309,9.88564944803435,0.769,0.002,1.20316915117016e-304,"9","TMEM40"
1.35084026408799e-259,10.9445431370879,0.462,0,1.67315075109938e-255,"9","CMTM5"
1.85250168266212e-240,9.66214340638719,0.769,0.003,2.29450858414531e-236,"9","PTCRA"
1.58059238892454e-222,9.42996996425816,0.462,0,1.95772173292193e-218,"9","C6orf25"
1.35331435728764e-216,10.4299699642582,0.385,0,1.67621516293647e-212,"9","AP001189.4"
1.35355677268037e-216,11.2075775429217,0.385,0,1.67651541864191e-212,"9","CLDN5"
6.25382722236216e-206,9.71659119040957,1,0.009,7.74599039761777e-202,"9","GNG11"
3.48191825148126e-205,7.98518512158526,1,0.009,4.31270394628469e-201,"9","SPARC"
8.02538780858752e-186,9.42330623397715,1,0.011,9.9402453397165e-182,"9","SDPR"
2.0256599220398e-181,9.99494809052516,1,0.011,2.50898237943849e-177,"9","PF4"
1.28143018267092e-173,9.94454313708792,0.308,0,1.5871794242562e-169,"9","LY6G6F"
1.2816595923174e-173,10.4299699642582,0.308,0,1.58746357104433e-169,"9","SEPT5"
5.13281113813671e-121,8.74125953869917,0.846,0.013,6.35749987569613e-117,"9","CLU"
2.42943370732518e-117,8.71777227524089,0.692,0.008,3.00909658989297e-113,"9","ACRBP"
3.02087531280119e-109,8.65823895193128,0.846,0.015,3.74165616243555e-105,"9","TUBB1"
4.85937874834538e-107,7.83411914739427,0.615,0.007,6.01882651770058e-103,"9","MYL9"
2.6764928161322e-106,6.83411914739427,0.615,0.007,3.31510400206135e-102,"9","RP11-367G6.3"
5.62399502840193e-103,6.62261504220055,0.692,0.01,6.96588024217864e-99,"9","F13A1"
3.95370209710609e-100,10.1089299549888,1,0.025,4.8970554174756e-96,"9","PPBP"
1.54998204941956e-91,7.58699113246983,0.769,0.015,1.91980776641107e-87,"9","CA2"
2.35464619295028e-90,6.77826591266075,1,0.027,2.91646477458822e-86,"9","NRGN"
1.36183267759031e-89,6.32888383914384,1,0.027,1.68676595446336e-85,"9","RGS18"
6.38957008098225e-89,6.20757754292171,0.615,0.009,7.91412150230461e-85,"9","PTGS1"
3.05659007428369e-86,7.41007040682045,0.923,0.025,3.78589246600778e-82,"9","CD9"
1.19040907595812e-83,8.0376525414794,0.385,0.003,1.47444068148172e-79,"9","HIST1H2BJ"
6.27224761207085e-73,8.08827861454937,0.923,0.03,7.76880589231096e-69,"9","HIST1H2AC"
9.48246878531352e-67,7.30850645177249,0.692,0.017,1.17449858374893e-62,"9","MMD"
5.56320363957997e-66,5.6840155868647,0.692,0.017,6.89058402798375e-62,"9","SNCA"
2.04702244582906e-60,7.90272296139329,0.385,0.005,2.53544200140387e-56,"9","DMTN"
8.25150774662676e-59,5.88564944803435,0.538,0.011,1.02203174949719e-54,"9","GAS2L1"
7.80556060090871e-45,8.09392076112614,0.538,0.016,9.66796736028552e-41,"9","TSC22D1"
6.19632382873095e-43,5.79254004364287,0.769,0.037,7.67476669426616e-39,"9","PGRMC1"
3.47233156217492e-42,6.10476673733793,0.615,0.023,4.30082987290985e-38,"9","TPM1"
4.13945175072576e-37,5.87895479546034,0.846,0.054,5.12712493844893e-33,"9","RUFY1"
1.92486359837538e-36,6.37468752875697,0.462,0.014,2.38413605294775e-32,"9","MAP3K7CL"
5.15819010669455e-35,5.45269004075824,0.385,0.01,6.38893426615187e-31,"9","SENCR"
8.6275737560149e-35,5.60667349833153,0.846,0.06,1.06861128542001e-30,"9","MPP1"
2.32279322291371e-33,5.7746181356456,0.308,0.007,2.87701168590093e-29,"9","SCFD2"
4.17765504397722e-28,5.33453471779687,1,0.116,5.17444353747018e-24,"9","TPM4"
2.47421294892259e-27,4.77294931528499,0.769,0.058,3.06456015853552e-23,"9","PDLIM1"
2.76083179045396e-26,5.52307936864964,0.846,0.083,3.41956625565628e-22,"9","NGFRAP1"
2.14904483873428e-25,4.65914091822567,0.769,0.069,2.66180693725628e-21,"9","ACTN1"
1.92373603272005e-21,4.86897070688772,0.846,0.103,2.38273945012706e-17,"9","ILK"
2.59794570650587e-21,5.34184427206995,0.846,0.106,3.21781555207818e-17,"9","GRAP2"
3.44784411785337e-21,4.92746962372898,0.615,0.05,4.27049972437319e-17,"9","MARCH2"
4.7094543675132e-21,4.4209811810309,0.462,0.027,5.83313017960185e-17,"9","TMEM91"
3.32297706621064e-20,4.78611377448343,0.385,0.019,4.1158393942085e-16,"9","MLH3"
3.79200505154461e-20,4.5753093274222,0.538,0.039,4.69677745684315e-16,"9","PLA2G12A"
4.37820878217364e-20,4.94454313708792,0.308,0.012,5.42284939760028e-16,"9","TPTEP1"
1.40873250475308e-19,5.16318342356326,0.462,0.029,1.74485608038717e-15,"9","PNMA1"
6.1690319326169e-19,4.74103553512122,0.769,0.094,7.64096295173929e-15,"9","ODC1"
1.39325310755855e-17,5.45835879084493,0.846,0.132,1.72568329902201e-13,"9","NCOA4"
2.78155065481761e-17,4.46318241457588,0.846,0.139,3.4452286410571e-13,"9","CTSA"
6.81972823289187e-17,5.0596788478094,0.538,0.047,8.44691538925987e-13,"9","PARVB"
3.27535816445407e-16,4.31182750491839,0.538,0.048,4.05685862249282e-12,"9","TUBA1C"
1.63663318460547e-15,3.61811364996561,0.769,0.116,2.02713386245234e-11,"9","CAPN1"
2.01297808572562e-15,4.94189355867397,0.615,0.073,2.49327465697975e-11,"9","HIST1H2BK"
5.56684387678316e-15,4.48511151845062,0.308,0.017,6.89509282578362e-11,"9","KIAA0513"
1.31138608676194e-14,3.65298869124407,0.538,0.053,1.62428280706334e-10,"9","CHMP6"
1.69580837675309e-14,4.31275977961377,0.846,0.165,2.10042825544638e-10,"9","FERMT3"
2.42509526832995e-14,4.56676180746704,0.538,0.056,3.00372299935347e-10,"9","MFSD1"
3.98432480799371e-14,5.30068694731319,0.308,0.018,4.93498470718101e-10,"9","GMPR"
8.11264608151898e-14,5.01299048724513,0.538,0.062,1.00483234365694e-09,"9","SNN"
8.87042889015296e-14,4.16318342356326,0.385,0.029,1.09869132233435e-09,"9","HIST2H2BE"
9.13671986458928e-14,3.84125532867589,0.462,0.041,1.13167412242803e-09,"9","CD151"
1.23243822747044e-13,4.50713782478062,0.308,0.019,1.52649798854489e-09,"9","CD27-AS1"
2.38157926910559e-13,3.4187427088349,1,0.336,2.94982408271418e-09,"9","CALM3"
2.90037402443018e-13,4.40022262086411,0.385,0.03,3.59240326665922e-09,"9","FHL1"
3.35161623682255e-13,3.89469458763736,0.538,0.059,4.15131187092841e-09,"9","RNF11"
5.27185204799976e-13,3.6545242901553,0.692,0.11,6.5297159466525e-09,"9","RSU1"
8.26878697845539e-13,4.24410341894682,0.308,0.02,1.02417195515148e-08,"9","ABHD16A"
8.77614801749866e-13,3.99034682670104,0.462,0.044,1.08701369344738e-08,"9","GSN"
1.29342122052866e-12,3.92217532405946,0.846,0.205,1.6020315237468e-08,"9","CDKN2D"
2.03243906157669e-12,4.52041018187366,1,0.402,2.51737902166889e-08,"9","GPX1"
2.28129833493076e-12,3.76132131303215,1,0.39,2.82561611764524e-08,"9","RGS10"
2.47395706972465e-12,4.11165312292318,0.308,0.021,3.06424322656095e-08,"9","P2RX1"
4.02399861101309e-12,4.86011435592721,0.385,0.034,4.98412467960082e-08,"9","SLC40A1"
1.36738728535946e-11,3.39679171546383,0.923,0.267,1.69364589164623e-07,"9","PRDX6"
1.73034485873409e-11,2.72322454910279,1,0.297,2.14320514202805e-07,"9","CCL5"
2.06200497529606e-11,4.4051974362794,0.846,0.236,2.5539993624017e-07,"9","TUBA4A"
2.71547785087195e-11,3.57006908050707,1,0.48,3.36339086608999e-07,"9","TAGLN2"
4.54944246478757e-11,4.45269004075824,0.385,0.037,5.63493943688588e-07,"9","XPNPEP1"
1.03026761615499e-10,3.96281730855681,0.692,0.144,1.27608946936957e-06,"9","LIMS1"
1.0552169287878e-10,3.46274370542217,0.462,0.053,1.30699168799657e-06,"9","UBL4A"
1.4345765110531e-10,3.59633571740171,0.769,0.185,1.77686646659036e-06,"9","YWHAH"
1.80145569967135e-10,3.7547185782079,0.308,0.025,2.23128302961294e-06,"9","H1F0"
1.06890962728583e-09,2.94079100222681,0.385,0.041,1.32395146435623e-05,"9","PACSIN2"
1.36095609485829e-09,3.0730578776106,0.923,0.367,1.68568021909148e-05,"9","H3F3A"
1.53055699275628e-09,3.51299055102606,0.538,0.09,1.89574789122792e-05,"9","NT5C3A"
2.854287281877e-09,4.31275977961377,0.308,0.029,3.53532022733285e-05,"9","TMEM140"
2.90507981766387e-09,4.16318342356326,0.308,0.029,3.59823186215847e-05,"9","GLA"
2.93020143049952e-09,4.06190008772607,0.385,0.044,3.62934749181671e-05,"9","CYB5R1"
3.00025846952203e-09,3.73997199283871,0.462,0.063,3.71612014034999e-05,"9","HIST1H1C"
3.45424923400699e-09,2.04623567594156,1,0.865,4.27843310124105e-05,"9","MYL6"
4.36250238299974e-09,3.65199884898165,0.692,0.171,5.40339545158348e-05,"9","DNAJB6"
4.99576778195041e-09,3.70375180492596,0.385,0.046,6.18775797472378e-05,"9","SWI5"
5.01259679362272e-09,4.01380579952503,0.385,0.046,6.2086023885811e-05,"9","MCUR1"
6.20182893548205e-09,2.40242245514854,1,0.924,7.68158531948807e-05,"9","OAZ1"
8.97127872821365e-09,2.10716313652309,1,0.877,0.000111118258327654,"9","MYL12A"
9.11652684000599e-09,3.45938469333225,0.462,0.071,0.000112917301440314,"9","LEPROT"
9.26454835176034e-09,3.28763079448775,0.615,0.137,0.000114750695884904,"9","TPST2"
1.01830797980184e-08,3.15676858399983,0.846,0.329,0.000126127626378256,"9","LAMTOR1"
1.26565432264932e-08,3.70154551142227,0.615,0.14,0.000156763944403345,"9","H2AFJ"
1.33552277770313e-08,1.99220716872657,1,0.783,0.00016541785124631,"9","ITM2B"
1.43212557116553e-08,3.09905308614354,0.308,0.03,0.000177383073244562,"9","AGPAT1"
1.81414007408756e-08,2.58146293553425,0.769,0.234,0.000224699389576486,"9","ASAH1"
1.99535704713923e-08,3.89882483678208,0.615,0.141,0.000247144923858665,"9","MAX"
3.680856565419e-08,2.37265508647546,0.923,0.539,0.000455910894192797,"9","OST4"
4.36678836236924e-08,2.26403851744883,1,0.87,0.000540870406563054,"9","SH3BGRL3"
6.59944543251301e-08,2.3440233554552,0.923,0.447,0.000817407311271061,"9","FKBP1A"
8.51812447777443e-08,2.18223974544223,1,0.998,0.00105505489781714,"9","ACTB"
9.05794355068635e-08,2.37089594959459,1,0.746,0.00112191688818801,"9","ARPC1B"
9.23493890594975e-08,3.69978290272301,0.308,0.034,0.00114383953289094,"9","GNB5"
1.06148486930374e-07,2.69187770463767,0.615,0.142,0.00131475515911961,"9","NENF"
1.36571621443112e-07,2.42044970375803,0.923,0.502,0.00169157610319438,"9","ARPC5"
1.95940901763992e-07,3.31883429402345,0.462,0.084,0.0024269240092488,"9","PYCR2"
2.19616732925699e-07,3.5928676988065,0.385,0.055,0.00272017285401771,"9","RIOK3"
2.5694105829155e-07,2.97875885242583,0.385,0.054,0.00318247194799914,"9","MPST"
3.39387052064856e-07,3.96440355944876,0.308,0.038,0.00420364802687531,"9","APP"
4.29409244212312e-07,2.0505915971869,0.846,0.316,0.0053186628988137,"9","TIMP1"
5.45055849027569e-07,3.44697638956385,0.462,0.09,0.00675106174605547,"9","RABGAP1L"
6.01411891113642e-07,2.97875885242583,0.538,0.122,0.00744908768333357,"9","MTPN"
6.03878253730266e-07,3.36287177850977,0.769,0.341,0.00747963605070307,"9","RAP1B"
6.22154997833673e-07,1.70128008312055,1,1,0.00770601180316787,"9","TMSB4X"
6.2246047870101e-07,3.72953024611707,0.308,0.039,0.0077097954891907,"9","PYGL"
8.37117370518489e-07,2.60469313420329,0.692,0.245,0.010368535751242,"9","WDR1"
9.46711580234484e-07,3.38193726783636,0.538,0.135,0.0117259696327843,"9","PTPN18"
1.04131582403687e-06,2.78417974879013,0.769,0.321,0.0128977377965207,"9","DYNLL1"
1.50005181966947e-06,2.08979939809238,0.923,0.58,0.018579641838426,"9","SAT1"
1.62759582212881e-06,2.2949732961188,0.923,0.55,0.0201594018528875,"9","NAP1L1"
1.76400591671016e-06,3.88842653270492,0.769,0.344,0.021848977284372,"9","TALDO1"
1.90041476365092e-06,3.15312975889933,0.462,0.095,0.0235385372625803,"9","USF2"
2.52192658017632e-06,3.43674849688922,0.385,0.066,0.0312365826220639,"9","TAX1BP3"
2.69504487316857e-06,2.71229354119176,0.538,0.139,0.0333808257990659,"9","RAB10"
4.80662335551887e-06,3.30068694731319,0.385,0.072,0.0595348368814567,"9","RDH11"
6.53112316505063e-06,2.92076230235895,0.923,0.584,0.0808944915223171,"9","SRGN"
7.27853405148413e-06,2.45459963076687,0.846,0.405,0.0901519227616824,"9","PKM"
7.89546356264698e-06,2.79895830781385,0.615,0.208,0.0977932116869455,"9","NDUFAF3"
9.99230877714566e-06,3.43498803902478,0.462,0.116,0.123764736513726,"9","RAB11A"
1.1889965294947e-05,3.39480912467774,0.462,0.117,0.147269110143213,"9","RBBP6"
1.29403226618477e-05,3.33939047664368,0.462,0.119,0.160278836489646,"9","ADIPOR1"
1.32368624307741e-05,1.39139386148937,1,0.806,0.163951778067567,"9","PPDPF"
1.47017397689047e-05,1.47286792269587,0.923,0.601,0.182095748777653,"9","HMGB1"
1.61521472849697e-05,1.64468098355414,0.846,0.521,0.200060496271635,"9","GPX4"
1.9955958351373e-05,2.94801532899472,0.462,0.117,0.247174500140106,"9","TLN1"
2.06719252754606e-05,2.21643877086141,0.769,0.427,0.256042466461856,"9","ARF1"
2.80980644368356e-05,5.31239244796547,0.538,0.162,0.348022626114646,"9","VDAC3"
3.59648058252211e-05,2.69661562364433,0.462,0.126,0.445460084951188,"9","STX11"
4.41809996057772e-05,2.54936606016992,0.462,0.125,0.547225861117157,"9","UBAC2"
6.69450290375205e-05,2.97053834562086,0.308,0.056,0.829181129658729,"9","LMNA"
7.3419069049598e-05,3.22648600547178,0.462,0.133,0.909368589248321,"9","SNAP23"
9.92161205775214e-05,1.45018753355507,0.846,0.442,1,"9","SNX3"
0.000100409635962846,0.999691661646633,1,0.882,1,"9","ACTG1"
0.000105757636571233,2.35348836305114,0.538,0.186,1,"9","TGFB1"
0.000117479985015258,2.65914091822567,0.308,0.057,1,"9","DAP"
0.000120656233841514,2.85884938869063,0.308,0.058,1,"9","RAB37"
0.000126296572205883,3.09905308614354,0.308,0.059,1,"9","ATP2A3"
0.000128910225056139,2.20898711317638,0.538,0.189,1,"9","SOD2"
0.000140509984650851,2.98401457787733,0.385,0.093,1,"9","ABTB1"
0.000143899996335249,2.56950370574099,0.308,0.058,1,"9","SLC39A3"
0.000147902639057277,2.34765457005995,0.692,0.341,1,"9","C9orf16"
0.000151385846799616,3.05997092090299,0.462,0.148,1,"9","SPINT2"
0.00015680052936442,1.26020975373301,1,0.861,1,"9","SERF2"
0.000158357523113886,1.92420681236634,0.769,0.48,1,"9","CD99"
0.000159336606501947,3.86407236949589,0.615,0.275,1,"9","GSTO1"
0.000181506112272462,2.88114805579941,0.462,0.145,1,"9","WBP2"
0.000217761345125627,3.05626821964675,0.385,0.105,1,"9","C9orf89"
0.000245839287186577,2.60469313420329,0.308,0.061,1,"9","ITGB1"
0.000264296353989399,2.71572444659204,0.385,0.101,1,"9","MAGED2"
0.000370549833356124,2.29644995442672,0.538,0.226,1,"9","DBNL"
0.000379192228657768,1.00952186455197,1,0.934,1,"9","ARHGDIB"
0.000407663606054461,2.36711430905217,0.308,0.064,1,"9","SPNS1"
0.000484765968893219,2.77294931528499,0.385,0.112,1,"9","GLUL"
0.000508534992546123,1.28683634429005,1,0.892,1,"9","HLA-E"
0.000633454939756061,3.10603951645965,0.308,0.073,1,"9","SECISBP2"
0.000804486982741258,3.47393777446228,0.385,0.123,1,"9","ETFA"
0.000834422273724071,2.94548269755153,0.385,0.113,1,"9","RAB4A"
0.000852246785478624,2.88114805579941,0.308,0.076,1,"9","UBXN11"
0.000926530991476496,2.12739116153164,0.538,0.251,1,"9","TMEM50A"
0.00114248551651967,2.86772754003709,0.308,0.079,1,"9","G6PD"
0.00126119646900034,2.35958063636676,0.308,0.073,1,"9","CYB5R3"
0.00127842089079836,3.14540872183528,0.308,0.083,1,"9","CAMTA1"
0.00128558136920046,2.70204950969496,0.308,0.077,1,"9","STOM"
0.00137056964307868,2.50713782478062,0.308,0.075,1,"9","RNF10"
0.00148315105872065,1.63742992061529,0.692,0.424,1,"9","SH3BGRL"
0.00156275168016473,0.932531873093608,1,0.863,1,"9","GAPDH"
0.00157656504557073,1.88511914292237,0.538,0.265,1,"9","VAPA"
0.00160344677935001,2.84651105412739,0.308,0.084,1,"9","RAB32"
0.00204307769074253,2.62261504220055,0.308,0.082,1,"9","ARF3"
0.0020972056607825,1.93261707078111,0.385,0.118,1,"9","LDLRAP1"
0.00240553993102622,2.49333202525559,0.308,0.087,1,"9","DIAPH1"
0.0025487055295088,0.979193901443819,1,0.993,1,"9","HLA-C"
0.00258834241814334,0.936114515017336,0.923,0.737,1,"9","TSC22D3"
0.00265806726940087,3.0486236593004,0.308,0.092,1,"9","TMBIM1"
0.0027073515255084,1.79113184925006,0.538,0.26,1,"9","TMEM219"
0.00275309034115972,2.25726466702206,0.385,0.128,1,"9","TUBB4B"
0.00283338040245406,2.72645085318509,0.308,0.091,1,"9","TMED3"
0.00288669349202126,2.42236550390144,0.462,0.195,1,"9","SQSTM1"
0.00326166624752196,1.23459775685542,0.846,0.692,1,"9","ALDOA"
0.00334658005294544,2.01118033011821,0.538,0.273,1,"9","RBX1"
0.00468978809221432,2.14688161123416,0.462,0.202,1,"9","FLNA"
0.00571754835339816,0.871156814389757,0.923,0.768,1,"9","SRP14"
0.005981243772285,2.06219121779283,0.538,0.292,1,"9","EIF4G2"
0.00713383769719239,1.61811364996561,0.538,0.299,1,"9","PAIP2"
0.00715895723242925,1.87274561480371,0.692,0.453,1,"9","TPM3"
0.00793339291745922,2.85322797034197,0.308,0.103,1,"9","R3HDM4"
0.00830823599947946,1.6560615252937,0.538,0.292,1,"9","AP2M1"
0.00831359231979766,0.300841884223708,1,0.994,1,"9","FTH1"
