"p_val","avg_log2FC","pct.1","pct.2","p_val_adj","cluster","gene"
9.13644205714508e-123,1.89149509731382,0.968,0.6,1.01387097508139e-118,"0","S100A4"
4.2839600517783e-86,1.41630012004219,0.931,0.52,4.75391046945838e-82,"0","IL32"
9.06330154135048e-70,1.25579448089865,0.925,0.689,1.00575457204366e-65,"0","VIM"
7.20445379643858e-64,1.61670599708094,0.796,0.402,7.99478237790789e-60,"0","S100A10"
6.46214057247529e-54,1.36620304812553,0.771,0.39,7.17103739327583e-50,"0","ANXA1"
2.11720242283613e-51,1.79661684107375,0.609,0.243,2.34945952862125e-47,"0","S100A11"
5.59833053518271e-51,1.28753055124548,0.739,0.366,6.21246739489226e-47,"0","IL7R"
5.06829456456184e-45,0.403095266472382,1,1,5.62428647829428e-41,"0","TMSB4X"
6.84420136363848e-44,0.875858963867013,0.893,0.487,7.59501025322962e-40,"0","CD3D"
1.40533571712746e-43,1.04967115788812,0.854,0.592,1.55950104529635e-39,"0","S100A6"
5.66342306880512e-42,0.297043468016407,1,1,6.28470057945304e-38,"0","B2M"
4.23120997472332e-40,0.917856356074233,0.982,0.85,4.69537370895047e-36,"0","LTB"
2.40102489185883e-35,1.94532430951311,0.407,0.134,2.66441732249574e-31,"0","AQP3"
1.3369348835128e-34,1.46541520257552,0.534,0.231,1.48359664023415e-30,"0","PLP2"
4.92215761717628e-34,3.17654390364648,0.211,0.027,5.46211830778052e-30,"0","TNFRSF4"
3.44001945957719e-32,1.51023286304406,0.579,0.28,3.81738959429281e-28,"0","CD2"
1.50156898835424e-31,1.0376548546945,0.694,0.425,1.6662911063767e-27,"0","GSTK1"
3.76046729868849e-30,1.32274949021744,0.453,0.186,4.17299056135462e-26,"0","ANXA2"
1.58503427364716e-28,1.41857559268649,0.496,0.234,1.75891253346626e-24,"0","CRIP1"
4.39674947858435e-27,1.75362236567555,0.352,0.126,4.87907289638506e-23,"0","TIMP1"
2.3413417536162e-26,1.41021233146778,0.344,0.117,2.5981869439879e-22,"0","TRADD"
1.49637245552823e-24,0.61198134879685,0.911,0.751,1.66052451389968e-20,"0","SH3BGRL3"
2.9097665888459e-24,0.798405359019314,0.802,0.588,3.22896798364229e-20,"0","ZFP36L2"
2.37882453500957e-23,0.657183652051899,0.933,0.724,2.63978158650012e-19,"0","LDHB"
5.0705909521124e-23,0.619085871202063,0.802,0.608,5.62683477955913e-19,"0","EMP3"
5.70720391396094e-23,0.487665882001314,0.97,0.899,6.33328418332246e-19,"0","CD52"
1.80927336121955e-22,1.53006473757303,0.273,0.088,2.00775064894533e-18,"0","CORO1B"
2.27993352954441e-22,0.577365634893439,0.97,0.921,2.53004223773544e-18,"0","FOS"
4.02058424269549e-22,1.78348165436866,0.273,0.088,4.46164233411919e-18,"0","CD40LG"
5.43847867493736e-22,0.919784823239172,0.741,0.512,6.03507978557799e-18,"0","KLF6"
4.51758238392887e-21,0.536048193340274,0.899,0.752,5.01316117144587e-17,"0","GAPDH"
7.27591543200433e-21,0.638817745428636,0.828,0.634,8.0740833548952e-17,"0","CALM1"
7.74761679111603e-21,0.850830169375491,0.662,0.417,8.59753035310146e-17,"0","COTL1"
1.66781474904745e-20,0.660160673411834,0.759,0.486,1.85077402701795e-16,"0","CD3E"
2.67216099251302e-20,0.682863917875837,0.862,0.697,2.9652970533917e-16,"0","FXYD5"
1.12852113615494e-19,1.23758336833354,0.364,0.159,1.25231990479114e-15,"0","TRAT1"
5.26100995615914e-18,1.14661393225664,0.405,0.202,5.8381427483498e-14,"0","SPOCK2"
6.56026194948077e-18,1.61094672779225,0.255,0.091,7.27992268533881e-14,"0","LIMS1"
2.56344245109165e-17,0.608162471966669,0.783,0.592,2.84465208797641e-13,"0","ZFP36"
3.12077480462821e-17,1.23575644916149,0.389,0.195,3.46312380069592e-13,"0","PPP2R5C"
3.13645651311987e-17,0.761374222862124,0.719,0.524,3.48052579260912e-13,"0","IER2"
3.61437290591549e-17,0.275886517744607,0.998,0.999,4.01086961369442e-13,"0","TPT1"
8.31337414690045e-17,0.909531886233917,0.407,0.206,9.22535129081543e-13,"0","LGALS1"
4.41176759090633e-16,0.964823218611856,0.304,0.133,4.89573849562875e-12,"0","ANXA5"
9.30173404629227e-16,1.45085431596513,0.281,0.116,1.03221342711705e-11,"0","DOK2"
1.11457695439536e-15,0.25338493404614,0.998,0.984,1.23684604629253e-11,"0","HLA-A"
1.16915431278055e-15,0.555507654706112,0.874,0.768,1.29741054089257e-11,"0","JUN"
1.88955153709782e-15,0.636071870139373,0.613,0.386,2.09683534071746e-11,"0","CD99"
3.18212161880792e-15,1.38065715012642,0.273,0.116,3.53120036039115e-11,"0","TTC39C"
3.53605114185704e-15,0.510794550822572,0.7,0.473,3.92395595211876e-11,"0","GIMAP7"
2.22574230662296e-14,1.10430641446497,0.294,0.134,2.4699062376595e-10,"0","PBXIP1"
2.96074399139452e-14,1.27289896754161,0.283,0.127,3.2855376072505e-10,"0","SIT1"
4.91003537527972e-14,0.356314874599061,0.966,0.919,5.44866625594791e-10,"0","JUNB"
2.06273336135927e-13,0.719977908097304,0.445,0.26,2.28901521110038e-09,"0","DNAJB1"
2.24734835554671e-13,0.870335660957649,0.391,0.214,2.49388247015018e-09,"0","RGCC"
2.95403991501876e-13,1.40449585032483,0.221,0.088,3.27809809369631e-09,"0","RORA"
3.04504691191903e-13,1.02335875766427,0.314,0.153,3.37908855815655e-09,"0","CAPN2"
3.2973516324862e-13,1.071728523076,0.289,0.135,3.65907110656993e-09,"0","TXN"
3.30173913395107e-13,0.70034888135675,0.571,0.388,3.66393991694551e-09,"0","LDHA"
1.03431624178443e-12,1.34030786160175,0.204,0.078,1.14778073350818e-08,"0","PTGER2"
1.64685440675491e-12,1.4513121448284,0.261,0.121,1.82751433517593e-08,"0","OPTN"
3.35942818007733e-12,0.904806259763186,0.377,0.212,3.72795745143182e-08,"0","CD3G"
3.65900274912749e-12,0.561187519304065,0.577,0.397,4.06039535070677e-08,"0","ARL6IP5"
3.88456604134971e-12,0.752524841818211,0.391,0.219,4.31070293608577e-08,"0","ALOX5AP"
3.93135631344477e-12,0.684907782803039,0.466,0.298,4.36262610102966e-08,"0","PKM"
5.46740862544111e-12,0.606639723742336,0.551,0.367,6.067183351652e-08,"0","LCK"
1.19046108965782e-11,0.576824101871739,0.504,0.332,1.32105467119329e-07,"0","NDUFS5"
1.40469861100533e-11,1.37844299048852,0.257,0.124,1.55879404863262e-07,"0","TNFAIP3"
2.01421488495707e-11,0.64048315796082,0.472,0.301,2.23517425783687e-07,"0","FYB"
3.16131949113789e-11,0.813545279764074,0.312,0.162,3.50811623931572e-07,"0","FLT3LG"
7.77050278759372e-11,0.370195211307799,0.818,0.671,8.62292694339275e-07,"0","HSPA8"
1.04770843919241e-10,0.258149318387622,0.992,0.991,1.16264205497182e-06,"0","FTH1"
1.25019017825942e-10,0.765927259531334,0.433,0.279,1.38733604081448e-06,"0","ARHGAP15"
1.62059788255208e-10,0.848549918470453,0.453,0.305,1.79837747026804e-06,"0","NFKBIA"
1.76692621855501e-10,0.322857222364069,0.891,0.775,1.96075802473049e-06,"0","MYL6"
1.79627402801314e-10,0.721343679374519,0.545,0.375,1.99332528888618e-06,"0","GIMAP4"
2.2328462590112e-10,0.584667402993405,0.547,0.381,2.47778949362473e-06,"0","CD44"
2.50317091724975e-10,0.429052718671835,0.735,0.614,2.77776876687205e-06,"0","ARPC1B"
3.71483312466893e-10,0.907399685484214,0.257,0.129,4.12235031844511e-06,"0","HN1"
4.86697121637641e-10,0.777713173909044,0.245,0.124,5.4008779588129e-06,"0","ITM2A"
1.0664616464108e-09,0.799782284465214,0.437,0.297,1.18345248902207e-05,"0","TSPO"
1.13188873776376e-09,0.626726818720555,0.482,0.327,1.25605693229644e-05,"0","PPP1R15A"
1.24617891706529e-09,0.793507526527528,0.356,0.213,1.38288474426736e-05,"0","LAT"
1.42843418105848e-09,0.554908447965495,0.577,0.417,1.5851334107206e-05,"0","RNASET2"
1.50820697722215e-09,0.558066066369283,0.457,0.294,1.67365728262342e-05,"0","PRDX2"
2.13713872847549e-09,0.489099037435926,0.63,0.475,2.37158284698925e-05,"0","NEAT1"
2.48637283569893e-09,0.541081920917682,0.549,0.398,2.75912793577511e-05,"0","NEDD8"
4.23759058482638e-09,1.1313689763187,0.219,0.109,4.70245427198183e-05,"0","YWHAH"
4.86063330084509e-09,0.602814198776227,0.486,0.335,5.3938447739478e-05,"0","EID1"
6.49231019267173e-09,0.781102357488736,0.441,0.303,7.20451662080782e-05,"0","MCL1"
6.53948243747046e-09,0.893617161052811,0.279,0.155,7.25686366086096e-05,"0","MGST3"
7.94843731915036e-09,0.820364530467573,0.381,0.249,8.82038089306115e-05,"0","YWHAQ"
1.04035215162111e-08,1.07782315859072,0.209,0.103,0.000115447878265395,"0","CYLD"
1.18500564701268e-08,0.735136503536556,0.358,0.222,0.000131500076648997,"0","CSTB"
1.46863268536597e-08,0.258534426406971,0.99,0.979,0.000162974169095062,"0","RPLP0"
2.71524153098941e-08,0.862894085471028,0.294,0.175,0.000301310352693894,"0","AHNAK"
3.06379383853352e-08,1.02417973022435,0.225,0.118,0.000339989202262065,"0","CKLF"
3.21085727929454e-08,0.725091611695098,0.294,0.171,0.000356308832283315,"0","PIM1"
3.80968899266972e-08,0.291144759926012,0.907,0.843,0.000422761187516559,"0","UBC"
4.38108972009639e-08,0.457852042089946,0.769,0.652,0.000486169526239096,"0","MYL12B"
4.83119117884352e-08,0.592572378378749,0.342,0.217,0.000536117285116265,"0","ARHGDIA"
5.46842326511554e-08,0.732625284380506,0.366,0.239,0.000606830929729871,"0","KRTCAP2"
6.77091133751053e-08,1.12285939265878,0.239,0.13,0.000751368031123544,"0","AMICA1"
7.21679191946768e-08,0.343511130167137,0.739,0.614,0.000800847399303328,"0","GMFG"
7.91536376865053e-08,0.544453683017418,0.474,0.342,0.000878367917407149,"0","UBL5"
8.2595196997654e-08,1.17080644776372,0.217,0.115,0.000916558901082967,"0","MYADM"
1.01578412753205e-07,0.429572575469437,0.628,0.495,0.00112721564632231,"0","SOD1"
1.06888873371776e-07,0.697988282708488,0.318,0.196,0.0011861458278066,"0","ICAM2"
1.0994830219389e-07,0.724787573767821,0.33,0.211,0.0012200963094456,"0","DUSP2"
1.17970344447543e-07,0.284093650654519,0.911,0.829,0.00130911691233439,"0","ACTG1"
1.50140512796627e-07,0.929746923531588,0.263,0.154,0.00166610927050417,"0","IL10RA"
1.84847730580235e-07,0.295431371449495,0.822,0.734,0.00205125526624886,"0","RPL36AL"
2.69959152494211e-07,0.391588366545439,0.352,0.228,0.00299573671522826,"0","ABRACL"
3.29900869294921e-07,0.579809633864757,0.348,0.224,0.00366090994656574,"0","RWDD1"
4.66049725416169e-07,0.453823562688395,0.267,0.16,0.00517175380294322,"0","MAL"
5.90378501444624e-07,0.416191183957202,0.682,0.554,0.00655143023053099,"0","AES"
6.08917872410895e-07,0.331071014465284,0.569,0.409,0.0067571616301437,"0","HCST"
6.68934555027218e-07,0.713118970029022,0.263,0.157,0.00742316675713704,"0","SOCS3"
7.06819476529878e-07,0.282653994992275,0.698,0.558,0.00784357573105205,"0","EIF4A1"
7.5825720976522e-07,0.380223875841047,0.543,0.403,0.00841438025676465,"0","COX6C"
7.87269900233643e-07,0.703330977586468,0.257,0.152,0.00873633408289273,"0","P4HB"
8.2151811311554e-07,0.44801746659836,0.496,0.367,0.00911638650124315,"0","TPI1"
8.39539485237981e-07,0.564369103298812,0.474,0.353,0.00931636966768588,"0","HNRNPF"
9.15429642051035e-07,0.59857731926679,0.397,0.278,0.0101585227378403,"0","ATP5H"
1.13501547820231e-06,0.333935779189146,0.508,0.367,0.0125952667616111,"0","GUK1"
1.15066329260773e-06,0.356631698296209,0.53,0.398,0.012768910558068,"0","VAMP8"
1.15572590737098e-06,0.896601019491632,0.202,0.11,0.0128250903940958,"0","FYN"
1.20548012869845e-06,0.366288375072878,0.628,0.504,0.0133772129881667,"0","SSR4"
1.28988713213536e-06,0.519606416253828,0.336,0.225,0.0143138775053061,"0","PRDX1"
1.33437854436133e-06,0.565806193806015,0.316,0.201,0.0148075987067777,"0","TECR"
1.35050400116157e-06,0.332520271541478,0.64,0.515,0.01498654290089,"0","OST4"
1.35978886040436e-06,0.615669138034657,0.211,0.118,0.0150895769839072,"0","GPR183"
1.37462122888225e-06,0.504637825645913,0.516,0.392,0.0152541717769063,"0","COX5B"
1.46981023617684e-06,0.334136701152584,0.613,0.491,0.0163104841908544,"0","GTF3A"
1.79353079128965e-06,0.586076621027564,0.261,0.16,0.0199028111909413,"0","M6PR"
2.25325218089106e-06,0.699636872426595,0.249,0.149,0.0250043394513481,"0","LINC00936"
2.36188612256642e-06,0.84398639332821,0.229,0.136,0.0262098503021195,"0","NUTF2"
2.46366924870663e-06,0.348736483672326,0.342,0.225,0.0273393376528974,"0","C10orf54"
2.9143539862933e-06,0.700444878631356,0.356,0.245,0.0323405861858968,"0","PSMC5"
3.60786075954901e-06,0.254631214716781,0.621,0.471,0.0400364308487154,"0","IFITM1"
3.6496508675549e-06,0.795725084404285,0.32,0.218,0.0405001756772567,"0","TUBA4A"
3.71472623872684e-06,0.283372069763749,0.597,0.454,0.0412223170711518,"0","NOSIP"
4.18361312197636e-06,1.02080458791333,0.237,0.145,0.0464255548145717,"0","SUSD3"
4.24597877933126e-06,0.550248541891937,0.405,0.29,0.047117626514239,"0","SEPT9"
5.04750333008767e-06,0.496063089907903,0.504,0.387,0.0560121444539829,"0","PEBP1"
5.7639850316025e-06,0.426522156654826,0.547,0.443,0.0639629418956929,"0","CALM2"
5.96653723372484e-06,1.00850601174843,0.259,0.164,0.0662106636826445,"0","GNB2"
6.38453681641961e-06,0.29570071489018,0.589,0.485,0.0708492050518084,"0","NDUFA4"
6.61202829122607e-06,0.485187733597731,0.411,0.299,0.0733736779477357,"0","GIMAP5"
6.73959025114682e-06,0.326162520839672,0.545,0.431,0.0747892330169762,"0","GPX4"
7.51417312577521e-06,0.637277407793025,0.277,0.178,0.0833847791767275,"0","ZNHIT1"
7.51546760763277e-06,0.687276297205632,0.346,0.238,0.0833991440419009,"0","DYNLRB1"
9.25259371142865e-06,0.5112901698271,0.368,0.26,0.102676032415724,"0","MZT2A"
1.26125282973079e-05,0.820541874664587,0.247,0.159,0.139961226515226,"0","PDCD5"
1.51674023717028e-05,0.682584601880911,0.237,0.147,0.168312664118786,"0","TMED10"
1.5700053366718e-05,0.81204129730742,0.37,0.265,0.174223492210469,"0","TNFAIP8"
1.91007427893502e-05,0.727902874138103,0.211,0.127,0.211960942733419,"0","MYH9"
1.97329723349212e-05,0.548967058864943,0.534,0.428,0.21897679400062,"0","MT-ND5"
2.04809510515982e-05,0.63495759802672,0.348,0.248,0.227277113819585,"0","SEPT1"
2.22604181141375e-05,0.28640049363236,0.549,0.444,0.247023859812583,"0","RAN"
2.4120217832073e-05,0.447731444582973,0.403,0.295,0.267662057282514,"0","ANKRD12"
2.51238015213219e-05,0.280636648928771,0.54,0.425,0.278798825482109,"0","TAGLN2"
2.5595133308839e-05,0.457618236880636,0.462,0.359,0.284029194328187,"0","SPCS1"
2.95928043006614e-05,0.410872603809232,0.478,0.373,0.328391349324439,"0","CIB1"
3.59582672263721e-05,0.699710661907771,0.283,0.189,0.399028891411051,"0","TMEM219"
3.64593676879848e-05,0.405521147106584,0.494,0.386,0.404589603233567,"0","MIF"
3.79365392319195e-05,0.573927538361447,0.287,0.195,0.420981775856611,"0","METTL9"
3.94138130240458e-05,0.314312653068801,0.504,0.393,0.437375083127836,"0","HIGD2A"
3.95587129409018e-05,0.437882018819374,0.33,0.239,0.438983037505187,"0","HMGB2"
3.96803350246447e-05,0.419379432592945,0.46,0.356,0.440332677768483,"0","TCEB2"
4.31016713988515e-05,0.717052480460045,0.215,0.134,0.478299247513055,"0","PPP1R12A"
4.79411257845797e-05,0.408680843894639,0.626,0.521,0.532002672831481,"0","APRT"
4.96837530285044e-05,0.445179212506798,0.435,0.331,0.551340607357314,"0","YWHAZ"
5.20914837150069e-05,0.633710258307819,0.209,0.129,0.578059194785432,"0","FKBP11"
5.39892780220517e-05,0.51054755276957,0.245,0.156,0.599119018210708,"0","C1orf43"
5.5332734578375e-05,0.278926164732557,0.53,0.425,0.614027355616227,"0","CD69"
6.22507355632142e-05,0.365867800130379,0.366,0.265,0.690796412544988,"0","EIF3I"
6.48808054279332e-05,0.342425214371908,0.581,0.493,0.719982297833775,"0","HSP90AA1"
6.89919992018929e-05,0.399082903092363,0.308,0.218,0.765604215143405,"0","SEPW1"
0.000100171751750855,0.663362621943393,0.217,0.14,1,"0","DGCR6L"
0.000101922247968059,0.378141971220438,0.451,0.349,1,"0","JTB"
0.000108853262283613,0.469590878546712,0.219,0.143,1,"0","GOLGA7"
0.00011394273687206,0.362287592572476,0.494,0.391,1,"0","ANP32B"
0.000130972535223592,0.607094402296647,0.233,0.154,1,"0","USMG5"
0.000134683314838465,0.677699073876912,0.221,0.146,1,"0","RNF167"
0.000144808281906474,0.5573763620976,0.595,0.495,1,"0","CAPZB"
0.00014879464405051,0.395834428593642,0.316,0.225,1,"0","DUT"
0.000149758177848334,0.530132420481763,0.259,0.177,1,"0","MYEOV2"
0.00015573921358426,0.552672620041267,0.233,0.153,1,"0","MYO1G"
0.000156587056675639,0.487512786543975,0.221,0.146,1,"0","SQSTM1"
0.000166251774686908,0.269905289166583,0.636,0.526,1,"0","RPL41"
0.000184022848590203,0.595121760630571,0.221,0.147,1,"0","VPS29"
0.000187644162941784,0.521885385988925,0.298,0.217,1,"0","IDS"
0.000190830381238651,0.511901683404677,0.283,0.197,1,"0","H2AFV"
0.000201881659501817,0.57999095266641,0.498,0.404,1,"0","PPIB"
0.000217377044443403,0.548913331208118,0.269,0.187,1,"0","UBE2L3"
0.000223394765862273,0.665439225054499,0.395,0.304,1,"0","SF3B5"
0.000224592068972316,0.340389165388343,0.713,0.615,1,"0","GPSM3"
0.00023795614506169,0.704746251805069,0.253,0.173,1,"0","TRAM1"
0.000254755944115061,0.524604980551194,0.31,0.227,1,"0","ANXA11"
0.000259854116505941,0.582932351622657,0.247,0.169,1,"0","H2AFY"
0.000272799154165789,0.364893499880019,0.265,0.185,1,"0","TUFM"
0.000289343935100791,0.52818553245756,0.241,0.163,1,"0","NDUFAB1"
0.000354553705384542,0.686466294915594,0.296,0.217,1,"0","NDUFB4"
0.000388241342991898,0.511268909796583,0.324,0.243,1,"0","TMED2"
0.000390367808608508,0.41569787055151,0.425,0.338,1,"0","DAD1"
0.000416975777060242,0.571344377347445,0.366,0.277,1,"0","LEPROTL1"
0.000447519358776751,0.279323739235454,0.385,0.298,1,"0","C9orf16"
0.000453691503599625,0.368800737073607,0.423,0.332,1,"0","COPE"
0.000476624712930667,0.407913981991888,0.253,0.177,1,"0","DCTN3"
0.000480741305934756,0.440207071765618,0.273,0.194,1,"0","CHMP2A"
0.000510713027984319,0.39462882086549,0.372,0.283,1,"0","CD27"
0.000512942499338488,0.470923622328224,0.462,0.374,1,"0","ARF1"
0.000537604019187273,0.408589806414787,0.429,0.344,1,"0","COX7A2"
0.000550131109785451,0.435783934405404,0.348,0.26,1,"0","DHRS7"
0.000582129346542048,0.338804271011358,0.241,0.166,1,"0","CBX3"
0.000602094697259625,0.761771630040022,0.275,0.199,1,"0","RPN2"
0.000630791030917354,0.351535117025,0.468,0.382,1,"0","FOSB"
0.000652647075884643,0.44120907717689,0.255,0.181,1,"0","PDIA6"
0.000685807339029387,0.746431083905537,0.269,0.192,1,"0","NDUFC2"
0.000686026725310966,0.436886713474006,0.296,0.218,1,"0","UQCRQ"
0.000721057871725767,0.495586087079657,0.206,0.137,1,"0","TMED4"
0.000737679690473257,0.376481474155231,0.34,0.258,1,"0","TMEM258"
0.000792271855413027,0.432925752963951,0.561,0.48,1,"0","ENO1"
0.000835425320189593,0.633310730462316,0.223,0.154,1,"0","RER1"
0.000837357609237445,0.288478196471941,0.749,0.661,1,"0","ATP5E"
0.000854905894765922,0.428874888815007,0.46,0.377,1,"0","PTGES3"
0.00089980759776086,0.545300538371374,0.209,0.143,1,"0","KIF5B"
0.000948514719215664,0.33052684080916,0.354,0.267,1,"0","C9orf78"
0.00097412141464338,0.761576658076635,0.213,0.147,1,"0","CCDC107"
0.000989533592228054,0.529317223375237,0.441,0.353,1,"0","TRMT112"
0.00105878902217452,0.327877044493167,0.518,0.41,1,"0","CUTA"
0.00111152542099499,0.465867792503995,0.223,0.154,1,"0","CASP1"
0.00111511080557404,0.538964581587374,0.237,0.168,1,"0","ATP1A1"
0.00118757448332315,0.485020919116318,0.261,0.188,1,"0","STUB1"
0.00128291910924156,0.290195062739763,0.984,0.963,1,"0","H3F3B"
0.00130470488833185,0.529462334524111,0.211,0.147,1,"0","SAMHD1"
0.00130565273737244,0.370526751017609,0.419,0.329,1,"0","UFC1"
0.00135980100665701,0.495469510372318,0.411,0.33,1,"0","NDUFB11"
0.00137452614663579,0.462211348181115,0.221,0.157,1,"0","COPS6"
0.0014454344710174,0.558215777887177,0.255,0.186,1,"0","GADD45B"
0.00145391183634288,0.899098860633889,0.213,0.151,1,"0","CMTM7"
0.00147322698738198,0.294380393940337,0.346,0.271,1,"0","LRRFIP1"
0.00150532984792976,0.40866187990438,0.279,0.206,1,"0","SSB"
0.00152105802216365,0.36017966182613,0.379,0.303,1,"0","GABARAPL2"
0.00152605879182012,0.344772614427892,0.344,0.265,1,"0","GIMAP1"
0.00153816211581883,0.461813527954993,0.285,0.212,1,"0","MRPL23"
0.00164784063346254,0.423420697113786,0.263,0.191,1,"0","SIGIRR"
0.00177691582804603,0.432596671064511,0.251,0.183,1,"0","DEK"
0.00180114804534817,0.376481474155231,0.31,0.235,1,"0","CDC42SE2"
0.00182271814014755,0.321952977663064,0.455,0.375,1,"0","MZT2B"
0.00182757117820285,0.435860021234162,0.253,0.185,1,"0","MYLIP"
0.00193069232990127,0.411585275111146,0.215,0.151,1,"0","CARD16"
0.00193559242864974,0.292270694109235,0.755,0.676,1,"0","EIF3K"
0.00194081249470448,0.365867800130379,0.37,0.297,1,"0","XRCC6"
0.00195128091371959,0.479051207795778,0.425,0.341,1,"0","TMEM59"
0.00205376057631831,0.280113079682999,0.549,0.47,1,"0","COX6B1"
0.00208359345323276,0.301934520790177,0.275,0.203,1,"0","HSPE1"
0.00211871951430932,0.418023736398415,0.328,0.257,1,"0","SEC61B"
0.00222504735567595,0.560738766604908,0.553,0.472,1,"0","SRSF7"
0.00234174090555128,0.466845501807895,0.287,0.218,1,"0","TMEM50A"
0.00234207207793792,0.400955975220622,0.534,0.461,1,"0","SKP1"
0.00254697358804662,0.30668450720046,0.451,0.372,1,"0","NDUFA13"
0.00262506935027828,0.498653344149175,0.202,0.143,1,"0","C19orf24"
0.0028434709960117,0.476017147706145,0.229,0.166,1,"0","MRP63"
0.0029581175147054,0.373544191075678,0.312,0.241,1,"0","ECH1"
0.00362670565936548,0.493838424793389,0.374,0.299,1,"0","PPA1"
0.00365093972879926,0.337562484862928,0.271,0.206,1,"0","RNH1"
0.00406607529831771,0.435157381482838,0.237,0.176,1,"0","DSTN"
0.00428491190584513,0.259011340829459,0.571,0.493,1,"0","ATP6V0E1"
0.00441812122528296,0.259778517459447,0.283,0.214,1,"0","XRCC5"
0.00443319107011178,0.630745670361292,0.217,0.159,1,"0","BIRC3"
0.00446075759056776,0.345670327069702,0.375,0.31,1,"0","PRELID1"
0.00452033381626514,0.333889597430762,0.391,0.316,1,"0","SRP9"
0.00470387884529776,0.509119242733349,0.237,0.179,1,"0","GSTO1"
0.00474202963759775,0.528726002634044,0.241,0.18,1,"0","RALY"
0.00484809163485254,0.3616081976737,0.322,0.253,1,"0","PYURF"
0.00500993350285607,0.290397600072924,0.551,0.48,1,"0","UQCR11.1"
0.00511055847494832,0.41117419232139,0.208,0.15,1,"0","RHOF"
0.00530228717249012,0.287752555560899,0.484,0.409,1,"0","PARK7"
0.00531695059563518,0.305274523662811,0.348,0.278,1,"0","PSMB3"
0.00554779793663438,0.401419375905133,0.225,0.166,1,"0","PGAM1"
0.00624953202105699,0.295017373526334,0.374,0.303,1,"0","CALM3"
0.00639046198215374,0.428368215820199,0.206,0.15,1,"0","TCP1"
0.00678391948427904,0.558028843214296,0.261,0.2,1,"0","NDUFA12"
0.00679471166328278,0.267402027933445,0.204,0.147,1,"0","ADH5"
0.00713616004610205,0.371526592212466,0.429,0.361,1,"0","ICAM3"
0.00720258451083604,0.608385982544853,0.225,0.168,1,"0","RTN4"
0.00742106310994512,0.844882199032799,0.229,0.172,1,"0","RNF7"
0.00751745533980079,0.370812724068539,0.217,0.161,1,"0","PIN1"
0.00755786806451071,0.308736867519396,0.233,0.174,1,"0","EMC4"
0.00765137485223715,0.250818772888961,0.204,0.149,1,"0","PFDN2"
0.00798007529839036,0.611364839674875,0.275,0.213,1,"0","TERF2IP"
0.00856769533702188,0.36956206021544,0.217,0.162,1,"0","CCNDBP1"
0.00863079486640615,0.432254727273739,0.283,0.225,1,"0","GADD45GIP1"
0.00866230794999743,0.330187821881295,0.259,0.201,1,"0","C9orf142"
0.00873229357293476,0.323370137695668,0.245,0.189,1,"0","CRBN"
0.00875006983902443,0.254117871150055,0.334,0.265,1,"0","POLR2L"
0.00876844379083701,0.418893636838943,0.338,0.27,1,"0","CHMP4A"
0.00885178615153859,0.667530256158621,0.269,0.211,1,"0","KHDRBS1"
0.00885728358619732,0.45364933467769,0.211,0.158,1,"0","PPP1R7"
0.0092218377727553,0.508271346710772,0.208,0.156,1,"0","CFLAR"
0.00926900220127908,0.366239646405346,0.306,0.243,1,"0","ATP5J2"
0.00938382118106176,0.430062514360075,0.237,0.182,1,"0","TRAPPC6A"
0.00965476212907496,0.309649965677022,0.251,0.194,1,"0","ANXA7"
0.00985898831541526,0.568154713030302,0.3,0.236,1,"0","PDCD6"
1.90427990897112e-55,0.428733489737827,1,0.999,2.11317941498525e-51,"1","RPS27"
4.71273249779012e-48,0.399214280171451,1,0.999,5.2297192527977e-44,"1","RPL32"
4.90527169406963e-41,0.426141174329628,1,1,5.44337999890907e-37,"1","RPS12"
4.38263852535592e-40,0.408878833234111,1,1,4.86341397158747e-36,"1","RPS14"
2.54655326308353e-39,0.389567636946545,1,1,2.82591015604379e-35,"1","MALAT1"
6.99145936335868e-38,0.357532872340523,1,1,7.75842245551913e-34,"1","RPS6"
1.17464597911697e-35,0.38267235738898,1,0.998,1.3035046430261e-31,"1","RPS15A"
2.92142198267376e-35,1.59467253196767,0.512,0.207,3.24190197417307e-31,"1","CCR7"
7.96175493129267e-35,0.427707255222023,1,0.998,8.83515944725548e-31,"1","RPS3A"
2.46749045777305e-34,0.427577873365687,1,0.997,2.73817416099075e-30,"1","RPL31"
1.53075327497688e-33,0.589560859933001,0.97,0.723,1.69867690924184e-29,"1","LDHB"
8.83369486798289e-33,0.384355820276456,1,0.997,9.80275119500062e-29,"1","RPL30"
1.08991502810678e-32,0.455537547153102,1,0.988,1.20947870669009e-28,"1","RPS13"
2.45894944539187e-32,0.381268803815199,1,1,2.72869619955136e-28,"1","RPL21"
2.36025149866758e-31,0.40094388609904,1,0.995,2.61917108807141e-27,"1","RPL35A"
2.25882900690638e-30,0.397739717091543,1,0.992,2.50662254896401e-26,"1","RPS25"
2.87962309802627e-30,0.340926962582975,1,1,3.19551775187975e-26,"1","RPL3"
1.28270763213884e-29,0.379649141967966,1,0.994,1.42342065938447e-25,"1","RPS16"
2.32314839201286e-29,0.34814138363333,1,0.999,2.57799777061667e-25,"1","RPLP2"
6.95849742007567e-29,0.304615930896214,1,1,7.72184458705797e-25,"1","RPS3"
1.02788758839358e-28,0.358746791586543,1,0.998,1.14064685684036e-24,"1","RPL9"
7.79732259807116e-28,2.31912356006199,0.263,0.065,8.65268888707957e-24,"1","FHIT"
2.92401017280989e-27,0.318252985414407,1,1,3.24477408876714e-23,"1","RPL13"
4.04837461900493e-26,0.344684438252696,1,0.999,4.49248131470977e-22,"1","RPS27A"
5.61720736661371e-26,0.915008589063225,0.694,0.426,6.23341501473124e-22,"1","NOSIP"
2.76110745651911e-24,0.258771475982098,1,1,3.06400094449926e-20,"1","RPL11"
5.28281932799961e-23,0.721198388585542,0.829,0.538,5.86234460828117e-19,"1","CD3D"
2.58001614170198e-21,0.47128971595885,0.956,0.879,2.86304391244669e-17,"1","NPM1"
4.69571146937948e-21,0.294025533596376,1,1,5.21083101757041e-17,"1","RPS4X"
1.48592509075487e-20,0.435767443447931,0.995,0.988,1.64893107321068e-16,"1","RPL7"
2.09442114403383e-20,0.400061320807976,0.998,0.959,2.32417914353435e-16,"1","RPS29"
3.61177515703823e-20,0.3581704641938,0.998,0.978,4.00798689176533e-16,"1","RPS20"
1.28063382599789e-19,0.260569677558955,1,0.999,1.42111935670986e-15,"1","EEF1A1"
2.17747211089887e-19,0.634625385789916,0.735,0.524,2.41634080146448e-15,"1","C6orf48"
4.18564929822903e-19,0.261435451675825,1,0.996,4.64481502624475e-15,"1","RPS23"
2.18256697537967e-18,0.328637672128714,1,0.988,2.42199457257882e-14,"1","RPS28"
9.26384002940644e-18,1.08742826596131,0.546,0.321,1.02800832806323e-13,"1","RGS10"
1.02222108074063e-17,0.997466673943331,0.488,0.267,1.13435873329787e-13,"1","PIK3IP1"
5.21809219801005e-17,0.596710613902223,0.744,0.509,5.79051691213175e-13,"1","CD3E"
1.61332606922285e-16,0.306554560945551,0.998,0.966,1.7903079390166e-12,"1","RPL24"
5.41728383125612e-16,1.19595232731942,0.366,0.179,6.01155986754492e-12,"1","PRKCQ-AS1"
1.82686369067513e-15,0.408883169713729,0.949,0.858,2.02727063754219e-11,"1","RPL23"
2.58826731115664e-15,0.285391000280314,1,0.996,2.87220023519053e-11,"1","RPL5"
3.30438906445289e-15,0.470570009383265,0.873,0.783,3.66688054482337e-11,"1","TOMM7"
4.10287417518256e-15,0.520620757087084,0.882,0.767,4.55295947220009e-11,"1","TMEM66"
8.10133026842361e-15,1.11740749170459,0.362,0.179,8.99004619886968e-11,"1","LEF1"
2.46134170781575e-14,0.483605853519472,0.956,0.882,2.73135089316314e-10,"1","GLTSCR2"
1.98926841584246e-13,0.352743412260552,0.979,0.903,2.20749116106037e-09,"1","RPL38"
2.10120702199518e-13,0.784473594531292,0.412,0.223,2.33170943230805e-09,"1","TCF7"
9.02193755146709e-13,0.269099309870028,1,0.994,1.0011644100863e-08,"1","RPS9"
1.37733319725554e-12,0.313662002513637,0.975,0.922,1.52842664899447e-08,"1","RPL36A"
1.99741137369476e-12,0.26195956072503,1,0.996,2.21652740138907e-08,"1","RPL10A"
2.250159762091e-12,0.724107394676907,0.272,0.125,2.49700228799238e-08,"1","LDLRAP1"
3.10491471437748e-12,0.28478615241885,0.995,0.972,3.44552385854469e-08,"1","RPL36"
6.36842792461046e-12,0.303157398714087,0.982,0.958,7.06704446794023e-08,"1","RPS26"
1.7493469198558e-11,0.305265432489527,0.965,0.931,1.94125027696399e-07,"1","BTG1"
2.87495755333989e-11,0.739874710535224,0.438,0.263,3.19034039694128e-07,"1","CD27"
4.6490482092789e-11,0.395779032397109,0.931,0.847,5.1590487978368e-07,"1","RPL22"
6.05178300710807e-11,1.25882304979417,0.228,0.102,6.71566360298782e-07,"1","NUCB2"
1.17415372294796e-10,1.18232062879438,0.3,0.154,1.30295838635535e-06,"1","MAL"
1.78207470359212e-10,1.08410353039779,0.293,0.152,1.97756829857618e-06,"1","SOCS3"
2.01392719230799e-10,0.935666114203454,0.456,0.289,2.23485500530417e-06,"1","GIMAP5"
2.48208419295726e-10,0.267254320141386,0.961,0.896,2.75436882892467e-06,"1","RPS4Y1"
4.53255109437861e-10,0.567690864262627,0.673,0.498,5.02977194943194e-06,"1","GIMAP7"
5.81162193170573e-10,0.381089971290407,0.935,0.936,6.44915685761385e-06,"1","RPL34"
1.09382157113408e-09,0.382542336165558,0.94,0.932,1.21381379748749e-05,"1","JUNB"
1.64206210575367e-09,0.598859022833614,0.417,0.263,1.82219631875485e-05,"1","LEPROTL1"
1.07274693800477e-08,0.690516586681961,0.449,0.305,0.00011904272771039,"1","NDFIP1"
1.07471682892511e-08,1.40088528675016,0.265,0.143,0.00011926132650582,"1","AIF1"
1.82294312675403e-08,0.431837522392979,0.594,0.419,0.000202291998775894,"1","CD7"
2.59611164317982e-08,1.16660924216849,0.233,0.121,0.000288090509043664,"1","OXNAD1"
4.18233211909529e-08,0.540076309548708,0.465,0.314,0.000464113395256005,"1","FYB"
7.00136532387194e-08,1.00902090057141,0.21,0.106,0.000776941509990069,"1","TRABD2A"
3.28502584173452e-07,0.286150136290994,0.929,0.866,0.0036453931765728,"1","PABPC1"
6.49606613539003e-07,0.623654267968913,0.424,0.3,0.00720868459044231,"1","GYPC"
7.4566805454484e-07,0.721040137607389,0.309,0.193,0.00827467840128409,"1","TRAT1"
1.32227567084392e-06,0.682439628962994,0.376,0.258,0.0146732931193549,"1","GIMAP1"
1.41504963885425e-06,0.583095085149834,0.353,0.232,0.0157028058423656,"1","CD3G"
4.41737282478035e-06,0.630977608774771,0.263,0.164,0.0490195862365875,"1","MYC"
5.96650992708149e-06,0.307460642536406,0.44,0.319,0.0662103606608233,"1","CYTIP"
6.03719356567694e-06,0.757357634521101,0.435,0.321,0.066994736998317,"1","C12orf57"
1.33531772938293e-05,0.46867517451294,0.472,0.364,0.148180208429624,"1","EIF3E"
2.16966834263764e-05,0.279299396802577,0.514,0.398,0.240768095982499,"1","GIMAP4"
2.26800049834196e-05,0.511680751857671,0.479,0.368,0.251680015301007,"1","BTG2"
2.60523004585164e-05,0.53562913832152,0.35,0.241,0.289102378188156,"1","RGCC"
2.61082971285544e-05,0.457860638867141,0.611,0.51,0.289723773235568,"1","SOD1"
2.74096108686555e-05,0.437757903921868,0.59,0.448,0.30416445180947,"1","IL7R"
3.2272573581789e-05,0.358152605631317,0.553,0.447,0.358128749037113,"1","TMEM123"
3.54629726693451e-05,0.577339645172698,0.279,0.184,0.393532607711723,"1","FLT3LG"
5.94506150846429e-05,0.764260666206511,0.242,0.159,0.659723475594283,"1","AAK1"
6.18501451487216e-05,0.262092615025607,0.954,0.9,0.686351060715363,"1","BTF3"
6.73314687989388e-05,0.719514283376428,0.203,0.123,0.747177309261823,"1","BEX2"
7.33346442803443e-05,0.35603616576128,0.555,0.449,0.813794547578981,"1","VAMP2"
8.0052962898829e-05,0.414115596602679,0.585,0.5,0.888347729288306,"1","TRAF3IP3"
0.000107965788466379,0.579033059826598,0.23,0.148,1,"1","DCXR"
0.000132625287643627,0.413276882763045,0.505,0.402,1,"1","ST13"
0.000136805078383166,0.500324294078325,0.247,0.162,1,"1","NECAP2"
0.000138193349682261,0.3148765889618,0.809,0.755,1,"1","SRSF5"
0.000143083624292238,0.418183674259893,0.389,0.297,1,"1","PPA1"
0.000241650024642564,0.608031175778203,0.403,0.305,1,"1","RSL1D1"
0.000312027472501716,0.427499721106778,0.498,0.4,1,"1","LCK"
0.000321334678484094,0.45975116837587,0.353,0.261,1,"1","OCIAD2"
0.000372175817885604,0.287210689856915,0.753,0.679,1,"1","COX7C"
0.000408329875233705,0.390532543609582,0.23,0.153,1,"1","SUSD3"
0.000502471918813685,0.612130748002829,0.41,0.315,1,"1","CCDC109B"
0.000527055415574263,1.01008287709407,0.217,0.142,1,"1","ITM2A"
0.000674247812852386,0.595174235071192,0.203,0.134,1,"1","MGAT4A"
0.000832294116837107,0.571046590015411,0.293,0.213,1,"1","MRPS21"
0.00132187176043331,0.603953690047498,0.23,0.162,1,"1","MFNG"
0.00143786186289658,0.460028944623706,0.332,0.256,1,"1","TOMM20"
0.00145844206529569,0.416109646734767,0.318,0.237,1,"1","LAT"
0.00166029515169472,0.351126877396406,0.491,0.413,1,"1","CD44"
0.00173972011799489,0.587627906252746,0.267,0.198,1,"1","PSIP1"
0.00197694576466172,0.571360492331899,0.219,0.155,1,"1","STAT3"
0.00347991989971295,0.348186375621178,0.38,0.305,1,"1","CALM3"
0.00362492238585664,0.721226004013326,0.539,0.459,1,"1","UBXN1"
0.00424197556930921,0.46725608925136,0.32,0.254,1,"1","RPL39"
0.00460276570050712,0.677093526930373,0.226,0.166,1,"1","STK17B"
0.00480441648911531,0.38401023921019,0.311,0.245,1,"1","EEF1G"
0.00634134332270919,0.291509656297059,0.378,0.308,1,"1","SEPT9"
0.00724980978809211,0.486526746800782,0.2,0.146,1,"1","TPR"
1.03950825662701e-268,6.60134027453119,0.932,0.042,1.15354231237899e-264,"2","CD79A"
1.80366624333006e-266,7.09309412944334,0.884,0.02,2.00152843022337e-262,"2","HLA-DQA1"
1.07725693947256e-242,5.2208581289012,0.979,0.126,1.1954320257327e-238,"2","HLA-DRB1"
2.16118461234458e-230,5.651063707179,0.854,0.046,2.39826656431878e-226,"2","HLA-DRB5"
3.74867736511764e-229,5.56384951356796,0.851,0.045,4.15990727207104e-225,"2","MS4A1"
1.68701246243604e-228,5.4949192529323,0.869,0.056,1.87207772956527e-224,"2","HLA-DQB1"
2.57247084305073e-214,4.80361008627946,0.914,0.115,2.85467089453339e-210,"2","CD79B"
1.27398325420419e-213,4.55132777211815,0.985,0.215,1.41373921719039e-209,"2","HLA-DPA1"
2.20037409991426e-213,4.74155801445443,0.988,0.238,2.44175513867485e-209,"2","HLA-DPB1"
1.17959849493132e-211,5.79172234893544,1,0.287,1.30900044982528e-207,"2","HLA-DRA"
4.8023568251754e-180,4.36888765187934,1,0.749,5.32917536889714e-176,"2","CD74"
8.1991241934455e-174,5.40749843131394,0.69,0.038,9.09856811746647e-170,"2","HLA-DMA"
2.56423426001947e-168,6.74940343164679,0.622,0.02,2.84553075834361e-164,"2","TCL1A"
3.93521797294986e-156,6.91319218203114,0.551,0.008,4.36691138458246e-152,"2","LINC00926"
2.53773741754065e-142,6.4464925629298,0.515,0.01,2.81612721224486e-138,"2","HLA-DQA2"
1.40144301066234e-139,7.29257987947612,0.488,0.005,1.55518130893199e-135,"2","VPREB3"
8.97327193569772e-128,2.16975073767541,0.979,0.714,9.95763986704376e-124,"2","CD37"
1.11686121332778e-126,4.55979212704437,0.542,0.031,1.23938088842984e-122,"2","HLA-DMB"
3.40320681528606e-113,5.00750936802592,0.467,0.021,3.77653860292294e-109,"2","LY86"
5.31718841816737e-107,4.2114725332656,0.5,0.038,5.90048398764033e-103,"2","HVCN1"
4.10574254732971e-104,6.6428897757333,0.381,0.006,4.55614250477178e-100,"2","FCER2"
4.80990763694282e-102,4.33796810615163,0.473,0.034,5.33755450471545e-98,"2","BANK1"
5.87889283636257e-84,6.23408423016597,0.312,0.005,6.52380738051154e-80,"2","TSPAN13"
4.63407660283525e-81,4.45877089270824,0.387,0.028,5.14243480616628e-77,"2","IRF8"
1.76139224855196e-75,5.96772946604057,0.292,0.007,1.95461697821812e-71,"2","FCRLA"
8.67078177373907e-72,5.47891404062218,0.283,0.007,9.62196653431825e-68,"2","BLK"
1.02364326469033e-70,5.26525224825965,0.286,0.009,1.13593693082686e-66,"2","HLA-DOB"
5.15742209423179e-69,5.30999056302494,0.28,0.009,5.72319129796902e-65,"2","PKIG"
1.71018883308079e-68,4.26206799179237,0.312,0.018,1.89779654806975e-64,"2","PDLIM1"
1.15691361354634e-67,4.3585448636541,0.327,0.024,1.28382703695237e-63,"2","EAF2"
7.33197304323131e-67,4.72826353134518,0.286,0.012,8.13629048607379e-63,"2","GNG7"
6.58030941063314e-65,4.51178402318152,0.28,0.012,7.3021693529796e-61,"2","CD40"
1.66658917793295e-63,4.60228723553722,0.283,0.015,1.8494140107522e-59,"2","MARCH1"
3.27532591300808e-63,5.62234239832922,0.25,0.007,3.63462916566507e-59,"2","SPIB"
7.24756635487257e-63,5.18345815709601,0.262,0.01,8.04262438400209e-59,"2","CD72"
5.68485990294168e-60,4.65671027032014,0.265,0.013,6.30848903429438e-56,"2","MEF2C"
1.04550410119089e-56,5.92042375126221,0.217,0.004,1.16019590109153e-52,"2","KIAA0125"
1.12088711164383e-56,5.76842065781716,0.217,0.004,1.24384842779116e-52,"2","CD19"
5.04257211678909e-56,5.32096168084594,0.229,0.007,5.59574227800085e-52,"2","BLNK"
1.96435642491278e-55,7.7793089739599,0.229,0.008,2.17984632472571e-51,"2","IGLL5"
6.5949369535017e-54,5.54602823648071,0.211,0.005,7.31840153730084e-50,"2","PNOC"
6.46192161396591e-53,2.94529841990124,0.39,0.07,7.17079441501797e-49,"2","NCF1"
9.9708277161647e-53,4.39550863421099,0.259,0.019,1.1064627516628e-48,"2","P2RX5"
3.33510966120489e-52,5.51360675878834,0.205,0.005,3.70097119103906e-48,"2","GAPT"
7.01150135728978e-52,3.55146212253134,0.318,0.04,7.78066305618447e-48,"2","SMIM14"
1.39310397583877e-50,4.47623990632385,0.229,0.012,1.54592748198829e-46,"2","SWAP70"
1.57488659772375e-48,2.38785089502123,0.458,0.117,1.74765165749405e-44,"2","SNX2"
1.71188486560141e-46,0.676106900102424,1,0.971,1.89967863535788e-42,"2","RPS11"
4.20564835511061e-46,2.86858481974259,0.369,0.075,4.66700797966625e-42,"2","FAM26F"
6.19945131337297e-44,3.94899290345898,0.217,0.016,6.87953112244998e-40,"2","FCRL1"
1.22526862751383e-43,2.99903358595858,0.31,0.05,1.35968059595209e-39,"2","CYB561A3"
2.61216100685299e-43,3.97700727962858,0.217,0.016,2.89871506930476e-39,"2","RNASE6"
1.16943293263987e-42,3.0872428418367,0.301,0.048,1.29771972535046e-38,"2","PPAPDC1B"
1.39952525157319e-42,3.63411956610557,0.223,0.019,1.55305317167077e-38,"2","CD22"
5.98953462784269e-39,3.18933472343267,0.262,0.038,6.64658657651703e-35,"2","QRSL1"
2.76279985973208e-37,2.86153006220864,0.286,0.051,3.06587900434469e-33,"2","PLEKHF2"
4.85277941558449e-36,3.36676537045906,0.211,0.023,5.38512931747411e-32,"2","LYL1"
3.92001083428133e-33,0.430039831401841,1,1,4.35003602280199e-29,"2","RPL18A"
1.03149730235098e-32,1.10564192931036,0.875,0.768,1.14465255641888e-28,"2","LAPTM5"
8.26831249978645e-32,3.02898680806021,0.25,0.045,9.17534638101303e-28,"2","LAT2"
1.39083059650191e-29,0.74783207644772,0.911,0.749,1.54340471293817e-25,"2","CYBA"
2.50766523074065e-29,2.57773709620805,0.262,0.057,2.78275610655289e-25,"2","STX7"
1.08964791904702e-27,0.852459071793646,0.887,0.755,1.20918229576648e-23,"2","ARPC3"
5.48215373312866e-27,2.48602092711644,0.25,0.056,6.08354599765287e-23,"2","POU2F2"
1.55533950332747e-26,0.483664970648063,1,0.986,1.72596024684249e-22,"2","FTL"
2.00066279751563e-25,2.49116161226353,0.205,0.038,2.2201355064031e-21,"2","CXXC5"
1.18072426283213e-24,2.31028817933149,0.241,0.057,1.31024971446481e-20,"2","TPD52"
2.65441495236903e-24,2.58322889972154,0.208,0.042,2.94560427264392e-20,"2","SCPEP1"
6.84667508393945e-24,0.601013927111811,0.943,0.868,7.5977553406476e-20,"2","OAZ1"
1.18888358384573e-22,2.35392644419373,0.211,0.047,1.31930411299361e-18,"2","ORAI2"
6.12208812747382e-21,2.18345815709601,0.232,0.062,6.79368119505769e-17,"2","LYN"
3.36877043110791e-19,0.539256453000173,0.964,0.911,3.73832454740044e-15,"2","CD52"
3.92223336784229e-19,0.299907427528368,1,0.996,4.35250236829458e-15,"2","RPS5"
5.59363647673843e-19,1.62327322940925,0.488,0.261,6.20725839823664e-15,"2","SNHG7"
1.23410852159972e-18,2.04794318643952,0.259,0.084,1.36949022641921e-14,"2","PRKCB"
1.77786232737698e-17,0.761501243877371,0.827,0.68,1.97289382469023e-13,"2","CXCR4"
1.90831122868237e-17,1.21569580583373,0.568,0.367,2.11765297046882e-13,"2","SNX3"
2.33531777658651e-17,0.312407813030633,1,0.994,2.59150213667805e-13,"2","RPL8"
1.64647096906929e-16,0.314538574194516,1,0.997,1.82708883437619e-12,"2","RPS23"
4.699975161838e-16,0.316688564010761,1,0.998,5.21556243709163e-12,"2","MT-CO1"
4.85046736752403e-15,0.921159776846983,0.676,0.523,5.38256363774142e-11,"2","ISG20"
6.56996722395386e-14,0.290384081351962,1,0.994,7.2906926284216e-10,"2","FAU"
2.35995968188169e-13,1.22170562645297,0.464,0.272,2.61884725898411e-09,"2","POLD4"
4.17576026697053e-13,1.3503688618976,0.292,0.13,4.6338411682572e-09,"2","SYPL1"
1.09201641420226e-11,0.869392179981613,0.515,0.35,1.21181061484025e-07,"2","CTSS"
2.44974376414893e-11,0.326533211089346,1,0.993,2.71848065507606e-07,"2","GNB2L1"
2.7323807703995e-11,0.890676407868159,0.253,0.111,3.03212294091232e-07,"2","DRAM2"
3.39708996943895e-11,1.06981426392863,0.399,0.233,3.7697507390864e-07,"2","FAIM3"
4.29634351465586e-11,1.06234907159674,0.36,0.197,4.7676523982136e-07,"2","PTPN6"
7.77016988276932e-11,1.05186127431279,0.211,0.086,8.62255751890911e-07,"2","NT5C"
1.10563715977676e-10,1.40209844357135,0.253,0.115,1.22692555620427e-06,"2","CAPG"
1.66755064768211e-10,1.10664256004517,0.247,0.111,1.85048095373284e-06,"2","SPINT2"
6.10266890721436e-10,1.30778629209821,0.253,0.12,6.77213168633578e-06,"2","BLOC1S2"
6.74075963876098e-09,0.975349961765805,0.315,0.178,7.48022097113306e-05,"2","RCSD1"
1.17168685897919e-08,1.42648260219831,0.312,0.176,0.000130022090740921,"2","RPL22L1"
1.24292390674838e-08,1.42170946199991,0.217,0.104,0.000137927265931868,"2","ADK"
2.60069119225272e-08,1.31404226690615,0.214,0.103,0.000288598701604284,"2","SMARCB1"
5.65406988838432e-08,0.443304285298752,0.869,0.799,0.000627432135514008,"2","PTPRCAP"
9.71708646181058e-08,0.361200412389347,0.753,0.69,0.00107830508466712,"2","LIMD2"
9.83068973258548e-08,0.648273217399907,0.562,0.437,0.00109091163962501,"2","PLAC8"
1.44467114676883e-07,1.09260472664489,0.274,0.156,0.00160315157156937,"2","HERPUD1"
2.54197329202741e-07,0.490692366840334,0.214,0.108,0.00282082776216282,"2","PARP1"
3.11962544765817e-07,1.25580900132069,0.205,0.104,0.00346184835926627,"2","LTA4H"
5.47295977936765e-07,0.471941399541466,0.89,0.86,0.00607334346716428,"2","EEF2"
7.3791002887136e-07,0.523064539324631,0.857,0.789,0.00818858759038549,"2","YBX1"
1.1255628641776e-06,1.02842737095339,0.256,0.147,0.0124903711037788,"2","LSM10"
4.7782907583283e-06,0.428570654932537,0.631,0.509,0.0530246925451692,"2","CLIC1"
6.41292319416654e-06,0.937661131424613,0.253,0.152,0.0711642086856661,"2","RNASEH2B"
1.16205234725261e-05,0.525739313939535,0.327,0.215,0.128952948974622,"2","ZFP36L1"
1.43170277849532e-05,0.741474310190935,0.256,0.156,0.158876057329625,"2","BIRC3"
1.63286110226197e-05,0.640450972816228,0.345,0.235,0.181198596518011,"2","SP110"
2.91556514599744e-05,0.90352415087327,0.262,0.167,0.323540264251336,"2","EZR"
5.85670538497353e-05,0.842505236526887,0.253,0.161,0.649918596570513,"2","CHCHD10"
8.55082075038891e-05,0.388171769760216,0.649,0.58,0.948884578670657,"2","ATP6V1G1"
9.40009806104813e-05,0.736775031200696,0.327,0.233,1,"2","SEC62"
9.75198680270859e-05,1.4301907506007,0.214,0.132,1,"2","ARL4A"
0.000173397373664009,0.43922456246576,0.521,0.415,1,"2","SAT1"
0.000380840518026721,1.01732473481607,0.241,0.157,1,"2","EIF1B"
0.000555489372069547,0.477674218178079,0.455,0.361,1,"2","C11orf31"
0.000629277398905566,0.726093437151621,0.28,0.198,1,"2","PAPOLA"
0.000717988327136314,0.525675591263463,0.583,0.532,1,"2","UCP2"
0.00105999429907054,0.55523638326325,0.36,0.28,1,"2","EVI2B"
0.00174858560552523,0.276567561487487,0.161,0.243,1,"2","BTN3A2"
0.00175267762495729,0.313680734504586,0.449,0.367,1,"2","SH3BGRL"
0.0023547984700624,0.535456289063727,0.47,0.404,1,"2","PNISR"
0.00260170622099178,0.717939208579793,0.205,0.142,1,"2","MOB1A"
0.00268523820120344,0.56077599042569,0.321,0.251,1,"2","GDI2"
0.00288080937979226,0.744666304517744,0.315,0.246,1,"2","NPC2"
0.00303011963660563,0.581422143015907,0.292,0.219,1,"2","TMEM243"
0.00372681075409829,0.520986289153934,0.342,0.267,1,"2","SP100"
0.00664003479763617,0.463138125020198,0.506,0.459,1,"2","RNASET2"
0.00835507093707768,0.393381226470237,0.229,0.168,1,"2","CSK"
0.00839542812701617,1.08979904988176,0.304,0.242,1,"2","RASGRP2"
2.93984800994862e-258,7.32905350403954,0.966,0.029,3.26234933663998e-254,"3","GZMB"
2.0440315645598e-232,7.63919352478267,0.871,0.025,2.26826182719201e-228,"3","FGFBP2"
1.58805465831883e-216,6.49553824017767,0.952,0.053,1.76226425433641e-212,"3","PRF1"
4.1170628108091e-205,6.16571999825841,0.946,0.061,4.56870460115486e-201,"3","CST7"
1.34687861206165e-201,5.80032474424773,0.946,0.062,1.49463119580481e-197,"3","GZMA"
6.53453546506636e-192,5.90291268120848,0.844,0.042,7.25137400558414e-188,"3","FCGR3A"
3.35482425695436e-187,7.67597733687481,0.973,0.093,3.72284847794225e-183,"3","GNLY"
6.9064368831446e-186,7.50361663146543,1,0.108,7.66407300922557e-182,"3","NKG7"
3.07998640151281e-182,6.28860716179351,0.735,0.025,3.41786090975877e-178,"3","SPON2"
5.97248532656494e-172,6.73074580683146,0.721,0.028,6.62766696688911e-168,"3","CCL4"
1.28193960369826e-164,7.13627622036593,0.558,0.006,1.42256837822396e-160,"3","KLRD1"
2.67559681463682e-163,7.76815976847458,0.565,0.007,2.96910978520248e-159,"3","IGFBP7"
1.47757718062554e-159,7.71184002308484,0.531,0.004,1.63966739734017e-155,"3","XCL2"
6.92835048947566e-154,6.72123872108709,0.605,0.017,7.68839053817114e-150,"3","GZMH"
1.39721838929803e-152,4.94376592964659,0.871,0.087,1.55049324660402e-148,"3","FCER1G"
8.06648903539377e-146,6.18237263495539,0.578,0.016,8.95138288257646e-142,"3","CLIC3"
1.79115638404893e-143,4.72391285538541,0.918,0.122,1.9876462393791e-139,"3","TYROBP"
4.12795180408763e-131,6.80237548381249,0.469,0.007,4.58078811699605e-127,"3","AKR1C3"
5.50753035635124e-126,4.19724183842195,0.986,0.206,6.11170643644297e-122,"3","CTSW"
4.1194759088788e-117,6.1231008316182,0.449,0.01,4.5713824160828e-113,"3","TTC38"
5.04734700181094e-110,6.33980961445106,0.395,0.006,5.6010409679096e-106,"3","PRSS23"
3.43155334813693e-108,6.18780652100601,0.395,0.006,3.80799475042755e-104,"3","S1PR5"
4.2309555647637e-107,7.82659172123332,0.347,0.001,4.69509139021827e-103,"3","XCL1"
6.12421947294191e-98,4.82949161173911,0.449,0.019,6.79604634912364e-94,"3","MATK"
1.7830832831905e-91,3.53245469239346,0.612,0.063,1.9786875193565e-87,"3","APMAP"
2.8254193220806e-90,4.45645453330334,0.483,0.031,3.13536782171284e-86,"3","IL2RB"
2.49043207007998e-89,7.04316681597445,0.299,0.002,2.76363246816776e-85,"3","C1orf21"
3.83282072977884e-88,4.06039181487966,0.66,0.086,4.25328116383558e-84,"3","HOPX"
1.53456429433011e-87,6.38518951795507,0.313,0.004,1.70290599741812e-83,"3","GPR56"
3.78647214675677e-87,7.01669460461326,0.293,0.002,4.20184814125599e-83,"3","SH2D1B"
1.62476338229388e-82,6.19469290659126,0.32,0.007,1.80299992533151e-78,"3","HAVCR2"
2.31183017149516e-75,5.61795091267507,0.429,0.032,2.56543794130818e-71,"3","CCL3"
5.19773026768852e-74,3.32167855842719,0.571,0.071,5.76792127805395e-70,"3","RHOC"
1.25631563744963e-73,1.36082658756596,1,0.996,1.39413346287785e-69,"3","HLA-C"
5.17210239499457e-71,2.64411339989576,0.912,0.385,5.73948202772547e-67,"3","SRGN"
1.02290863304147e-70,3.2016200963747,0.857,0.266,1.13512171008612e-66,"3","CD247"
2.7505407505875e-70,4.73429487391254,0.701,0.166,3.05227507092694e-66,"3","CCL5"
1.20784534203219e-69,5.47480082578399,0.279,0.007,1.34034597605312e-65,"3","KLRF1"
2.36643835288757e-67,2.95795946218779,0.789,0.203,2.62603664019933e-63,"3","GZMM"
1.16440447304183e-66,0.944535313707328,1,1,1.29213964373452e-62,"3","B2M"
1.16355532669914e-65,2.84902557711132,0.68,0.13,1.29119734603804e-61,"3","CTSC"
2.94368309442499e-65,4.5613673843087,0.327,0.017,3.26660512988341e-61,"3","CX3CR1"
3.48788816281862e-65,3.34272709783336,0.517,0.065,3.87050949427983e-61,"3","EFHD2"
4.67388371792179e-65,3.0179972638809,0.735,0.181,5.18660876177781e-61,"3","CD63"
1.3018314469158e-64,3.18905076001448,0.558,0.079,1.44464235664246e-60,"3","TPST2"
1.62099739607403e-63,6.65412452522855,0.231,0.004,1.79882081042335e-59,"3","CD160"
1.00678173435026e-62,5.424745673576,0.306,0.015,1.11722569060848e-58,"3","PTGDR"
2.49256924626386e-62,5.08492934036571,0.265,0.009,2.76600409257901e-58,"3","ASCL2"
8.83159974872207e-60,4.11844292727861,0.333,0.022,9.80042624115689e-56,"3","PLEKHF1"
1.6028344241842e-59,2.64806822530846,0.837,0.302,1.7786653605172e-55,"3","ITGB2"
2.12746130198056e-59,4.39931062619973,0.306,0.017,2.36084380680782e-55,"3","TBX21"
6.05245770463382e-59,3.86384311652989,0.395,0.038,6.71641231483216e-55,"3","CD300A"
6.90614933339785e-59,6.61935910706787,0.204,0.002,7.6637539152716e-55,"3","RAMP1"
6.70284720804632e-58,2.36515833459116,0.81,0.235,7.43814954676901e-54,"3","ID2"
1.76461357097963e-56,5.15992748843058,0.231,0.006,1.9581916797161e-52,"3","FCRL6"
8.94139809149644e-55,3.45056874590496,0.449,0.059,9.9222694621336e-51,"3","PLEK"
1.45724716382188e-53,1.45366031745948,0.993,0.93,1.61710717769314e-49,"3","PFN1"
7.36815511528745e-52,1.11699791782439,1,0.987,8.17644173143448e-48,"3","HLA-A"
2.09366825219198e-51,1.13701647422454,1,0.956,2.32334365945744e-47,"3","HLA-B"
1.8028700753458e-49,3.37103617220455,0.422,0.057,2.00064492261123e-45,"3","ABI3"
9.95604033178819e-49,3.34796374619951,0.367,0.041,1.10482179561854e-44,"3","AOAH"
3.23114278381542e-46,1.9855710982553,0.864,0.422,3.58559914719997e-42,"3","PLAC8"
4.58580684866175e-45,1.62071503656327,0.973,0.765,5.08886985995994e-41,"3","CYBA"
7.94131666510177e-44,2.61438051478198,0.503,0.099,8.81247910326343e-40,"3","C12orf75"
1.23482555790238e-43,2.70493690875799,0.524,0.108,1.37028592160427e-39,"3","MYO1F"
3.21019634143634e-43,4.34426926264176,0.218,0.011,3.56235488009191e-39,"3","CHST2"
2.91834677965193e-42,2.62340534276718,0.51,0.108,3.23848942137974e-38,"3","CTSD"
1.56037442108065e-41,1.88133510516129,0.878,0.425,1.7315474950732e-37,"3","CD7"
4.14636022176118e-41,3.0867203958917,0.401,0.063,4.60121593808838e-37,"3","NCR3"
3.83661798333764e-40,2.44551905562218,0.565,0.143,4.25749497610978e-36,"3","APOBEC3G"
8.17098942653345e-40,3.34926994370013,0.333,0.043,9.06734696662417e-36,"3","CEBPD"
7.25033309699757e-39,3.37223109214344,0.374,0.059,8.04569463773821e-35,"3","FGR"
1.18127521803236e-38,1.37354845395641,0.959,0.786,1.3108611094505e-34,"3","UBB"
8.95417690008773e-38,1.76223609295928,0.884,0.499,9.93645010602735e-34,"3","CLIC1"
2.13455061673193e-36,3.52484150828359,0.231,0.019,2.36871081938742e-32,"3","FBXO6"
3.68323765727788e-36,2.34373393980041,0.673,0.23,4.08728882828126e-32,"3","LGALS1"
4.99001587590147e-36,1.14395965799288,1,0.998,5.53742061748787e-32,"3","ACTB"
1.46801398805954e-35,1.01072696667125,0.993,0.909,1.62905512254967e-31,"3","CFL1"
8.3682093937475e-34,1.76002008457588,0.816,0.424,9.2862019642416e-30,"3","HCST"
8.40384945546857e-34,3.21526451651276,0.408,0.082,9.32575174073348e-30,"3","SAMD3"
5.36410013440781e-33,1.15045824314051,0.966,0.786,5.95254191915235e-29,"3","SH3BGRL3"
9.38025333973539e-33,1.6163920848185,0.81,0.423,1.04092671311044e-28,"3","CD99"
4.39830861463421e-32,1.4795917426707,0.918,0.646,4.88080306965959e-28,"3","IFITM2"
4.65129837371604e-32,2.83518162889574,0.395,0.082,5.16154580531269e-28,"3","CHST12"
1.16648915158879e-31,2.18939860692174,0.388,0.077,1.29445301151808e-27,"3","UBE2F"
4.39484811100812e-30,1.12894419522902,0.939,0.809,4.87696294878571e-26,"3","SERF2"
5.63657528892929e-30,1.17400348051028,0.918,0.735,6.25490759812483e-26,"3","ARPC2"
1.22425070565476e-29,2.60614161038543,0.51,0.15,1.35855100806508e-25,"3","ARPC5L"
3.33980021574104e-29,1.68453899351864,0.707,0.304,3.70617629940783e-25,"3","RAP1B"
4.94807377859586e-29,1.60633662627429,0.735,0.314,5.49087747210782e-25,"3","BST2"
1.28100419368006e-28,1.7738690561235,0.667,0.265,1.42153035372676e-24,"3","GSTP1"
2.89262624822234e-28,1.06332763639225,0.98,0.902,3.20994734765233e-24,"3","HLA-E"
8.42851993730979e-28,2.1706592143916,0.456,0.122,9.35312857443267e-24,"3","GLIPR2"
1.12233186373324e-26,2.85414913353654,0.259,0.04,1.24545166918477e-22,"3","ABHD17A"
1.66601350390076e-26,1.09418213344504,0.939,0.8,1.84877518527868e-22,"3","MYL6"
2.6179265463349e-25,0.832066851299469,0.993,0.922,2.90511308846784e-21,"3","MYL12A"
1.81355037331363e-24,3.42781705388872,0.211,0.028,2.01249684926614e-20,"3","S100B"
3.85179939913296e-24,2.14397061215593,0.245,0.039,4.27434179321784e-20,"3","KLRB1"
6.95129274105039e-24,1.40520866137234,0.796,0.467,7.71384955474362e-20,"3","RARRES3"
1.28258223257666e-23,3.020799002946,0.204,0.027,1.42328150349032e-19,"3","LPCAT1"
7.07550422497511e-23,2.020799002946,0.361,0.094,7.85168703845488e-19,"3","C5orf56"
7.11444135780774e-23,1.82957984187343,0.571,0.223,7.89489557475925e-19,"3","PPP1R18"
9.44944530426452e-22,0.842809700220541,0.905,0.805,1.04860494541423e-17,"3","PTPRCAP"
9.70724526661197e-22,0.900481798846265,0.952,0.696,1.07721300723593e-17,"3","S100A4"
1.45273747111509e-21,2.40476505629183,0.279,0.057,1.61210277169642e-17,"3","CMC1"
2.37255293800959e-21,2.1144653863746,0.422,0.129,2.63282199530924e-17,"3","ZAP70"
4.12615091764218e-20,2.80237548381249,0.231,0.043,4.57878967330753e-16,"3","SH2D2A"
1.68969303725876e-19,1.4384812234804,0.612,0.294,1.87505236344604e-15,"3","PDIA3"
4.2822395862237e-19,1.7468071598962,0.558,0.245,4.75200126883244e-15,"3","ALOX5AP"
5.85409708246832e-19,1.6320566799818,0.571,0.259,6.4962915324151e-15,"3","DHRS7"
6.65287824370099e-19,1.48610306680008,0.626,0.296,7.38269898703499e-15,"3","PSMB10"
7.633677985992e-19,2.35491650684127,0.286,0.068,8.47109246105532e-15,"3","CISD3"
8.30248890231209e-19,1.2936431895718,0.762,0.466,9.21327193489573e-15,"3","PSME2"
6.629144591936e-18,1.24074548692196,0.857,0.64,7.35636175367138e-14,"3","RAC2"
8.06559743228047e-17,2.26180710244979,0.231,0.05,8.95039347060163e-13,"3","RUNX3"
5.97240632588866e-16,1.22123235922117,0.755,0.495,6.62757929983865e-12,"3","IFITM1"
6.92393549783057e-16,1.95276029885916,0.354,0.118,7.68349122194258e-12,"3","FLNA"
9.7256296338305e-16,1.55807481146634,0.469,0.192,1.07925312046617e-11,"3","ARL4C"
1.04814045871207e-15,2.20869576599023,0.231,0.054,1.16312146703278e-11,"3","MIB2"
1.14799469961568e-15,2.33431960223416,0.245,0.06,1.27392971816352e-11,"3","HSH2D"
1.25294320118712e-15,1.73482778583504,0.463,0.194,1.39039107035735e-11,"3","C9orf142"
2.37284854011385e-15,2.26180710244979,0.218,0.049,2.63315002496434e-11,"3","PYHIN1"
3.03363827329639e-15,1.50949354395015,0.605,0.32,3.36642839187701e-11,"3","BIN2"
4.98177616936472e-15,0.91023602201434,0.85,0.681,5.52827701514403e-11,"3","CALM1"
5.24833264013888e-15,1.39753375163954,0.585,0.297,5.82407473076211e-11,"3","LITAF"
1.36819728543164e-14,1.77050370894288,0.544,0.264,1.51828852764349e-10,"3","XBP1"
1.60715384801129e-14,0.402896535743094,1,0.999,1.78345862513813e-10,"3","MT-CO1"
2.01437915055579e-14,1.28911444844553,0.531,0.254,2.23535654337176e-10,"3","SERPINB1"
3.06711344147325e-14,1.62657139524741,0.245,0.065,3.40357578600286e-10,"3","KLRG1"
3.5239197775536e-14,1.93987900756243,0.231,0.058,3.91049377715123e-10,"3","STOM"
4.05867362529415e-14,0.995516816431877,0.925,0.848,4.50391012198892e-10,"3","ACTG1"
5.77601631092077e-14,0.809475736783871,0.912,0.788,6.40964530022877e-10,"3","GAPDH"
5.85803461355092e-14,1.41381019589484,0.442,0.186,6.50066101065746e-10,"3","BSG"
7.41703506829442e-14,1.95924433242936,0.293,0.093,8.23068381528632e-10,"3","GNG2"
9.3222963489616e-14,1.19175960492153,0.68,0.437,1.03449522584427e-09,"3","PPP1CA"
2.24994805391203e-13,1.02492631251017,0.81,0.553,2.49676735542618e-09,"3","CD53"
2.97000956823936e-13,1.18207990997906,0.66,0.371,3.29581961787521e-09,"3","PSMB8"
2.99914793344394e-13,1.18557151662271,0.565,0.291,3.32815446174274e-09,"3","DBI"
3.28224686441499e-13,0.961517486850621,0.776,0.487,3.64230934544132e-09,"3","ANXA1"
4.04877824462185e-13,2.61664981980989,0.327,0.118,4.49292921805686e-09,"3","LYAR"
4.51989021311953e-13,2.09622103673182,0.211,0.053,5.01572216949875e-09,"3","MAD2L2"
6.32886816309388e-13,1.57866420778973,0.361,0.137,7.02314500058528e-09,"3","CD97"
7.11033183273498e-13,2.26180710244979,0.204,0.052,7.89033523478601e-09,"3","ITGAL"
8.51129521041627e-13,1.82494324071777,0.245,0.07,9.44498429499894e-09,"3","CD2BP2"
8.88372737316211e-13,1.81114569344023,0.313,0.111,9.85827226599799e-09,"3","SDF4"
9.0745322174237e-13,1.45070977870637,0.469,0.221,1.00700084016751e-08,"3","CALR"
9.35122729550749e-13,0.425305834732671,1,0.967,1.03770569298247e-08,"3","H3F3B"
9.68553704468764e-13,1.5282005203735,0.415,0.181,1.07480404584899e-08,"3","LAMP1"
1.70743899835506e-12,0.780726920507731,0.871,0.794,1.8947450564746e-08,"3","TXNIP"
2.13452993348271e-12,1.96224682059088,0.218,0.059,2.36868786718577e-08,"3","CXXC5"
2.29504600200563e-12,1.29296803393625,0.51,0.267,2.54681254842565e-08,"3","PRDX5"
3.0072521277417e-12,0.990566421011279,0.646,0.391,3.33714768615497e-08,"3","DRAP1"
4.08439778703444e-12,1.31144847826516,0.599,0.352,4.53245622427212e-08,"3","SEPT7"
5.07527620720612e-12,1.37862076743254,0.245,0.073,5.63203400713663e-08,"3","LAT2"
5.18238207230245e-12,1.83296380364592,0.231,0.067,5.75088938563403e-08,"3","RAB7L1"
7.59021518171833e-12,1.48097562291195,0.544,0.29,8.42286178715283e-08,"3","NDUFB2"
7.85105594023416e-12,1.96141216911207,0.259,0.084,8.71231677687785e-08,"3","GCHFR"
1.12604617913133e-11,0.998087167954542,0.748,0.521,1.24957344498204e-07,"3","UCP2"
1.36345301850095e-11,0.656826708151678,0.844,0.704,1.51302381463051e-07,"3","PSME1"
1.53219635530595e-11,0.96496998852526,0.544,0.288,1.70027829548301e-07,"3","ANXA6"
2.16307214961235e-11,1.7015066559629,0.286,0.101,2.40036116442482e-07,"3","PTGER2"
2.90177112584349e-11,1.79232181914857,0.231,0.07,3.22009541834852e-07,"3","TES"
5.24488730221911e-11,0.994034777609335,0.571,0.348,5.82025143927255e-07,"3","CAP1"
5.26989568022004e-11,1.36507637306149,0.354,0.15,5.84800323634018e-07,"3","DOK2"
5.91133612943697e-11,1.78118126154337,0.238,0.076,6.55980970283621e-07,"3","SASH3"
9.22125440787144e-11,1.35343757791536,0.361,0.152,1.02328260164149e-06,"3","BZW1"
1.64973503082828e-10,1.76920861987729,0.238,0.079,1.83071096371014e-06,"3","MBP"
1.82618481312385e-10,1.84190384799913,0.211,0.064,2.02651728712354e-06,"3","DNAJB11"
2.02552767555196e-10,1.16434129301417,0.476,0.248,2.24772806156001e-06,"3","SELT"
4.03414620868754e-10,1.41645491715041,0.401,0.193,4.47669204778056e-06,"3","PRMT2"
4.53358733686889e-10,1.70237969383577,0.218,0.069,5.03092186772341e-06,"3","ANXA4"
5.00025425985048e-10,1.09502865632434,0.449,0.234,5.54878215215608e-06,"3","FAM49B"
5.28084311914514e-10,1.94363114242354,0.299,0.121,5.86015160931537e-06,"3","SLC9A3R1"
6.53810662351671e-10,1.52484150828359,0.286,0.11,7.25533692011649e-06,"3","MIR142"
6.73590313112854e-10,0.917731938243962,0.599,0.418,7.47483170461334e-06,"3","CCND3"
7.19990257337946e-10,1.48628826751419,0.49,0.266,7.98973188567918e-06,"3","C1orf162"
8.79233160841979e-10,0.804806310067256,0.83,0.655,9.75685038586344e-06,"3","EMP3"
8.92745298168131e-10,0.909616168845083,0.687,0.497,9.90679457377174e-06,"3","PSMB9"
1.09080655060935e-09,1.22379377651306,0.456,0.24,1.21046802921119e-05,"3","OSTF1"
2.05877660850587e-09,1.73824514639278,0.34,0.151,2.28462440245897e-05,"3","MRPS6"
2.91818659972416e-09,1.69790621725646,0.238,0.084,3.2383116697139e-05,"3","FLOT1"
3.27383732774357e-09,1.54720932131204,0.218,0.074,3.63297728259704e-05,"3","PTPN4"
3.28519888708183e-09,0.953407392407076,0.605,0.389,3.64558520499471e-05,"3","TPI1"
3.58263385414412e-09,1.42308800948285,0.286,0.116,3.97564878794373e-05,"3","TGFB1"
3.80884489183331e-09,1.58373519733715,0.231,0.082,4.22667517646743e-05,"3","SNAPIN"
4.24491873715944e-09,1.21387262538609,0.388,0.187,4.71058632262583e-05,"3","HSPA5"
4.61873606751138e-09,0.752009351112032,0.66,0.451,5.12541141411738e-05,"3","ARPC5"
4.75732300864896e-09,1.56722011055414,0.224,0.078,5.27920134269776e-05,"3","ADA"
5.68959676823144e-09,1.01810417486793,0.374,0.179,6.31374553370642e-05,"3","PYCARD"
6.6338342240082e-09,1.07625144929372,0.456,0.255,7.3615658383819e-05,"3","ARPC4"
8.31896218633441e-09,0.983683360493058,0.476,0.271,9.2315523381753e-05,"3","RAC1"
8.39327820461214e-09,1.34879040404443,0.408,0.215,9.31402082365809e-05,"3","BAX"
9.02137114943125e-09,2.02175601461684,0.238,0.089,0.000100110155645239,"3","SPN"
1.00841881463777e-08,1.37518890186753,0.245,0.092,0.000111904235860353,"3","TXK"
1.05954296543412e-08,0.583133052899696,0.912,0.859,0.000117577482874224,"3","UBC"
1.07782688579371e-08,1.44237934809161,0.224,0.079,0.000119606449516528,"3","ATP6V0D1"
1.11990393927381e-08,1.43664090427573,0.259,0.101,0.000124275740141215,"3","SDF2L1"
1.25968373585299e-08,0.761961215366586,0.537,0.321,0.000139787104167606,"3","ISG15"
1.28021113179343e-08,0.658640006351045,0.837,0.73,0.000142065029295117,"3","PPIA"
1.28581316577262e-08,1.26180710244979,0.293,0.123,0.000142686687005787,"3","FDPS"
1.35639420410622e-08,1.27336413387219,0.395,0.204,0.000150519064829667,"3","HSP90B1"
1.76624644559779e-08,1.11308659299404,0.442,0.248,0.000196000368067987,"3","GLRX"
1.89737262089494e-08,1.95462559293162,0.245,0.096,0.000210551439740711,"3","CYB5B"
2.05901738905518e-08,1.27950910418325,0.395,0.2,0.000228489159663454,"3","NOP10"
2.0664096506806e-08,0.934594404434161,0.531,0.311,0.000229309478936026,"3","PRELID1"
2.92364754009226e-08,1.34093575223433,0.395,0.213,0.000324437167524038,"3","NDUFB7"
3.08127292081926e-08,1.18809741626678,0.34,0.16,0.000341928856023313,"3","SYTL1"
3.11622281943354e-08,1.31427452234393,0.306,0.138,0.00034580724627254,"3","MIEN1"
3.21625882697246e-08,1.1338543714828,0.361,0.175,0.000356908242029134,"3","C20orf24"
4.53839013982736e-08,1.03400118492698,0.401,0.207,0.000503625153816642,"3","POLR2G"
5.04688871963311e-08,0.802375483812494,0.619,0.416,0.000560053241217686,"3","PPIB"
5.14267944105136e-08,1.02673409971684,0.435,0.235,0.000570683137573469,"3","SUN2"
5.55745367735919e-08,1.1393230959248,0.401,0.206,0.00061671063457655,"3","MSN"
6.00264585048301e-08,1.10389461870946,0.361,0.18,0.0006661136100281,"3","ARL6IP1"
6.0445685784243e-08,1.31208030893101,0.347,0.17,0.000670765775147745,"3","P4HB"
9.06785258387417e-08,1.8683257465374,0.231,0.091,0.00100625960123252,"3","ATP1B3"
9.21950164537581e-08,0.901490178358119,0.476,0.267,0.00102308809758735,"3","H3F3A"
9.57670733350025e-08,0.830554017124088,0.49,0.274,0.00106272721279852,"3","HNRNPA3"
1.09672198676473e-07,1.12582943293082,0.503,0.307,0.00121703238871283,"3","LCP1"
1.2159325065017e-07,1.31138913130035,0.224,0.086,0.00134932030246494,"3","LYN"
1.36441756602137e-07,0.92587214956855,0.429,0.235,0.00151409417301392,"3","TMED9"
1.88100465895943e-07,0.911659133914971,0.449,0.254,0.00208735087004728,"3","TBCB"
2.25969090989706e-07,1.06017324128014,0.306,0.145,0.00250757900271277,"3","ITGB7"
2.37677728325562e-07,0.943837021131112,0.408,0.221,0.00263750975122876,"3","SRI"
2.50638539942147e-07,1.04193027903213,0.231,0.094,0.00278133587773801,"3","CARHSP1"
2.75114867443939e-07,1.31006227105701,0.231,0.094,0.00305294968402539,"3","PSENEN"
3.19497496164766e-07,1.43868486453387,0.218,0.087,0.0035454637149404,"3","SIPA1"
3.28951398706133e-07,1.19445183464803,0.333,0.166,0.00365037367144196,"3","C19orf10"
3.73895184104296e-07,1.24745180947272,0.279,0.126,0.00414911485800537,"3","PRKCH"
3.74397788265028e-07,0.709821924174908,0.639,0.467,0.00415469225637701,"3","RHOA"
3.78648552929465e-07,1.5190822389949,0.313,0.154,0.00420186299185828,"3","DDOST"
4.83315399300259e-07,0.891917969111261,0.408,0.223,0.00536335098603497,"3","TMEM50A"
5.32274985960691e-07,1.46946475124721,0.279,0.13,0.00590665551920579,"3","FERMT3"
5.52093358076372e-07,1.37813122041702,0.313,0.157,0.0061265799945735,"3","CARD16"
5.54545171994434e-07,1.04390207210566,0.231,0.098,0.00615378777362224,"3","SH3GLB1"
6.20500722761775e-07,0.92701685662538,0.354,0.184,0.00688569652048741,"3","RALY"
6.80949791160875e-07,0.884995100489304,0.456,0.278,0.00755649983251223,"3","ENSA"
7.00172947529777e-07,1.14423750606862,0.259,0.115,0.00776981919873793,"3","IFI35"
7.00379252257202e-07,1.40019058660571,0.231,0.099,0.00777210856229817,"3","CTDSP1"
7.41572687146783e-07,0.676844601728635,0.653,0.448,0.00822923210926785,"3","LSP1"
7.79455828956154e-07,1.14423750606862,0.306,0.15,0.00864962133392644,"3","PSMC4"
8.02227767276421e-07,2.79303761923316,0.231,0.099,0.00890232153346645,"3","PTPN7"
8.51868167526675e-07,0.79901647172258,0.442,0.248,0.00945318105504351,"3","RHOG"
8.76522065178749e-07,0.890551295198861,0.456,0.275,0.00972676535728858,"3","YWHAQ"
9.79517799402352e-07,0.970575804785346,0.313,0.154,0.0108697090199679,"3","CCDC107"
1.07831040281754e-06,0.864096420900813,0.429,0.259,0.0119660105400662,"3","RAB7A"
1.09643683072134e-06,0.981699183257056,0.381,0.207,0.0121671595105147,"3","ATP6AP2"
1.16785343222447e-06,1.40517127762097,0.218,0.091,0.012959669537395,"3","TADA3"
1.30903307105603e-06,1.06645950412757,0.422,0.254,0.0145263399895088,"3","IRF1"
1.4243599895176e-06,0.497402172700603,0.803,0.678,0.0158061228036768,"3","MYL12B"
1.44369266334187e-06,1.43357345071627,0.245,0.112,0.0160206574851048,"3","CAST"
1.5373988088718e-06,1.09188210100748,0.327,0.17,0.0170605145820504,"3","PGAM1"
1.75598079082443e-06,0.919979450124724,0.565,0.379,0.0194861188357787,"3","TRAPPC1"
1.8540336323526e-06,1.31839063081616,0.224,0.097,0.0205742112182167,"3","TMEM179B"
1.88826724178224e-06,0.967186353558165,0.517,0.343,0.0209541015820575,"3","CD164"
1.9441963032383e-06,1.04881337911559,0.313,0.158,0.0215747463770354,"3","CFLAR"
1.9612420186566e-06,0.965349695078548,0.34,0.184,0.0217639026810323,"3","MT2A"
2.20419859030747e-06,1.78100183301993,0.401,0.229,0.024459991756642,"3","SCP2"
2.26083434601474e-06,0.544462346124783,0.762,0.662,0.0250884787377255,"3","CHCHD2"
2.29143295905429e-06,0.931995408486596,0.361,0.199,0.0254280315466255,"3","JAK1"
2.55935823404265e-06,1.17237201886785,0.367,0.206,0.0284011983231713,"3","WDR1"
3.59850392001793e-06,0.745557351812649,0.408,0.245,0.0399325980004389,"3","UBE2L6"
4.90181420008089e-06,1.05698731056129,0.313,0.165,0.0543954321782977,"3","MYO1G"
5.15648321438624e-06,1.74453140924021,0.293,0.148,0.0572214942300441,"3","DEF6"
5.44589164666711e-06,0.685744661051868,0.707,0.581,0.0604330596030649,"3","LY6E"
5.657654568673e-06,0.526481866664841,0.673,0.512,0.0627829927485642,"3","CAPZB"
5.96380170809626e-06,1.29575443437313,0.224,0.101,0.0661803075547442,"3","PHPT1"
6.97594941125657e-06,0.903353131537315,0.395,0.235,0.0774121106167141,"3","SEC11A"
7.20651782558651e-06,1.29833297847491,0.218,0.099,0.0799707283105335,"3","EBP"
7.25905129089033e-06,0.866114952890375,0.347,0.19,0.08055369217501,"3","PDIA6"
7.33388775237781e-06,0.809294897752285,0.422,0.25,0.0813841523881365,"3","PSMD8"
7.92737675138638e-06,1.02381782606233,0.252,0.122,0.0879700998101346,"3","IDH2"
8.44554663994954e-06,0.500295209975071,0.667,0.49,0.0937202310635201,"3","ENO1"
9.01332683978017e-06,0.899940262192285,0.333,0.182,0.100020887941041,"3","DSTN"
9.41953959220378e-06,0.701591264064321,0.68,0.538,0.104528630854685,"3","EIF3G"
9.77120711274259e-06,0.922231141743005,0.354,0.199,0.108431085330104,"3","HMGN3"
1.02273908407999e-05,0.665302979845944,0.435,0.264,0.113493356160356,"3","SEC61B"
1.10724783749626e-05,1.20447392738384,0.218,0.099,0.12287129252696,"3","EMC3"
1.12872051314624e-05,0.94616527040986,0.279,0.14,0.125254115343838,"3","ARRB2"
1.17257389865041e-05,1.27186076711371,0.204,0.09,0.130120525533236,"3","GIMAP6"
1.34181255072873e-05,0.957473067577167,0.34,0.193,0.148900938754367,"3","BUD31"
1.34329643021737e-05,0.843416168061138,0.626,0.495,0.149065604861222,"3","IL2RG"
1.36864766214643e-05,1.27650361365649,0.306,0.167,0.151878831068389,"3","VASP"
1.3964750942941e-05,0.862536919029264,0.327,0.185,0.154966841213817,"3","RNF213"
1.4595703826163e-05,0.790849230431467,0.381,0.223,0.161968525358931,"3","TAP1"
1.49918165318767e-05,1.32320764711393,0.272,0.143,0.166364188054236,"3","FKBP11"
1.57120287732882e-05,0.864916949881207,0.265,0.133,0.17435638329718,"3","KDELR2"
1.57275181029333e-05,0.82301524987153,0.361,0.208,0.174528268388251,"3","CDC42SE1"
1.58117362291005e-05,0.868464674270267,0.367,0.214,0.175462836934329,"3","MAP1LC3B"
1.59172440026391e-05,1.20735931842742,0.224,0.106,0.176633656697286,"3","RASAL3"
1.66521950879608e-05,0.732554034314923,0.272,0.137,0.184789408891101,"3","DECR1"
1.85773181388929e-05,1.02734184881277,0.218,0.099,0.206152499387295,"3","DDRGK1"
1.86679697217088e-05,0.842268210936007,0.245,0.12,0.207158460001802,"3","SDHAF2"
2.03161290975071e-05,1.20425607988763,0.231,0.112,0.225448084595036,"3","MANF"
2.43290994997322e-05,1.05322048063837,0.259,0.132,0.269980017148528,"3","NDUFA6"
2.43294165143744e-05,1.07246464718024,0.238,0.116,0.269983535060013,"3","MRPS12"
2.65042137575186e-05,1.14921527607343,0.347,0.206,0.294117260067184,"3","CHMP2A"
2.81614329193143e-05,0.637898321488119,0.361,0.211,0.312507421105631,"3","BTN3A2"
3.23606166056526e-05,0.779938094692739,0.429,0.273,0.359105762472927,"3","POLR2L"
3.34116498318121e-05,0.718717554765585,0.578,0.404,0.370769078183619,"3","PSMB1"
3.49514669639274e-05,0.966972668444704,0.259,0.133,0.387856428898703,"3","HDDC2"
3.893800916241e-05,0.897923691121051,0.32,0.182,0.432095087675263,"3","SUPT4H1"
3.91123122703253e-05,1.27642419852197,0.415,0.258,0.4340293292638,"3","ANXA2"
4.00999799872183e-05,0.587141798780403,0.721,0.648,0.444989477918162,"3","HNRNPA2B1"
4.02233142538997e-05,0.987884380473262,0.279,0.152,0.446358118275525,"3","RNF126"
4.47925477401021e-05,0.984966897090967,0.286,0.155,0.497062902271913,"3","SKAP1"
4.80982635087264e-05,0.679203874602557,0.469,0.327,0.533746430156337,"3","CDC42"
4.95336866169816e-05,0.82123451106381,0.381,0.24,0.549675320388645,"3","SRSF9"
5.71774814149915e-05,0.650849393195691,0.497,0.345,0.634498511262161,"3","PSAP"
5.77999052387884e-05,0.713108145715407,0.286,0.154,0.641405548434835,"3","OPTN"
6.14423961364346e-05,0.951951839863004,0.279,0.152,0.681826269926014,"3","DNAJB6"
6.607905143342e-05,1.25303689282206,0.218,0.109,0.733279233756661,"3","PRPF40A"
6.68568540567311e-05,1.02323475405791,0.293,0.167,0.741910509467545,"3","RASSF5"
6.70111537857084e-05,0.957473067577167,0.204,0.096,0.743622773560007,"3","PSMA4"
7.07582757968168e-05,1.5613673843087,0.218,0.106,0.785204586517276,"3","JAGN1"
7.24009744462672e-05,1.02124655841442,0.293,0.168,0.803433613430228,"3","CDKN2D"
7.41801268510576e-05,1.028493394736,0.265,0.143,0.823176867666186,"3","ADRM1"
7.68996101872587e-05,1.41012984940689,0.327,0.192,0.853354974248009,"3","NDUFS8"
9.22769696874484e-05,0.888348706922347,0.211,0.103,1,"3","GRHPR"
9.36957369482707e-05,1.30575045003739,0.238,0.126,1,"3","CDK2AP2"
9.44901524638036e-05,0.688526406776271,0.361,0.22,1,"3","RAB5C"
9.87193501602081e-05,0.816247658394052,0.204,0.097,1,"3","PMAIP1"
0.000102791615324484,0.747780508539581,0.367,0.223,1,"3","PSMA5"
0.00010924986569528,1.14632988502986,0.231,0.121,1,"3","ABI1"
0.000110932326064349,0.51157345929254,0.483,0.329,1,"3","GHITM"
0.000111684951722306,0.494079254512898,0.517,0.345,1,"3","S100A11"
0.000120323077479957,1.19141777455839,0.211,0.105,1,"3","TMEM126B"
0.000121931570188253,0.921957099565167,0.265,0.145,1,"3","TYMP"
0.000127202645514015,0.480683721965367,0.544,0.379,1,"3","ACTR3"
0.000131196529238369,0.465556632936707,0.83,0.778,1,"3","CORO1A"
0.000132292756393882,0.837001826922127,0.259,0.141,1,"3","RCN2"
0.000133881152095745,0.831819261704976,0.231,0.118,1,"3","SNRNP70"
0.000134420396546026,0.616237837024483,0.497,0.348,1,"3","COPE"
0.000139077446485184,0.753147969041833,0.327,0.192,1,"3","IMP3"
0.000144564362992152,0.957653709290405,0.272,0.152,1,"3","RAB8A"
0.000157469351584672,0.481293792610828,0.204,0.1,1,"3","AATF"
0.00018079212977025,0.955998672925706,0.224,0.116,1,"3","ARHGAP9"
0.000181311928973849,0.769954006120117,0.245,0.131,1,"3","LSM1"
0.000216084797359485,0.880097779237012,0.286,0.165,1,"3","CASP1"
0.000221607004730614,0.802375483812494,0.279,0.161,1,"3","CNPY2"
0.000224083935111312,0.637775037050043,0.435,0.296,1,"3","PAIP2"
0.000237930010835003,0.974230512353206,0.272,0.157,1,"3","SAMHD1"
0.000244046109471594,0.458499013454889,0.939,0.943,1,"3","ARHGDIB"
0.000261382648656655,0.76111351862624,0.293,0.169,1,"3","PDAP1"
0.00026559169087517,1.22535222694345,0.435,0.301,1,"3","HLA-F"
0.000266344179812587,1.14910696970043,0.218,0.116,1,"3","TMEM109"
0.000281167388548431,0.765071784740371,0.327,0.202,1,"3","UBE2L3"
0.000292517165458534,1.06856102677286,0.327,0.203,1,"3","SIGIRR"
0.000299508243969715,0.900038743030638,0.259,0.149,1,"3","TMEM160"
0.000313930491814558,1.16187730376574,0.408,0.279,1,"3","CSNK2B"
0.000324872674225867,0.802375483812494,0.333,0.209,1,"3","TCF25"
0.000341626739334626,0.789938380574271,0.259,0.144,1,"3","MYH9"
0.000360719251181468,0.703811649328905,0.313,0.19,1,"3","DCTN3"
0.000362418998697008,1.79675406546383,0.374,0.257,1,"3","DYNLL1"
0.000364877206402058,0.578881347996475,0.476,0.343,1,"3","RBM39"
0.000366254337669517,0.726769827060317,0.279,0.16,1,"3","ANP32A"
0.000398832124985954,0.990210683112573,0.204,0.106,1,"3","VIMP"
0.000399262624523427,0.995770208454474,0.415,0.281,1,"3","RBM8A"
0.000405382001468393,0.317196840892114,0.85,0.777,1,"3","ARPC3"
0.000412096042332977,0.717486586225981,0.259,0.144,1,"3","WSB1"
0.00041871072551183,1.48668051328999,0.32,0.202,1,"3","RPS19BP1"
0.000423355823115558,0.616303059793585,0.49,0.355,1,"3","TMEM59"
0.00042475596732229,0.69134417142375,0.299,0.178,1,"3","IL10RA"
0.000429938668286488,0.478338405509734,0.456,0.313,1,"3","C9orf16"
0.000456452846823422,0.490541050660066,0.551,0.429,1,"3","VAMP8"
0.000486774677390723,0.975835885338839,0.306,0.193,1,"3","WIPF1"
0.000526511882466308,0.734246912773557,0.265,0.155,1,"3","VDAC3"
0.000544309779887329,0.901404859747793,0.211,0.113,1,"3","EPSTI1"
0.000554181617839352,0.800627821526227,0.333,0.216,1,"3","LMAN2"
0.000565387217196008,1.06138001261013,0.252,0.149,1,"3","COMMD7"
0.000584051650812391,0.348241214233997,0.796,0.638,1,"3","ARPC1B"
0.000631323092683568,0.991480204049642,0.32,0.2,1,"3","PIM1"
0.000656336607209714,0.884649486842037,0.238,0.135,1,"3","POLR2F"
0.000662151944039996,0.700087602240711,0.374,0.252,1,"3","ATP5J2"
0.000762932441146817,0.683539254302644,0.218,0.12,1,"3","TINF2"
0.000782184952896488,0.529287413314778,0.361,0.235,1,"3","SEPW1"
0.000838096652283107,0.514993722327238,0.422,0.282,1,"3","COX8A"
0.00085561324106256,0.6046948159728,0.252,0.143,1,"3","CKLF"
0.000866908487206156,1.23205975905574,0.204,0.11,1,"3","IRF7"
0.000892838068144203,0.709821924174908,0.333,0.216,1,"3","BANF1"
0.000912310468941343,1.18985726057078,0.333,0.224,1,"3","CCDC12"
0.00091753703235558,0.572021776773364,0.483,0.359,1,"3","H2AFZ"
0.000927522169995657,0.858084916398782,0.265,0.161,1,"3","PSMB2"
0.000935037105284411,0.944394488684922,0.279,0.171,1,"3","DENND2D"
0.000972750048108923,0.638370453913999,0.381,0.257,1,"3","ATP6V1F"
0.000997678045083175,0.555829200767269,0.238,0.137,1,"3","PLEKHJ1"
0.00101016435160399,0.588035334770779,0.265,0.157,1,"3","GOLGA7"
0.0010130873209766,0.79281061977696,0.224,0.128,1,"3","RNF166"
0.00101712039030671,0.901911157363409,0.245,0.143,1,"3","ZFAND6"
0.0010174268987159,0.466997433711301,0.354,0.235,1,"3","CD47"
0.00104034697181861,0.650634722405787,0.619,0.511,1,"3","HSP90AA1"
0.00106534125708645,0.859708658878445,0.238,0.138,1,"3","ATF6B"
0.00106800367582677,1.18207990997906,0.381,0.257,1,"3","DNAJA1"
0.00108698580270977,0.809294897752285,0.231,0.132,1,"3","PUF60"
0.00112785688473977,1.02775176358776,0.224,0.13,1,"3","ERP44"
0.00113286250234023,0.685306180476831,0.32,0.204,1,"3","ATP6V0B"
0.00122452348805379,0.946451661485916,0.245,0.145,1,"3","PSMC3"
0.00125483830172268,0.72264829134176,0.204,0.112,1,"3","AHSA1"
0.001315475989745,0.884205409873271,0.313,0.201,1,"3","AP2S1"
0.00132237919704101,0.948146623546029,0.204,0.114,1,"3","FIBP"
0.00141943896526137,0.985713015767552,0.673,0.588,1,"3","RBM3"
0.00147896953719441,0.575306575266573,0.524,0.422,1,"3","TPM3"
0.00151825280023018,0.970575804785346,0.204,0.116,1,"3","CCZ1"
0.00165150278842102,0.493622777672865,0.211,0.118,1,"3","PPIE"
0.00172364919478063,1.51235056410039,0.231,0.138,1,"3","NDUFS2"
0.00177598341790609,1.03941468111334,0.224,0.13,1,"3","AKAP13"
0.00178333140912126,1.26712090234626,0.272,0.172,1,"3","CSK"
0.00196711512208087,0.872240290687066,0.259,0.162,1,"3","IFI16"
0.00207188360945956,1.00495127154512,0.544,0.437,1,"3","SRSF3"
0.00211002625352823,1.08874239347691,0.435,0.323,1,"3","SF3B5"
0.00220222836841067,0.548618891566711,0.279,0.176,1,"3","FMNL1"
0.00221293757539801,0.780065322087405,0.347,0.238,1,"3","AURKAIP1"
0.00236521670277943,0.56463509814261,0.354,0.247,1,"3","PDCD6"
0.00256624783610467,0.686494771762354,0.286,0.184,1,"3","EMC4"
0.00256799287660198,0.402111674510968,0.333,0.223,1,"3","TERF2IP"
0.00261041098484593,0.538016897031318,0.367,0.25,1,"3","MDH2"
0.00261629158969313,0.564369872470223,0.347,0.238,1,"3","DDIT4"
0.00277889661151734,0.841475303501435,0.259,0.167,1,"3","C19orf66"
0.00279469138581183,0.655149530629316,0.408,0.299,1,"3","HNRNPM"
0.0029701469808485,0.671737711295547,0.272,0.172,1,"3","SDHC"
0.00302978709569991,0.371786298630071,0.755,0.669,1,"3","S100A6"
0.00307262381241907,0.918919388926783,0.218,0.132,1,"3","C7orf73"
0.00309833671002454,0.809680284435727,0.218,0.13,1,"3","RNF5"
0.00329527565864732,0.469039716615234,0.415,0.289,1,"3","PSMB3"
0.0033331858243157,1.04268239494725,0.592,0.485,1,"3","PSMA7"
0.00334457556920089,0.809680284435727,0.218,0.13,1,"3","AKNA"
0.00336332632282,0.515852725056331,0.381,0.27,1,"3","COX5A"
0.00340982304724759,0.670360568158437,0.231,0.14,1,"3","SEC11C"
0.00345593306180459,0.802375483812494,0.252,0.162,1,"3","COPZ1"
0.00356735761316026,0.522122006929993,0.259,0.168,1,"3","RER1"
0.0036245082756917,0.853722363812715,0.211,0.126,1,"3","OTUB1"
0.00371716116166841,0.76584960778738,0.204,0.122,1,"3","SH3BP5"
0.00383119299840004,0.868712156051625,0.687,0.594,1,"3","EIF4A1"
0.00386645974185003,0.747233929620033,0.218,0.13,1,"3","ITGB1BP1"
0.00391004306813171,0.646562034792592,0.306,0.206,1,"3","UQCRFS1"
0.00397209846264843,0.759306761920608,0.245,0.155,1,"3","HSD17B10"
0.00401472560205073,0.787126656743546,0.34,0.235,1,"3","ACP1"
0.00416382231650816,0.818572711340296,0.286,0.194,1,"3","HMOX2"
0.00424372399494008,0.904255097831708,0.279,0.185,1,"3","CHMP5"
0.00444260027144964,0.824401790142493,0.252,0.162,1,"3","RNF167"
0.00448910110780532,0.62268883168173,0.333,0.234,1,"3","PSMD4"
0.00453789707130314,0.772422261710867,0.224,0.138,1,"3","ASAH1"
0.00492985019990776,0.495906607563905,0.524,0.424,1,"3","PARK7"
0.00499788170961208,0.685777726498643,0.299,0.201,1,"3","ZNHIT1"
0.00501299596482624,0.690519538625712,0.286,0.191,1,"3","DBNL"
0.00504498836791398,0.541126591871075,0.286,0.189,1,"3","RPA2"
0.00505418863877923,0.39881437152274,0.667,0.534,1,"3","GIMAP7"
0.00520832112351652,0.965757639388034,0.224,0.138,1,"3","RNASEH2C"
0.00532147033210449,0.748183383448898,0.456,0.364,1,"3","NDUFB8.1"
0.00533488066403653,0.888997838560245,0.204,0.123,1,"3","DDX6"
0.00549785233830398,0.561367384308699,0.367,0.259,1,"3","PSMB7"
0.00553397382261517,0.387337984533651,0.265,0.171,1,"3","TBCC"
0.00555669137893722,0.690571584840147,0.354,0.248,1,"3","ARHGDIA"
0.00598342651975953,0.912657538827405,0.211,0.133,1,"3","FYN"
0.00602109573463675,0.654688188076468,0.51,0.423,1,"3","COX6A1"
0.00609175051190157,1.10237447482512,0.327,0.232,1,"3","FAM96B"
0.00624024455009744,0.896157630133111,0.211,0.131,1,"3","GTF3C6"
0.00626694623371089,0.670087235553326,0.293,0.2,1,"3","GADD45B"
0.00628774627465712,0.285732941695272,0.231,0.145,1,"3","CCDC115"
0.00643393760226924,0.438939181020863,0.667,0.581,1,"3","SUMO2"
0.00660198669092922,0.738245146392778,0.211,0.13,1,"3","CLTB"
0.00664529303569723,0.454452180392187,0.211,0.131,1,"3","C17orf62"
0.00682399951009584,0.454452180392187,0.34,0.243,1,"3","WDR83OS"
0.00686833233965963,0.631756712200097,0.238,0.153,1,"3","CCT5"
0.00707526507365166,0.261807102449792,0.32,0.218,1,"3","MAF1"
0.00747333652245392,1.04362693240026,0.218,0.137,1,"3","CMTM6"
0.00752498157047258,0.598842089727362,0.429,0.327,1,"3","TBC1D10C"
0.0079426972606827,0.759306761920608,0.224,0.143,1,"3","RAB2A"
0.00826778982434544,0.530993735265181,0.265,0.177,1,"3","RBCK1"
0.00852006833057221,0.665956285585899,0.245,0.161,1,"3","RHOF"
0.00855393464697587,0.687571008321694,0.245,0.162,1,"3","MRPL51"
0.00872745915464552,0.711610019889312,0.259,0.174,1,"3","PTP4A2"
0.00874077571007631,0.517187935740151,0.286,0.193,1,"3","NDUFA3"
0.00966693987349414,0.334657667857473,0.476,0.373,1,"3","ICAM3"
0.00978028976101219,0.478905224116727,0.211,0.131,1,"3","ARHGAP30"
3.17821243838108e-194,5.38909794920315,0.917,0.041,3.52686234287148e-190,"4","CD8B"
2.5961253282067e-125,5.93358138056923,0.491,0.01,2.88092027671098e-121,"4","RP11-291B21.2"
6.27534589930187e-114,4.67756740241321,0.611,0.032,6.96375134445528e-110,"4","CD8A"
1.50207013194764e-36,3.24345403686428,0.287,0.027,1.6668472254223e-32,"4","S100B"
1.89698875243137e-35,2.62309762960793,0.343,0.042,2.10508841857309e-31,"4","CARS"
3.67204354624132e-17,0.416317246999253,1,1,4.07486672326399e-13,"4","RPS12"
5.55975910215811e-17,1.56031114220422,0.463,0.156,6.16966467566486e-13,"4","AIF1"
6.28524518448621e-16,0.351435435778702,1,1,6.97473658122435e-12,"4","RPL13"
7.90514810752365e-16,0.380602892752949,1,1,8.77234285491899e-12,"4","RPS6"
8.34080485786862e-16,0.361617349217256,1,0.999,9.25579115077681e-12,"4","RPL32"
1.62775513598482e-14,0.384494543874436,1,1,1.80631987440236e-10,"4","RPS14"
2.01324525521341e-13,2.01260003677963,0.278,0.072,2.23409825971033e-09,"4","NELL2"
4.91292019212569e-13,0.44995527169755,1,0.997,5.45186753720188e-09,"4","RPS5"
5.11489847151844e-13,1.7984217972876,0.287,0.077,5.67600283384401e-09,"4","LINC00176"
1.15241642865941e-12,1.12225948218359,0.639,0.312,1.27883651088335e-08,"4","GYPC"
2.41115921654167e-12,0.323706458999275,1,1,2.6756633825963e-08,"4","RPL3"
5.61591831294702e-12,1.15057526072697,0.574,0.271,6.23198455187731e-08,"4","CCR7"
9.33967966058219e-12,0.92610851115266,0.694,0.36,1.03642425193481e-07,"4","RGS10"
4.88219580056851e-11,0.377729339604587,1,1,5.41777267989088e-07,"4","RPS3"
3.44496117855232e-10,0.272334045146044,1,1,3.82287341983951e-06,"4","RPS2"
5.53750405069062e-10,0.310842235865158,1,1,6.14496824505138e-06,"4","RPL21"
7.0784744432011e-10,0.280915455373295,1,0.999,7.85498308962026e-06,"4","EEF1A1"
1.29005003130218e-09,0.322991794455802,1,1,1.43156851973603e-05,"4","RPS18"
1.79102849423547e-09,0.343261669678569,1,0.998,1.9875043200531e-05,"4","RPL31"
2.18013087146067e-09,0.750498302538409,0.759,0.446,2.41929122805991e-05,"4","CD7"
2.94201534761251e-09,0.670223338766281,0.935,0.596,3.26475443124561e-05,"4","CD3D"
3.97231313952487e-09,0.39267525813963,1,0.999,4.40807589093075e-05,"4","RPL9"
5.7622727854774e-09,0.370683890972807,1,0.999,6.39439411004427e-05,"4","RPS3A"
6.12084066175648e-09,0.275123523917454,1,0.999,6.79229688235117e-05,"4","RPLP2"
8.24425478514186e-09,2.5267858569313,0.269,0.093,9.14864953507192e-05,"4","ATP6V0E2"
1.30542386851825e-08,0.327225323783905,1,0.99,0.00014486288668947,"4","RPS28"
3.35475584085933e-08,1.31056823272281,0.333,0.139,0.00037227725566016,"4","OXNAD1"
3.6208147354773e-08,0.86299379858368,0.556,0.293,0.000401801811195916,"4","CD27"
4.28637776739225e-08,0.542121285552678,0.944,0.934,0.000475659340847518,"4","JUNB"
5.32104776395979e-08,1.02626677465909,0.444,0.214,0.000590476670366618,"4","LEF1"
1.09197922219035e-07,1.10637918494661,0.574,0.328,0.00121176934286463,"4","NDFIP1"
1.19891295426909e-07,0.334781676127605,1,1,0.00133043370535241,"4","RPS4X"
1.43932327347907e-07,0.691779237242422,0.694,0.444,0.00159721703657972,"4","HCST"
1.51065439286856e-07,1.47094732989359,0.222,0.075,0.00167637317976624,"4","ACTN1"
1.60390285260855e-07,1.15746018570205,0.426,0.217,0.00177985099553971,"4","PRKCQ-AS1"
1.67367537306902e-07,0.294004120932327,1,0.991,0.00185727756149469,"4","RPS13"
1.72507193813523e-07,1.26980536381123,0.306,0.125,0.00191431232974867,"4","NUCB2"
2.77508336267842e-07,0.751268177289929,0.472,0.242,0.00307951000756424,"4","GZMM"
3.93624862798281e-07,1.40967098952903,0.287,0.12,0.00436805510247253,"4","RGL4"
5.03644588912321e-07,0.343047342666194,1,0.998,0.00558894400316003,"4","RPSA"
6.5788090225694e-07,0.266083056630513,1,0.997,0.00730050437234526,"4","RPL14"
7.15071269388198e-07,0.876176954802042,0.546,0.313,0.00793514587640083,"4","PIK3IP1"
7.6371514706273e-07,0.278859161475362,1,0.995,0.00847494698695512,"4","RPS16"
8.52356022735818e-07,1.11886640099963,0.361,0.168,0.00945859478429937,"4","AAK1"
1.09395200509145e-06,1.46584645820073,0.259,0.105,0.0121395854004998,"4","ORMDL3"
1.10962929226033e-06,0.268533943783376,1,0.994,0.0123135562562128,"4","RPS25"
1.16058986084429e-06,0.324148778592042,0.991,0.982,0.0128790656857891,"4","RPLP0"
1.37129423896942e-06,0.444094332686918,0.917,0.783,0.0152172521698437,"4","LDHB"
1.5682105221539e-06,1.29849540042224,0.25,0.1,0.0174024321643419,"4","C11orf48"
1.94644122978212e-06,0.702193991865048,0.787,0.559,0.0215996583268922,"4","CD3E"
2.11140504708252e-06,0.759893568351335,0.537,0.317,0.0234302618074747,"4","RSL1D1"
2.50194887294981e-06,0.315282561515941,1,0.997,0.0277641266431241,"4","RPL5"
2.75238387300996e-06,0.252835776921647,1,0.999,0.0305432038387915,"4","RPL27A"
3.6723406660862e-06,1.27925475829212,0.278,0.123,0.0407519643715585,"4","ZFAND1"
3.69860938142664e-06,0.588004940659007,0.991,0.908,0.0410434683056914,"4","RPS4Y1"
4.58205555067466e-06,1.06006296782152,0.343,0.168,0.0508470704458367,"4","CHCHD10"
5.6274611606206e-06,0.275932243221542,1,0.989,0.0624479364994068,"4","RPL4"
6.03532194498169e-06,0.351233130052644,1,0.946,0.0669739676234618,"4","EEF1B2"
6.40641316489113e-06,0.325595275962363,1,1,0.0710919668907969,"4","RPL15"
7.08234599024794e-06,0.795167351872137,0.528,0.333,0.0785927934537814,"4","PRDX2"
7.81530182062417e-06,0.660224503367577,0.63,0.415,0.0867264043034665,"4","ST13"
8.51673455702468e-06,0.256132436265309,1,0.997,0.0945102033793028,"4","RPL10A"
8.71522385506386e-06,0.362733944027805,0.991,0.932,0.0967128391196437,"4","RPL36A"
1.0221261593819e-05,0.252544855654876,1,0.997,0.11342533990661,"4","RPS23"
1.03550262183387e-05,0.794498229351498,0.472,0.282,0.114909725944905,"4","C9orf78"
1.25449299994278e-05,1.04234738017369,0.278,0.128,0.13921108820365,"4","MRPS7"
1.25842591005767e-05,0.71033046766274,0.528,0.34,0.1396475232391,"4","C12orf57"
1.27928940275847e-05,1.1528639957889,0.38,0.205,0.141962745024107,"4","CHMP1B"
2.1330726930636e-05,0.543680598253288,0.639,0.411,0.236707076749267,"4","LCK"
2.24565844824839e-05,0.358340547032479,0.954,0.896,0.249200718002124,"4","NPM1"
2.34914893006021e-05,0.795785533345467,0.519,0.327,0.260685056768781,"4","SRP9"
2.52530301713283e-05,0.61493072676754,0.519,0.308,0.28023287581123,"4","PPA1"
2.62082890973902e-05,0.449471299063562,0.981,0.945,0.290833384113739,"4","MT-CYB"
2.83070531843047e-05,0.905111800026537,0.435,0.259,0.314123369186229,"4","RGCC"
3.18458755421475e-05,0.430321689037577,0.981,0.977,0.35339368089121,"4","MT-ND4"
3.35549404457061e-05,0.745954377393461,0.361,0.193,0.372359174126,"4","ALKBH7"
4.55664094183983e-05,0.396705676506587,0.806,0.579,0.505650445315966,"4","ATP6V1G1"
4.68571748035528e-05,0.436529962963045,0.852,0.689,0.519974068795025,"4","COX7C"
5.9326904616322e-05,0.87246435353654,0.435,0.264,0.658350660527326,"4","TCF7"
7.36008487077835e-05,0.505074728679128,0.657,0.463,0.816748618110274,"4","TMEM123"
7.43508903933613e-05,1.14805282096481,0.269,0.134,0.82507183069513,"4","RCAN3"
8.43807608596868e-05,1.09686153925259,0.259,0.126,0.936373303259945,"4","TRABD2A"
9.80885555985986e-05,0.738661884827105,0.472,0.293,1,"4","LEPROTL1"
9.92456076318659e-05,0.496840924679732,0.731,0.549,1,"4","RPL41"
0.000108772728036997,0.875043078890509,0.769,0.569,1,"4","C6orf48"
0.000118592858328539,0.496034816253754,0.981,0.91,1,"4","BTF3"
0.000124401677515851,1.25520721828996,0.213,0.097,1,"4","PRMT10"
0.000128557523767275,0.882836183813848,0.241,0.114,1,"4","TOB1"
0.000129279953221368,0.991066875229992,0.269,0.134,1,"4","SLC38A1"
0.000165777290953007,0.902417119029211,0.343,0.195,1,"4","IMP3"
0.000169216073750184,0.817655842747649,0.676,0.487,1,"4","NOSIP"
0.00017016514134096,0.945263185616867,0.259,0.128,1,"4","PQBP1"
0.00017901106123017,1.09387768081377,0.25,0.123,1,"4","RP11-51J9.5"
0.000207765280656659,0.650029957394925,0.315,0.171,1,"4","CCNG1"
0.000213546448143539,0.302824571085264,0.907,0.791,1,"4","TMEM66"
0.000214012105239096,1.11036580360234,0.231,0.112,1,"4","SLC25A39"
0.000248960245884999,0.568761375487109,0.611,0.468,1,"4","HSP90AB1"
0.000308312879649851,0.256402770379828,1,0.989,1,"4","RPL7"
0.00033631025814365,0.798826650676219,0.426,0.277,1,"4","FBL"
0.000354011532894466,1.19013822233182,0.204,0.096,1,"4","COA1"
0.000361092952138319,0.465846458200725,0.426,0.259,1,"4","SNHG8"
0.000389021537810785,1.52836294232083,0.231,0.115,1,"4","MRPL52"
0.000389449640461009,0.571377017708258,0.731,0.597,1,"4","EVL"
0.000395059520445305,1.02073399090035,0.546,0.371,1,"4","ACAP1"
0.000491512844667932,0.699261141945419,0.37,0.219,1,"4","CITED2"
0.000570200589190736,0.307517094340523,0.917,0.819,1,"4","RPSAP58"
0.000603038704317913,0.40233121140678,0.463,0.288,1,"4","SLC2A3"
0.000672161586469007,0.268963936521839,1,0.997,1,"4","RPL18"
0.000737361760105863,0.690101142659943,0.315,0.181,1,"4","MED4"
0.000755030527649633,0.714735646782741,0.278,0.157,1,"4","LDLRAP1"
0.000814799899225416,0.922205017085188,0.204,0.099,1,"4","TXK"
0.000870071447824781,0.534115734217754,0.398,0.24,1,"4","TUBA4A"
0.000894267048610314,0.832666010586792,0.259,0.139,1,"4","PSMD9"
0.000907386889481928,0.738612402052293,0.537,0.384,1,"4","EIF3D"
0.000919811023281402,0.845216008766537,0.315,0.191,1,"4","FOXP1"
0.000952695669156329,0.503798701235583,0.722,0.589,1,"4","SNRPD2"
0.00113648891717648,0.794498229351498,0.278,0.155,1,"4","DAP3"
0.00139018020958952,0.418488098964668,0.759,0.615,1,"4","EIF3H"
0.00187841783535715,0.508915180092611,0.352,0.215,1,"4","EIF2S3"
0.00196663474315991,0.492613367763511,0.519,0.37,1,"4","C19orf53"
0.00201621337289801,0.597090991478978,0.361,0.226,1,"4","SEPT6"
0.00211164784390513,0.615023507567012,0.222,0.118,1,"4","ECHS1"
0.00228503599858636,0.327810967246795,0.769,0.582,1,"4","AES"
0.0022921312635557,0.385507469901723,0.806,0.651,1,"4","ATP5L"
0.00243958477355927,0.455910343525885,0.991,0.937,1,"4","BTG1"
0.00244899126280752,0.521952703195356,0.269,0.153,1,"4","NONO"
0.00258357255648449,0.73068762074015,0.343,0.219,1,"4","PRDX6"
0.00281788176744116,0.622252392711794,0.463,0.309,1,"4","DNAJB1"
0.00304810459039711,0.279282749775345,1,0.982,1,"4","RPS20"
0.0030662839911146,0.2822149172727,0.944,0.865,1,"4","RPL22"
0.00307629903074596,0.587256631374403,0.315,0.193,1,"4","CCT7"
0.00326718598887756,0.823122237915921,0.269,0.161,1,"4","OXA1L"
0.00363635352794744,0.441443335583508,0.481,0.343,1,"4","CYTIP"
0.00364465158695065,0.739528108234028,0.231,0.129,1,"4","SH3YL1"
0.0040878312964715,0.538796469752173,0.389,0.254,1,"4","EEF1G"
0.00413084728660828,0.444784842672896,0.222,0.124,1,"4","RIC3"
0.0047534679665842,0.300394933337721,0.602,0.452,1,"4","MT-ND5"
0.00479038054366315,0.793482747476046,0.222,0.126,1,"4","SELM"
0.00532321346548168,0.497330414483833,0.602,0.475,1,"4","ZFAS1"
0.00533474102074073,0.31169333449107,1,0.986,1,"4","EEF1D"
0.00541654601024496,0.822189963220546,0.25,0.15,1,"4","TMEM147"
0.00562339256494019,0.721788066262709,0.259,0.159,1,"4","AMICA1"
0.00580417838234284,0.726054819955756,0.231,0.134,1,"4","TMC8"
0.00596508219840335,0.584490954699345,0.296,0.186,1,"4","CACYBP"
0.0062341401291106,0.332527928020602,0.546,0.406,1,"4","DRAP1"
0.00647881418157587,0.452355005564593,0.5,0.369,1,"4","C1QBP"
0.00649427660989035,0.351597809341102,0.62,0.495,1,"4","UQCR11.1"
0.00665433508758288,0.288931265226885,0.898,0.761,1,"4","SRSF5"
0.00689205582885356,0.656199724635132,0.287,0.18,1,"4","PIM2"
0.00752400642551624,0.882015926969489,0.204,0.117,1,"4","TMEM14C"
0.00774996635420249,0.827091140118866,0.241,0.146,1,"4","MGAT4A"
0.00891470308549473,0.712939320165498,0.231,0.138,1,"4","SUCLG2"
0.00919772138630692,0.680662917141742,0.222,0.132,1,"4","PSMB4"
0.00929057619570637,0.583504496513295,0.324,0.219,1,"4","ADD3"
0.00968858323622709,0.284683759092383,0.944,0.902,1,"4","MT-CO2"
0.00995126900386518,0.295534000051132,0.806,0.62,1,"4","COMMD6"
2.35853393227936e-59,4.50395194736053,0.731,0.039,2.61726510465041e-55,"5","IFIT1"
4.57220946563414e-40,5.6167844435249,0.346,0.011,5.0737808440142e-36,"5","SPATS2L"
1.61513558109602e-35,4.51303651868707,0.5,0.031,1.79231595434226e-31,"5","RTP4"
1.8605555847056e-35,4.26243487094516,0.731,0.074,2.06465853234781e-31,"5","IFIT3"
2.29204344219162e-27,3.97353328418089,1,0.25,2.54348060780004e-23,"5","IFI6"
2.32467401322919e-26,5.227742152779,0.346,0.02,2.57969075248043e-22,"5","OASL"
1.83409796273766e-25,4.40851313043311,0.462,0.038,2.03529850924998e-21,"5","RSAD2"
7.54035015737505e-24,3.28686355788401,0.885,0.18,8.36752656963909e-20,"5","MX1"
7.98875152709192e-24,4.00362505097309,1,0.331,8.86511756961391e-20,"5","ISG15"
8.65637084176264e-22,3.75053583241373,0.846,0.187,9.605974723104e-18,"5","MT2A"
1.26706709321757e-21,4.2609090167142,0.346,0.025,1.40606435334354e-17,"5","HERC5"
4.34665267882652e-18,2.67818498818904,0.692,0.13,4.82348047769379e-14,"5","OAS1"
3.89088853339878e-15,3.6871737714163,0.346,0.037,4.31771900551263e-11,"5","CMPK2"
2.72913550643714e-14,3.58703710013085,0.308,0.031,3.0285216714933e-10,"5","DDX58"
1.30418590772547e-13,2.99846334585731,0.385,0.052,1.44725510180296e-09,"5","ZBP1"
4.42988587353468e-13,1.9996231204156,0.962,0.587,4.91584435386143e-09,"5","LY6E"
6.85654569097235e-13,2.89927121202487,0.577,0.122,7.60870875327202e-09,"5","STAT1"
1.1434536641062e-12,2.92288757125058,0.462,0.078,1.26889053105865e-08,"5","PLSCR1"
1.81143355852424e-12,2.98365466034324,0.462,0.08,2.01014781989435e-08,"5","IFI44"
4.66480505559425e-12,3.29485634863754,0.269,0.029,5.17653417019294e-08,"5","IFIT2"
8.86070027897345e-12,3.36324332361779,0.385,0.06,9.83271909957684e-08,"5","GBP5"
1.07700644535125e-11,3.40851313043311,0.308,0.038,1.19515405240629e-07,"5","HERC6"
3.20451554049617e-11,2.34238471872013,0.462,0.088,3.5560508952886e-07,"5","GBP1"
3.60811988711790e-11,3.04043507310845,0.769,0.239,4.00393063873474e-07,"5","IFI44L"
8.82219105976783e-11,2.86189694136143,0.346,0.051,9.78998541902436e-07,"5","HELZ2"
9.75091001055850e-11,2.74231532560876,0.423,0.076,1.08205848387168e-06,"5","MX2"
1.81120430107844e-10,3.41167001362029,0.538,0.136,2.00989341290674e-06,"5","TNFSF10"
6.19364914141617e-10,1.79038376577675,0.923,0.55,6.87309245222953e-06,"5","ISG20"
6.93988196403818e-10,2.96334220492098,0.385,0.072,7.70118701549317e-06,"5","LGALS3BP"
1.16395817696537e-09,2.4479730623933,0.5,0.122,1.29164438897847e-05,"5","IFI35"
6.75598715515081e-09,2.79944543289468,0.462,0.116,7.49711894607085e-05,"5","EPSTI1"
7.93025252400708e-09,2.20033874985325,0.5,0.12,8.80020122589066e-05,"5","PHF11"
8.98452851752985e-09,1.64775618352187,0.923,0.513,9.97013129590287e-05,"5","IFITM1"
1.32040329908933e-08,2.33292438947106,0.462,0.108,0.000146525154099943,"5","UPP1"
1.89997671215148e-08,1.66751524564583,0.769,0.347,0.00021084041574745,"5","BST2"
4.09695184640399e-08,2.32522999768106,0.385,0.08,0.000454638746395451,"5","LGALS9"
4.14003130890487e-08,1.83410054905286,0.692,0.253,0.000459419274349173,"5","UBE2L6"
6.865740448183e-08,2.54591811280526,0.346,0.069,0.000761891217534868,"5","TMX4"
1.0591279505157e-07,0.605344501110004,1,1,0.00117531428668727,"5","B2M"
1.10349711732506e-07,2.32287072480714,0.346,0.073,0.00122455075109562,"5","SAMD9L"
1.82800434688365e-07,2.70989384791638,0.269,0.047,0.00202853642373678,"5","OAS3"
2.46944901118105e-07,2.10084572867091,0.538,0.17,0.00274034756770761,"5","C19orf66"
2.64093368576782e-07,2.95381943080247,0.269,0.048,0.00293064411109655,"5","ZNFX1"
4.25720545469916e-07,4.14775205460533,0.423,0.109,0.00472422089307966,"5","DYNLT1"
8.75612546012071e-07,2.04692883519395,0.423,0.114,0.00971667242309595,"5","IRF7"
1.05026234826534e-06,1.2073935073872,0.923,0.508,0.0116547612787004,"5","PSMB9"
1.07423667216916e-06,2.31688265496754,0.346,0.08,0.0119208043510611,"5","BATF"
1.25948383001111e-06,2.34185382817471,0.308,0.067,0.0139764920616333,"5","TREX1"
1.41943547930005e-06,1.77653104094667,0.5,0.151,0.0157514755137926,"5","TYMP"
1.75491558708011e-06,2.98365466034324,0.231,0.04,0.019474298269828,"5","TNFSF13B"
2.41512730301639e-06,1.52710462905168,0.846,0.431,0.0268006676815728,"5","SAT1"
3.89739270393174e-06,1.8798188493587,0.5,0.171,0.0432493668355305,"5","CASP1"
6.32507457498351e-06,2.77828082289663,0.615,0.263,0.070189352558592,"5","DNAJA1"
7.92204600334843e-06,2.57864931463813,0.231,0.044,0.0879109444991575,"5","KLHL36"
9.67603757967424e-06,2.12008194753383,0.346,0.091,0.107374989021645,"5","NUB1"
1.00515352824877e-05,1.58563574495424,0.538,0.193,0.111541887029766,"5","RNF213"
1.01924987778229e-05,2.68999429047868,0.231,0.045,0.113106158937501,"5","EHD4"
1.45308063259646e-05,1.9609556120841,0.423,0.137,0.16124835779923,"5","PPM1K"
1.72155597297225e-05,2.51724876997399,0.231,0.046,0.19104106632073,"5","TRIM14"
1.80207306609636e-05,1.08540298300859,0.769,0.392,0.199976048144714,"5","PSMB8"
2.39181646701935e-05,0.525095936814746,1,0.988,0.265419873345137,"5","HLA-A"
2.39445919990399e-05,1.12148815930575,0.731,0.35,0.265713137413346,"5","FYB"
2.87189190271889e-05,1.60454084777016,0.346,0.097,0.318693844444715,"5","NT5C3A"
3.38832436619544e-05,1.86635658955213,0.462,0.17,0.376002354916708,"5","XAF1"
4.3328801124342e-05,0.722620545844837,1,0.927,0.480819706076824,"5","MYL12A"
6.34416344625252e-05,3.34376594911849,0.269,0.07,0.704011817630642,"5","MYD88"
6.68986176345537e-05,2.50477941801177,0.231,0.052,0.742373959890643,"5","PARP12"
7.10044851408205e-05,2.4203872307214,0.231,0.052,0.787936771607685,"5","DAPP1"
7.36539984453991e-05,1.66736923126983,0.423,0.144,0.817338420748594,"5","PTPN2"
7.72728009007536e-05,2.8094295214673,0.231,0.053,0.857496271595663,"5","PARP10"
8.25328022902945e-05,1.54421581757426,0.538,0.233,0.915866507015398,"5","TAP1"
0.000129090042437459,1.6144742828377,0.385,0.13,1,"5","IDH2"
0.000159964599443459,1.37924853592791,0.538,0.245,1,"5","EIF2S2"
0.000168336957116003,1.97292825375018,0.231,0.056,1,"5","DOCK10"
0.000178576100831569,1.49323779612908,0.423,0.15,1,"5","PSMC3"
0.00018299600938202,1.69539427822127,0.346,0.109,1,"5","PHPT1"
0.000326194165962007,1.84089986006639,0.538,0.271,1,"5","TCF7"
0.000353952187698945,1.24146913589051,0.577,0.278,1,"5","SP100"
0.000357497468856592,2.10221127069514,0.231,0.059,1,"5","C6orf62"
0.00040167243659302,2.08726092922917,0.231,0.06,1,"5","CMTM8"
0.000430046143278414,2.16710080143917,0.231,0.062,1,"5","SP140"
0.000433750949158122,0.768310534141705,0.731,0.371,1,"5","CD2"
0.000439544481309769,2.10221127069514,0.231,0.061,1,"5","FLII"
0.000468748566730797,1.06748625114671,0.846,0.541,1,"5","GIMAP7"
0.000470654816470882,1.64460238766466,0.346,0.122,1,"5","RBMS1"
0.000488873303294381,1.78389442936016,0.308,0.099,1,"5","GPI"
0.000498495875365398,1.94121939402284,0.269,0.08,1,"5","SAMSN1"
0.000509518501979356,2.0289622886645,0.231,0.061,1,"5","C1GALT1"
0.000511683863679415,1.34066003825066,0.423,0.159,1,"5","RAB8A"
0.000619145780554821,0.994954560080176,0.615,0.304,1,"5","SUB1"
0.00071305431333141,0.812765827415867,0.923,0.668,1,"5","IFITM2"
0.000776056448099604,1.85991929192099,0.269,0.083,1,"5","FAM133B"
0.000825908220770608,1.10108460524086,0.692,0.475,1,"5","RAN"
0.000897107221069207,0.357316841215711,1,1,1,"5","TMSB4X"
0.000910172469507087,0.483792696925976,1,0.908,1,"5","HLA-E"
0.000981545756465213,1.30692918093811,0.346,0.123,1,"5","RILPL2"
0.00103196611546972,1.526181894744,0.308,0.104,1,"5","MRPL3"
0.00107371210609254,0.970744006488301,0.769,0.508,1,"5","GSTK1"
0.00111352196663692,0.873950251269558,0.654,0.342,1,"5","MCL1"
0.0011676283624544,1.91898944663937,0.231,0.067,1,"5","POLE3"
0.00122653763813361,1.76271054635983,0.385,0.167,1,"5","IFI16"
0.00128879734351074,0.484070521179662,1,0.862,1,"5","UBC"
0.00129599792080237,1.89275790506619,0.231,0.067,1,"5","CHRAC1"
0.00140926038045137,0.826180885756622,0.769,0.472,1,"5","TMEM123"
0.00142683938699997,1.07935031288633,0.5,0.221,1,"5","ATP5EP2"
0.00154455582704576,1.91238671181513,0.346,0.133,1,"5","NMI"
0.00170595143245218,1.1221218136084,0.538,0.263,1,"5","SPOCK2"
0.00171606848731829,1.84168372047192,0.231,0.069,1,"5","NUP107"
0.00172960509072643,1.60680035495228,0.346,0.137,1,"5","ELF1"
0.00191501676437721,0.99424448498727,0.654,0.37,1,"5","C4orf3"
0.0019782604994644,2.13088061352641,0.231,0.073,1,"5","CD4"
0.00204335634654424,1.75053583241373,0.385,0.169,1,"5","CARD16"
0.00226798558280891,1.40261252899342,0.346,0.137,1,"5","MAX"
0.00228117198745882,1.67036548372975,0.269,0.091,1,"5","PRPF18"
0.00230347212044545,0.546485991199084,0.923,0.614,1,"5","CD3D"
0.00241342415218798,1.33402694591822,0.423,0.19,1,"5","TRIM22"
0.00248529777160578,1.42769203134463,0.308,0.112,1,"5","BNIP2"
0.0025092682046103,1.8168090518329,0.231,0.073,1,"5","SART1"
0.00251207799938621,1.69219184618292,0.269,0.094,1,"5","CIR1"
0.00259230314311236,1.10646459853642,0.538,0.27,1,"5","ALOX5AP"
0.00265611406959249,1.12493134719523,0.462,0.21,1,"5","AHNAK"
0.00266879025304464,1.42636113176603,0.346,0.138,1,"5","IKZF1"
0.00270235463780672,1.06561025626003,0.462,0.218,1,"5","NOL7"
0.00281769797372249,1.99717579999685,0.231,0.075,1,"5","TDP2"
0.00281769797372249,1.99717579999685,0.231,0.075,1,"5","MRPL49"
0.00289040187572133,1.37202420916,0.346,0.141,1,"5","CAPG"
0.00321170486911547,1.75053583241373,0.231,0.075,1,"5","HSH2D"
0.00327407524517001,1.31910389488422,0.346,0.138,1,"5","NOP56"
0.00337490652548316,1.58703710013085,0.346,0.148,1,"5","GBP2"
0.00349979344623042,1.64035291466331,0.269,0.097,1,"5","TNRC6B"
0.00376835376823524,1.43450833896605,0.385,0.176,1,"5","YME1L1"
0.00377052549975931,1.56996358677191,0.308,0.125,1,"5","C14orf2"
0.00419278402669811,1.83352519708476,0.692,0.426,1,"5","GIMAP4"
0.00423581845760908,1.34732376853167,0.231,0.076,1,"5","SHARPIN"
0.00435761756972919,0.338634448525409,1,0.999,1,"5","TMSB10"
0.0045564960705195,1.17147393313226,0.423,0.199,1,"5","BAZ1A"
0.00460093945146859,1.06390191379767,0.385,0.169,1,"5","HSPD1"
0.0049497728893872,1.67036548372975,0.231,0.079,1,"5","PHYKPL"
0.005041979899796,1.35056578122383,0.346,0.148,1,"5","COPS5"
0.0052878751526302,0.318604951410149,1,0.996,1,"5","HLA-C"
0.00539923258988037,1.35625689330168,0.346,0.15,1,"5","GLIPR2"
0.00540196076060261,1.21448293217352,0.269,0.099,1,"5","MTERFD2"
0.00563504645063721,1.52667202386061,0.385,0.191,1,"5","CHMP5"
0.00568720109967555,1.05384824913374,0.385,0.168,1,"5","VPS29"
0.00582228513245732,0.961366812041535,0.577,0.358,1,"5","S100A11"
0.00584374032470912,1.77129439258053,0.231,0.081,1,"5","TXNDC9"
0.00600134483866414,0.787896359917656,0.538,0.286,1,"5","XBP1"
0.00605943162049598,1.20112091037167,0.462,0.251,1,"5","ANXA11"
0.00684062046342148,0.945706785015153,0.462,0.221,1,"5","TRAT1"
0.00709486668310861,1.57864931463813,0.231,0.082,1,"5","OBFC1"
0.00717173362416987,2.98819501040349,0.231,0.086,1,"5","FAM104A"
0.00718626865977638,0.748247655818459,0.538,0.268,1,"5","RPL39"
0.00721238449546306,1.32802321257274,0.346,0.154,1,"5","LYSMD2"
0.00739485286867993,1.10503178975752,0.269,0.103,1,"5","BABAM1"
0.00744570982064914,1.77548218954396,0.231,0.084,1,"5","TNFRSF4"
0.00746320568877279,1.4122132992757,0.269,0.103,1,"5","LAGE3"
0.00771128710458991,0.637325221965738,0.615,0.348,1,"5","CYTIP"
0.00784481523498966,1.63189133591511,0.231,0.083,1,"5","ENOPH1"
0.00809642444596942,0.947690962251154,0.5,0.268,1,"5","VDAC2"
0.00821115984323282,1.14285325519249,0.5,0.29,1,"5","RBM8A"
0.0082760583929196,1.2488439508807,0.308,0.127,1,"5","NDUFS3"
0.00889732663863591,0.896445167946105,0.654,0.411,1,"5","DRAP1"
0.00916715569145007,1.526181894744,0.269,0.108,1,"5","IRF3"
0.00938061249291561,1.46800525095414,0.231,0.084,1,"5","ZNF394"
0.009501819945504,1.08540298300859,0.269,0.106,1,"5","GIT2"
0.00950556661334177,1.47231502276526,0.269,0.108,1,"5","TUBB4B"
0.00970398699975438,1.17568464765986,0.423,0.215,1,"5","NOP10"
